[2026-08-15T00:41:20.878+0000] {processor.py:161} INFO - Started process (PID=1097) to work on /opt/airflow/dags/daily_scrape_and_load.py
[2026-08-15T00:41:20.895+0000] {processor.py:830} INFO - Processing file /opt/airflow/dags/daily_scrape_and_load.py for tasks to queue
[2026-08-15T00:41:20.906+0000] {logging_mixin.py:188} INFO - [2026-08-15T00:41:20.905+0000] {dagbag.py:545} INFO - Filling up the DagBag from /opt/airflow/dags/daily_scrape_and_load.py
[2026-08-15T00:41:23.638+0000] {processor.py:840} INFO - DAG(s) 'daily_scrape_and_load' retrieved from /opt/airflow/dags/daily_scrape_and_load.py
[2026-08-15T00:41:23.760+0000] {logging_mixin.py:188} INFO - [2026-08-15T00:41:23.759+0000] {dag.py:3096} INFO - Sync 1 DAGs
[2026-08-15T00:41:23.833+0000] {logging_mixin.py:188} INFO - [2026-08-15T00:41:23.832+0000] {dag.py:3954} INFO - Setting next_dagrun for daily_scrape_and_load to 2026-08-15 00:00:00+00:00, run_after=2026-08-16 00:00:00+00:00
[2026-08-15T00:41:23.906+0000] {processor.py:183} INFO - Processing /opt/airflow/dags/daily_scrape_and_load.py took 3.077 seconds
[2026-08-15T00:41:54.186+0000] {processor.py:161} INFO - Started process (PID=1106) to work on /opt/airflow/dags/daily_scrape_and_load.py
[2026-08-15T00:41:54.187+0000] {processor.py:830} INFO - Processing file /opt/airflow/dags/daily_scrape_and_load.py for tasks to queue
[2026-08-15T00:41:54.189+0000] {logging_mixin.py:188} INFO - [2026-08-15T00:41:54.188+0000] {dagbag.py:545} INFO - Filling up the DagBag from /opt/airflow/dags/daily_scrape_and_load.py
[2026-08-15T00:41:54.736+0000] {processor.py:840} INFO - DAG(s) 'daily_scrape_and_load' retrieved from /opt/airflow/dags/daily_scrape_and_load.py
[2026-08-15T00:41:54.763+0000] {logging_mixin.py:188} INFO - [2026-08-15T00:41:54.763+0000] {dag.py:3096} INFO - Sync 1 DAGs
[2026-08-15T00:41:54.782+0000] {logging_mixin.py:188} INFO - [2026-08-15T00:41:54.782+0000] {dag.py:3954} INFO - Setting next_dagrun for daily_scrape_and_load to 2026-08-15 00:00:00+00:00, run_after=2026-08-16 00:00:00+00:00
[2026-08-15T00:41:54.805+0000] {processor.py:183} INFO - Processing /opt/airflow/dags/daily_scrape_and_load.py took 0.627 seconds
[2026-08-15T00:42:25.017+0000] {processor.py:161} INFO - Started process (PID=1112) to work on /opt/airflow/dags/daily_scrape_and_load.py
[2026-08-15T00:42:25.017+0000] {processor.py:830} INFO - Processing file /opt/airflow/dags/daily_scrape_and_load.py for tasks to queue
[2026-08-15T00:42:25.018+0000] {logging_mixin.py:188} INFO - [2026-08-15T00:42:25.018+0000] {dagbag.py:545} INFO - Filling up the DagBag from /opt/airflow/dags/daily_scrape_and_load.py
[2026-08-15T00:42:25.550+0000] {processor.py:840} INFO - DAG(s) 'daily_scrape_and_load' retrieved from /opt/airflow/dags/daily_scrape_and_load.py
[2026-08-15T00:42:25.590+0000] {logging_mixin.py:188} INFO - [2026-08-15T00:42:25.589+0000] {dag.py:3096} INFO - Sync 1 DAGs
[2026-08-15T00:42:25.616+0000] {logging_mixin.py:188} INFO - [2026-08-15T00:42:25.616+0000] {dag.py:3954} INFO - Setting next_dagrun for daily_scrape_and_load to 2026-08-15 00:00:00+00:00, run_after=2026-08-16 00:00:00+00:00
[2026-08-15T00:42:25.642+0000] {processor.py:183} INFO - Processing /opt/airflow/dags/daily_scrape_and_load.py took 0.632 seconds
[2026-08-15T00:42:56.007+0000] {processor.py:161} INFO - Started process (PID=1118) to work on /opt/airflow/dags/daily_scrape_and_load.py
[2026-08-15T00:42:56.010+0000] {processor.py:830} INFO - Processing file /opt/airflow/dags/daily_scrape_and_load.py for tasks to queue
[2026-08-15T00:42:56.015+0000] {logging_mixin.py:188} INFO - [2026-08-15T00:42:56.013+0000] {dagbag.py:545} INFO - Filling up the DagBag from /opt/airflow/dags/daily_scrape_and_load.py
[2026-08-15T00:42:57.328+0000] {processor.py:840} INFO - DAG(s) 'daily_scrape_and_load' retrieved from /opt/airflow/dags/daily_scrape_and_load.py
[2026-08-15T00:42:57.471+0000] {logging_mixin.py:188} INFO - [2026-08-15T00:42:57.470+0000] {dag.py:3096} INFO - Sync 1 DAGs
[2026-08-15T00:42:57.565+0000] {logging_mixin.py:188} INFO - [2026-08-15T00:42:57.564+0000] {dag.py:3954} INFO - Setting next_dagrun for daily_scrape_and_load to 2026-08-15 00:00:00+00:00, run_after=2026-08-16 00:00:00+00:00
[2026-08-15T00:42:57.625+0000] {processor.py:183} INFO - Processing /opt/airflow/dags/daily_scrape_and_load.py took 1.648 seconds
[2026-08-15T00:43:28.126+0000] {processor.py:161} INFO - Started process (PID=1124) to work on /opt/airflow/dags/daily_scrape_and_load.py
[2026-08-15T00:43:28.128+0000] {processor.py:830} INFO - Processing file /opt/airflow/dags/daily_scrape_and_load.py for tasks to queue
[2026-08-15T00:43:28.131+0000] {logging_mixin.py:188} INFO - [2026-08-15T00:43:28.130+0000] {dagbag.py:545} INFO - Filling up the DagBag from /opt/airflow/dags/daily_scrape_and_load.py
[2026-08-15T00:43:29.493+0000] {processor.py:840} INFO - DAG(s) 'daily_scrape_and_load' retrieved from /opt/airflow/dags/daily_scrape_and_load.py
[2026-08-15T00:43:29.556+0000] {logging_mixin.py:188} INFO - [2026-08-15T00:43:29.555+0000] {dag.py:3096} INFO - Sync 1 DAGs
[2026-08-15T00:43:29.595+0000] {logging_mixin.py:188} INFO - [2026-08-15T00:43:29.594+0000] {dag.py:3954} INFO - Setting next_dagrun for daily_scrape_and_load to 2026-08-15 00:00:00+00:00, run_after=2026-08-16 00:00:00+00:00
[2026-08-15T00:43:29.631+0000] {processor.py:183} INFO - Processing /opt/airflow/dags/daily_scrape_and_load.py took 1.545 seconds
[2026-08-15T00:44:00.242+0000] {processor.py:161} INFO - Started process (PID=1130) to work on /opt/airflow/dags/daily_scrape_and_load.py
[2026-08-15T00:44:00.246+0000] {processor.py:830} INFO - Processing file /opt/airflow/dags/daily_scrape_and_load.py for tasks to queue
[2026-08-15T00:44:00.251+0000] {logging_mixin.py:188} INFO - [2026-08-15T00:44:00.249+0000] {dagbag.py:545} INFO - Filling up the DagBag from /opt/airflow/dags/daily_scrape_and_load.py
[2026-08-15T00:44:01.896+0000] {processor.py:840} INFO - DAG(s) 'daily_scrape_and_load' retrieved from /opt/airflow/dags/daily_scrape_and_load.py
[2026-08-15T00:44:02.001+0000] {logging_mixin.py:188} INFO - [2026-08-15T00:44:02.000+0000] {dag.py:3096} INFO - Sync 1 DAGs
[2026-08-15T00:44:02.076+0000] {logging_mixin.py:188} INFO - [2026-08-15T00:44:02.075+0000] {dag.py:3954} INFO - Setting next_dagrun for daily_scrape_and_load to 2026-08-15 00:00:00+00:00, run_after=2026-08-16 00:00:00+00:00
[2026-08-15T00:44:02.147+0000] {processor.py:183} INFO - Processing /opt/airflow/dags/daily_scrape_and_load.py took 1.936 seconds
[2026-08-15T00:44:32.678+0000] {processor.py:161} INFO - Started process (PID=1136) to work on /opt/airflow/dags/daily_scrape_and_load.py
[2026-08-15T00:44:32.681+0000] {processor.py:830} INFO - Processing file /opt/airflow/dags/daily_scrape_and_load.py for tasks to queue
[2026-08-15T00:44:32.686+0000] {logging_mixin.py:188} INFO - [2026-08-15T00:44:32.685+0000] {dagbag.py:545} INFO - Filling up the DagBag from /opt/airflow/dags/daily_scrape_and_load.py
[2026-08-15T00:44:34.128+0000] {processor.py:840} INFO - DAG(s) 'daily_scrape_and_load' retrieved from /opt/airflow/dags/daily_scrape_and_load.py
[2026-08-15T00:44:34.240+0000] {logging_mixin.py:188} INFO - [2026-08-15T00:44:34.239+0000] {dag.py:3096} INFO - Sync 1 DAGs
[2026-08-15T00:44:34.315+0000] {logging_mixin.py:188} INFO - [2026-08-15T00:44:34.314+0000] {dag.py:3954} INFO - Setting next_dagrun for daily_scrape_and_load to 2026-08-15 00:00:00+00:00, run_after=2026-08-16 00:00:00+00:00
[2026-08-15T00:44:34.383+0000] {processor.py:183} INFO - Processing /opt/airflow/dags/daily_scrape_and_load.py took 1.738 seconds
[2026-08-15T00:45:05.002+0000] {processor.py:161} INFO - Started process (PID=1142) to work on /opt/airflow/dags/daily_scrape_and_load.py
[2026-08-15T00:45:05.005+0000] {processor.py:830} INFO - Processing file /opt/airflow/dags/daily_scrape_and_load.py for tasks to queue
[2026-08-15T00:45:05.009+0000] {logging_mixin.py:188} INFO - [2026-08-15T00:45:05.007+0000] {dagbag.py:545} INFO - Filling up the DagBag from /opt/airflow/dags/daily_scrape_and_load.py
[2026-08-15T00:45:06.224+0000] {processor.py:840} INFO - DAG(s) 'daily_scrape_and_load' retrieved from /opt/airflow/dags/daily_scrape_and_load.py
[2026-08-15T00:45:06.336+0000] {logging_mixin.py:188} INFO - [2026-08-15T00:45:06.335+0000] {dag.py:3096} INFO - Sync 1 DAGs
[2026-08-15T00:45:06.425+0000] {logging_mixin.py:188} INFO - [2026-08-15T00:45:06.424+0000] {dag.py:3954} INFO - Setting next_dagrun for daily_scrape_and_load to 2026-08-15 00:00:00+00:00, run_after=2026-08-16 00:00:00+00:00
[2026-08-15T00:45:06.512+0000] {processor.py:183} INFO - Processing /opt/airflow/dags/daily_scrape_and_load.py took 1.535 seconds
[2026-08-15T00:45:37.021+0000] {processor.py:161} INFO - Started process (PID=1148) to work on /opt/airflow/dags/daily_scrape_and_load.py
[2026-08-15T00:45:37.022+0000] {processor.py:830} INFO - Processing file /opt/airflow/dags/daily_scrape_and_load.py for tasks to queue
[2026-08-15T00:45:37.023+0000] {logging_mixin.py:188} INFO - [2026-08-15T00:45:37.023+0000] {dagbag.py:545} INFO - Filling up the DagBag from /opt/airflow/dags/daily_scrape_and_load.py
[2026-08-15T00:45:38.009+0000] {processor.py:840} INFO - DAG(s) 'daily_scrape_and_load' retrieved from /opt/airflow/dags/daily_scrape_and_load.py
[2026-08-15T00:45:38.098+0000] {logging_mixin.py:188} INFO - [2026-08-15T00:45:38.097+0000] {dag.py:3096} INFO - Sync 1 DAGs
[2026-08-15T00:45:38.169+0000] {logging_mixin.py:188} INFO - [2026-08-15T00:45:38.168+0000] {dag.py:3954} INFO - Setting next_dagrun for daily_scrape_and_load to 2026-08-15 00:00:00+00:00, run_after=2026-08-16 00:00:00+00:00
[2026-08-15T00:45:38.234+0000] {processor.py:183} INFO - Processing /opt/airflow/dags/daily_scrape_and_load.py took 1.223 seconds
[2026-08-15T00:46:08.437+0000] {processor.py:161} INFO - Started process (PID=1154) to work on /opt/airflow/dags/daily_scrape_and_load.py
[2026-08-15T00:46:08.438+0000] {processor.py:830} INFO - Processing file /opt/airflow/dags/daily_scrape_and_load.py for tasks to queue
[2026-08-15T00:46:08.440+0000] {logging_mixin.py:188} INFO - [2026-08-15T00:46:08.439+0000] {dagbag.py:545} INFO - Filling up the DagBag from /opt/airflow/dags/daily_scrape_and_load.py
[2026-08-15T00:46:09.227+0000] {processor.py:840} INFO - DAG(s) 'daily_scrape_and_load' retrieved from /opt/airflow/dags/daily_scrape_and_load.py
[2026-08-15T00:46:09.267+0000] {logging_mixin.py:188} INFO - [2026-08-15T00:46:09.267+0000] {dag.py:3096} INFO - Sync 1 DAGs
[2026-08-15T00:46:09.295+0000] {logging_mixin.py:188} INFO - [2026-08-15T00:46:09.294+0000] {dag.py:3954} INFO - Setting next_dagrun for daily_scrape_and_load to 2026-08-15 00:00:00+00:00, run_after=2026-08-16 00:00:00+00:00
[2026-08-15T00:46:09.322+0000] {processor.py:183} INFO - Processing /opt/airflow/dags/daily_scrape_and_load.py took 0.893 seconds
[2026-08-15T00:46:40.053+0000] {processor.py:161} INFO - Started process (PID=1163) to work on /opt/airflow/dags/daily_scrape_and_load.py
[2026-08-15T00:46:40.056+0000] {processor.py:830} INFO - Processing file /opt/airflow/dags/daily_scrape_and_load.py for tasks to queue
[2026-08-15T00:46:40.061+0000] {logging_mixin.py:188} INFO - [2026-08-15T00:46:40.059+0000] {dagbag.py:545} INFO - Filling up the DagBag from /opt/airflow/dags/daily_scrape_and_load.py
[2026-08-15T00:46:41.083+0000] {processor.py:840} INFO - DAG(s) 'daily_scrape_and_load' retrieved from /opt/airflow/dags/daily_scrape_and_load.py
[2026-08-15T00:46:41.123+0000] {logging_mixin.py:188} INFO - [2026-08-15T00:46:41.123+0000] {dag.py:3096} INFO - Sync 1 DAGs
[2026-08-15T00:46:41.153+0000] {logging_mixin.py:188} INFO - [2026-08-15T00:46:41.152+0000] {dag.py:3954} INFO - Setting next_dagrun for daily_scrape_and_load to 2026-08-15 00:00:00+00:00, run_after=2026-08-16 00:00:00+00:00
[2026-08-15T00:46:41.186+0000] {processor.py:183} INFO - Processing /opt/airflow/dags/daily_scrape_and_load.py took 1.168 seconds
[2026-08-15T00:47:11.593+0000] {processor.py:161} INFO - Started process (PID=1169) to work on /opt/airflow/dags/daily_scrape_and_load.py
[2026-08-15T00:47:11.596+0000] {processor.py:830} INFO - Processing file /opt/airflow/dags/daily_scrape_and_load.py for tasks to queue
[2026-08-15T00:47:11.601+0000] {logging_mixin.py:188} INFO - [2026-08-15T00:47:11.599+0000] {dagbag.py:545} INFO - Filling up the DagBag from /opt/airflow/dags/daily_scrape_and_load.py
[2026-08-15T00:47:13.068+0000] {processor.py:840} INFO - DAG(s) 'daily_scrape_and_load' retrieved from /opt/airflow/dags/daily_scrape_and_load.py
[2026-08-15T00:47:13.116+0000] {logging_mixin.py:188} INFO - [2026-08-15T00:47:13.116+0000] {dag.py:3096} INFO - Sync 1 DAGs
[2026-08-15T00:47:13.146+0000] {logging_mixin.py:188} INFO - [2026-08-15T00:47:13.145+0000] {dag.py:3954} INFO - Setting next_dagrun for daily_scrape_and_load to 2026-08-15 00:00:00+00:00, run_after=2026-08-16 00:00:00+00:00
[2026-08-15T00:47:13.177+0000] {processor.py:183} INFO - Processing /opt/airflow/dags/daily_scrape_and_load.py took 1.609 seconds
[2026-08-15T00:47:43.679+0000] {processor.py:161} INFO - Started process (PID=1175) to work on /opt/airflow/dags/daily_scrape_and_load.py
[2026-08-15T00:47:43.680+0000] {processor.py:830} INFO - Processing file /opt/airflow/dags/daily_scrape_and_load.py for tasks to queue
[2026-08-15T00:47:43.682+0000] {logging_mixin.py:188} INFO - [2026-08-15T00:47:43.682+0000] {dagbag.py:545} INFO - Filling up the DagBag from /opt/airflow/dags/daily_scrape_and_load.py
[2026-08-15T00:47:45.088+0000] {processor.py:840} INFO - DAG(s) 'daily_scrape_and_load' retrieved from /opt/airflow/dags/daily_scrape_and_load.py
[2026-08-15T00:47:45.156+0000] {logging_mixin.py:188} INFO - [2026-08-15T00:47:45.156+0000] {dag.py:3096} INFO - Sync 1 DAGs
[2026-08-15T00:47:45.206+0000] {logging_mixin.py:188} INFO - [2026-08-15T00:47:45.206+0000] {dag.py:3954} INFO - Setting next_dagrun for daily_scrape_and_load to 2026-08-15 00:00:00+00:00, run_after=2026-08-16 00:00:00+00:00
[2026-08-15T00:47:45.253+0000] {processor.py:183} INFO - Processing /opt/airflow/dags/daily_scrape_and_load.py took 1.587 seconds
[2026-08-15T00:48:15.512+0000] {processor.py:161} INFO - Started process (PID=1181) to work on /opt/airflow/dags/daily_scrape_and_load.py
[2026-08-15T00:48:15.515+0000] {processor.py:830} INFO - Processing file /opt/airflow/dags/daily_scrape_and_load.py for tasks to queue
[2026-08-15T00:48:15.520+0000] {logging_mixin.py:188} INFO - [2026-08-15T00:48:15.519+0000] {dagbag.py:545} INFO - Filling up the DagBag from /opt/airflow/dags/daily_scrape_and_load.py
[2026-08-15T00:48:16.933+0000] {processor.py:840} INFO - DAG(s) 'daily_scrape_and_load' retrieved from /opt/airflow/dags/daily_scrape_and_load.py
[2026-08-15T00:48:17.004+0000] {logging_mixin.py:188} INFO - [2026-08-15T00:48:17.003+0000] {dag.py:3096} INFO - Sync 1 DAGs
[2026-08-15T00:48:17.058+0000] {logging_mixin.py:188} INFO - [2026-08-15T00:48:17.058+0000] {dag.py:3954} INFO - Setting next_dagrun for daily_scrape_and_load to 2026-08-15 00:00:00+00:00, run_after=2026-08-16 00:00:00+00:00
[2026-08-15T00:48:17.103+0000] {processor.py:183} INFO - Processing /opt/airflow/dags/daily_scrape_and_load.py took 1.621 seconds
[2026-08-15T00:48:47.671+0000] {processor.py:161} INFO - Started process (PID=1187) to work on /opt/airflow/dags/daily_scrape_and_load.py
[2026-08-15T00:48:47.674+0000] {processor.py:830} INFO - Processing file /opt/airflow/dags/daily_scrape_and_load.py for tasks to queue
[2026-08-15T00:48:47.679+0000] {logging_mixin.py:188} INFO - [2026-08-15T00:48:47.677+0000] {dagbag.py:545} INFO - Filling up the DagBag from /opt/airflow/dags/daily_scrape_and_load.py
[2026-08-15T00:48:49.068+0000] {processor.py:840} INFO - DAG(s) 'daily_scrape_and_load' retrieved from /opt/airflow/dags/daily_scrape_and_load.py
[2026-08-15T00:48:49.139+0000] {logging_mixin.py:188} INFO - [2026-08-15T00:48:49.138+0000] {dag.py:3096} INFO - Sync 1 DAGs
[2026-08-15T00:48:49.189+0000] {logging_mixin.py:188} INFO - [2026-08-15T00:48:49.189+0000] {dag.py:3954} INFO - Setting next_dagrun for daily_scrape_and_load to 2026-08-15 00:00:00+00:00, run_after=2026-08-16 00:00:00+00:00
[2026-08-15T00:48:49.233+0000] {processor.py:183} INFO - Processing /opt/airflow/dags/daily_scrape_and_load.py took 1.588 seconds
[2026-08-15T00:49:19.654+0000] {processor.py:161} INFO - Started process (PID=1193) to work on /opt/airflow/dags/daily_scrape_and_load.py
[2026-08-15T00:49:19.657+0000] {processor.py:830} INFO - Processing file /opt/airflow/dags/daily_scrape_and_load.py for tasks to queue
[2026-08-15T00:49:19.661+0000] {logging_mixin.py:188} INFO - [2026-08-15T00:49:19.660+0000] {dagbag.py:545} INFO - Filling up the DagBag from /opt/airflow/dags/daily_scrape_and_load.py
[2026-08-15T00:49:21.024+0000] {processor.py:840} INFO - DAG(s) 'daily_scrape_and_load' retrieved from /opt/airflow/dags/daily_scrape_and_load.py
[2026-08-15T00:49:21.094+0000] {logging_mixin.py:188} INFO - [2026-08-15T00:49:21.094+0000] {dag.py:3096} INFO - Sync 1 DAGs
[2026-08-15T00:49:21.142+0000] {logging_mixin.py:188} INFO - [2026-08-15T00:49:21.141+0000] {dag.py:3954} INFO - Setting next_dagrun for daily_scrape_and_load to 2026-08-15 00:00:00+00:00, run_after=2026-08-16 00:00:00+00:00
[2026-08-15T00:49:21.185+0000] {processor.py:183} INFO - Processing /opt/airflow/dags/daily_scrape_and_load.py took 1.561 seconds
[2026-08-15T00:49:51.777+0000] {processor.py:161} INFO - Started process (PID=1199) to work on /opt/airflow/dags/daily_scrape_and_load.py
[2026-08-15T00:49:51.780+0000] {processor.py:830} INFO - Processing file /opt/airflow/dags/daily_scrape_and_load.py for tasks to queue
[2026-08-15T00:49:51.784+0000] {logging_mixin.py:188} INFO - [2026-08-15T00:49:51.783+0000] {dagbag.py:545} INFO - Filling up the DagBag from /opt/airflow/dags/daily_scrape_and_load.py
[2026-08-15T00:49:53.159+0000] {processor.py:840} INFO - DAG(s) 'daily_scrape_and_load' retrieved from /opt/airflow/dags/daily_scrape_and_load.py
[2026-08-15T00:49:53.265+0000] {logging_mixin.py:188} INFO - [2026-08-15T00:49:53.264+0000] {dag.py:3096} INFO - Sync 1 DAGs
[2026-08-15T00:49:53.340+0000] {logging_mixin.py:188} INFO - [2026-08-15T00:49:53.339+0000] {dag.py:3954} INFO - Setting next_dagrun for daily_scrape_and_load to 2026-08-15 00:00:00+00:00, run_after=2026-08-16 00:00:00+00:00
[2026-08-15T00:49:53.409+0000] {processor.py:183} INFO - Processing /opt/airflow/dags/daily_scrape_and_load.py took 1.658 seconds
[2026-08-15T00:50:23.604+0000] {processor.py:161} INFO - Started process (PID=1205) to work on /opt/airflow/dags/daily_scrape_and_load.py
[2026-08-15T00:50:23.607+0000] {processor.py:830} INFO - Processing file /opt/airflow/dags/daily_scrape_and_load.py for tasks to queue
[2026-08-15T00:50:23.610+0000] {logging_mixin.py:188} INFO - [2026-08-15T00:50:23.609+0000] {dagbag.py:545} INFO - Filling up the DagBag from /opt/airflow/dags/daily_scrape_and_load.py
[2026-08-15T00:50:24.785+0000] {processor.py:840} INFO - DAG(s) 'daily_scrape_and_load' retrieved from /opt/airflow/dags/daily_scrape_and_load.py
[2026-08-15T00:50:24.876+0000] {logging_mixin.py:188} INFO - [2026-08-15T00:50:24.875+0000] {dag.py:3096} INFO - Sync 1 DAGs
[2026-08-15T00:50:24.934+0000] {logging_mixin.py:188} INFO - [2026-08-15T00:50:24.934+0000] {dag.py:3954} INFO - Setting next_dagrun for daily_scrape_and_load to 2026-08-15 00:00:00+00:00, run_after=2026-08-16 00:00:00+00:00
[2026-08-15T00:50:24.991+0000] {processor.py:183} INFO - Processing /opt/airflow/dags/daily_scrape_and_load.py took 1.409 seconds
[2026-08-15T01:03:24.635+0000] {processor.py:161} INFO - Started process (PID=1213) to work on /opt/airflow/dags/daily_scrape_and_load.py
[2026-08-15T01:03:24.637+0000] {processor.py:830} INFO - Processing file /opt/airflow/dags/daily_scrape_and_load.py for tasks to queue
[2026-08-15T01:03:24.640+0000] {logging_mixin.py:188} INFO - [2026-08-15T01:03:24.639+0000] {dagbag.py:545} INFO - Filling up the DagBag from /opt/airflow/dags/daily_scrape_and_load.py
[2026-08-15T01:03:26.064+0000] {processor.py:840} INFO - DAG(s) 'daily_scrape_and_load' retrieved from /opt/airflow/dags/daily_scrape_and_load.py
[2026-08-15T01:03:26.125+0000] {logging_mixin.py:188} INFO - [2026-08-15T01:03:26.125+0000] {dag.py:3096} INFO - Sync 1 DAGs
[2026-08-15T01:03:26.167+0000] {logging_mixin.py:188} INFO - [2026-08-15T01:03:26.166+0000] {dag.py:3954} INFO - Setting next_dagrun for daily_scrape_and_load to 2026-08-15 00:00:00+00:00, run_after=2026-08-16 00:00:00+00:00
[2026-08-15T01:03:26.207+0000] {processor.py:183} INFO - Processing /opt/airflow/dags/daily_scrape_and_load.py took 1.590 seconds
[2026-08-15T02:08:04.887+0000] {processor.py:161} INFO - Started process (PID=1220) to work on /opt/airflow/dags/daily_scrape_and_load.py
[2026-08-15T02:08:04.892+0000] {processor.py:830} INFO - Processing file /opt/airflow/dags/daily_scrape_and_load.py for tasks to queue
[2026-08-15T02:08:04.896+0000] {logging_mixin.py:188} INFO - [2026-08-15T02:08:04.895+0000] {dagbag.py:545} INFO - Filling up the DagBag from /opt/airflow/dags/daily_scrape_and_load.py
[2026-08-15T02:08:06.827+0000] {processor.py:840} INFO - DAG(s) 'daily_scrape_and_load' retrieved from /opt/airflow/dags/daily_scrape_and_load.py
[2026-08-15T02:08:06.896+0000] {logging_mixin.py:188} INFO - [2026-08-15T02:08:06.896+0000] {dag.py:3096} INFO - Sync 1 DAGs
[2026-08-15T02:08:06.948+0000] {logging_mixin.py:188} INFO - [2026-08-15T02:08:06.948+0000] {dag.py:3954} INFO - Setting next_dagrun for daily_scrape_and_load to 2026-08-15 00:00:00+00:00, run_after=2026-08-16 00:00:00+00:00
[2026-08-15T02:08:06.995+0000] {processor.py:183} INFO - Processing /opt/airflow/dags/daily_scrape_and_load.py took 2.148 seconds
[2026-08-15T15:04:02.711+0000] {processor.py:161} INFO - Started process (PID=1226) to work on /opt/airflow/dags/daily_scrape_and_load.py
[2026-08-15T15:04:02.713+0000] {processor.py:830} INFO - Processing file /opt/airflow/dags/daily_scrape_and_load.py for tasks to queue
[2026-08-15T15:04:02.720+0000] {logging_mixin.py:188} INFO - [2026-08-15T15:04:02.719+0000] {dagbag.py:545} INFO - Filling up the DagBag from /opt/airflow/dags/daily_scrape_and_load.py
[2026-08-15T15:04:06.030+0000] {processor.py:840} INFO - DAG(s) 'daily_scrape_and_load' retrieved from /opt/airflow/dags/daily_scrape_and_load.py
[2026-08-15T15:04:06.197+0000] {logging_mixin.py:188} INFO - [2026-08-15T15:04:06.196+0000] {dag.py:3096} INFO - Sync 1 DAGs
[2026-08-15T15:04:06.380+0000] {logging_mixin.py:188} INFO - [2026-08-15T15:04:06.368+0000] {dag.py:3954} INFO - Setting next_dagrun for daily_scrape_and_load to 2026-08-15 00:00:00+00:00, run_after=2026-08-16 00:00:00+00:00
[2026-08-15T15:04:06.496+0000] {processor.py:183} INFO - Processing /opt/airflow/dags/daily_scrape_and_load.py took 3.820 seconds
[2026-08-15T15:04:37.472+0000] {processor.py:161} INFO - Started process (PID=1232) to work on /opt/airflow/dags/daily_scrape_and_load.py
[2026-08-15T15:04:37.475+0000] {processor.py:830} INFO - Processing file /opt/airflow/dags/daily_scrape_and_load.py for tasks to queue
[2026-08-15T15:04:37.479+0000] {logging_mixin.py:188} INFO - [2026-08-15T15:04:37.478+0000] {dagbag.py:545} INFO - Filling up the DagBag from /opt/airflow/dags/daily_scrape_and_load.py
[2026-08-15T15:04:40.109+0000] {processor.py:840} INFO - DAG(s) 'daily_scrape_and_load' retrieved from /opt/airflow/dags/daily_scrape_and_load.py
[2026-08-15T15:04:40.270+0000] {logging_mixin.py:188} INFO - [2026-08-15T15:04:40.268+0000] {dag.py:3096} INFO - Sync 1 DAGs
[2026-08-15T15:04:40.380+0000] {logging_mixin.py:188} INFO - [2026-08-15T15:04:40.379+0000] {dag.py:3954} INFO - Setting next_dagrun for daily_scrape_and_load to 2026-08-15 00:00:00+00:00, run_after=2026-08-16 00:00:00+00:00
[2026-08-15T15:04:40.461+0000] {processor.py:183} INFO - Processing /opt/airflow/dags/daily_scrape_and_load.py took 3.009 seconds
[2026-08-15T15:05:10.903+0000] {processor.py:161} INFO - Started process (PID=1238) to work on /opt/airflow/dags/daily_scrape_and_load.py
[2026-08-15T15:05:10.905+0000] {processor.py:830} INFO - Processing file /opt/airflow/dags/daily_scrape_and_load.py for tasks to queue
[2026-08-15T15:05:10.907+0000] {logging_mixin.py:188} INFO - [2026-08-15T15:05:10.907+0000] {dagbag.py:545} INFO - Filling up the DagBag from /opt/airflow/dags/daily_scrape_and_load.py
[2026-08-15T15:05:13.802+0000] {processor.py:840} INFO - DAG(s) 'daily_scrape_and_load' retrieved from /opt/airflow/dags/daily_scrape_and_load.py
[2026-08-15T15:05:13.868+0000] {logging_mixin.py:188} INFO - [2026-08-15T15:05:13.867+0000] {dag.py:3096} INFO - Sync 1 DAGs
[2026-08-15T15:05:13.918+0000] {logging_mixin.py:188} INFO - [2026-08-15T15:05:13.918+0000] {dag.py:3954} INFO - Setting next_dagrun for daily_scrape_and_load to 2026-08-15 00:00:00+00:00, run_after=2026-08-16 00:00:00+00:00
[2026-08-15T15:05:13.989+0000] {processor.py:183} INFO - Processing /opt/airflow/dags/daily_scrape_and_load.py took 3.113 seconds
[2026-08-15T15:05:44.609+0000] {processor.py:161} INFO - Started process (PID=1244) to work on /opt/airflow/dags/daily_scrape_and_load.py
[2026-08-15T15:05:44.613+0000] {processor.py:830} INFO - Processing file /opt/airflow/dags/daily_scrape_and_load.py for tasks to queue
[2026-08-15T15:05:44.619+0000] {logging_mixin.py:188} INFO - [2026-08-15T15:05:44.617+0000] {dagbag.py:545} INFO - Filling up the DagBag from /opt/airflow/dags/daily_scrape_and_load.py
[2026-08-15T15:05:50.971+0000] {processor.py:840} INFO - DAG(s) 'daily_scrape_and_load' retrieved from /opt/airflow/dags/daily_scrape_and_load.py
[2026-08-15T15:05:51.634+0000] {logging_mixin.py:188} INFO - [2026-08-15T15:05:51.631+0000] {dag.py:3096} INFO - Sync 1 DAGs
[2026-08-15T15:05:51.748+0000] {logging_mixin.py:188} INFO - [2026-08-15T15:05:51.747+0000] {dag.py:3954} INFO - Setting next_dagrun for daily_scrape_and_load to 2026-08-15 00:00:00+00:00, run_after=2026-08-16 00:00:00+00:00
[2026-08-15T15:05:51.823+0000] {processor.py:183} INFO - Processing /opt/airflow/dags/daily_scrape_and_load.py took 7.284 seconds
[2026-08-15T15:06:22.958+0000] {processor.py:161} INFO - Started process (PID=1250) to work on /opt/airflow/dags/daily_scrape_and_load.py
[2026-08-15T15:06:22.964+0000] {processor.py:830} INFO - Processing file /opt/airflow/dags/daily_scrape_and_load.py for tasks to queue
[2026-08-15T15:06:22.972+0000] {logging_mixin.py:188} INFO - [2026-08-15T15:06:22.969+0000] {dagbag.py:545} INFO - Filling up the DagBag from /opt/airflow/dags/daily_scrape_and_load.py
[2026-08-15T15:06:31.181+0000] {processor.py:840} INFO - DAG(s) 'daily_scrape_and_load' retrieved from /opt/airflow/dags/daily_scrape_and_load.py
[2026-08-15T15:06:31.432+0000] {logging_mixin.py:188} INFO - [2026-08-15T15:06:31.430+0000] {dag.py:3096} INFO - Sync 1 DAGs
[2026-08-15T15:06:31.497+0000] {logging_mixin.py:188} INFO - [2026-08-15T15:06:31.497+0000] {dag.py:3954} INFO - Setting next_dagrun for daily_scrape_and_load to 2026-08-15 00:00:00+00:00, run_after=2026-08-16 00:00:00+00:00
[2026-08-15T15:06:31.563+0000] {processor.py:183} INFO - Processing /opt/airflow/dags/daily_scrape_and_load.py took 8.717 seconds
[2026-08-15T15:07:02.058+0000] {processor.py:161} INFO - Started process (PID=1256) to work on /opt/airflow/dags/daily_scrape_and_load.py
[2026-08-15T15:07:02.061+0000] {processor.py:830} INFO - Processing file /opt/airflow/dags/daily_scrape_and_load.py for tasks to queue
[2026-08-15T15:07:02.067+0000] {logging_mixin.py:188} INFO - [2026-08-15T15:07:02.064+0000] {dagbag.py:545} INFO - Filling up the DagBag from /opt/airflow/dags/daily_scrape_and_load.py
[2026-08-15T15:07:03.771+0000] {processor.py:840} INFO - DAG(s) 'daily_scrape_and_load' retrieved from /opt/airflow/dags/daily_scrape_and_load.py
[2026-08-15T15:07:03.848+0000] {logging_mixin.py:188} INFO - [2026-08-15T15:07:03.847+0000] {dag.py:3096} INFO - Sync 1 DAGs
[2026-08-15T15:07:03.897+0000] {logging_mixin.py:188} INFO - [2026-08-15T15:07:03.896+0000] {dag.py:3954} INFO - Setting next_dagrun for daily_scrape_and_load to 2026-08-15 00:00:00+00:00, run_after=2026-08-16 00:00:00+00:00
[2026-08-15T15:07:03.951+0000] {processor.py:183} INFO - Processing /opt/airflow/dags/daily_scrape_and_load.py took 1.954 seconds
[2026-08-15T15:07:34.219+0000] {processor.py:161} INFO - Started process (PID=1262) to work on /opt/airflow/dags/daily_scrape_and_load.py
[2026-08-15T15:07:34.221+0000] {processor.py:830} INFO - Processing file /opt/airflow/dags/daily_scrape_and_load.py for tasks to queue
[2026-08-15T15:07:34.223+0000] {logging_mixin.py:188} INFO - [2026-08-15T15:07:34.222+0000] {dagbag.py:545} INFO - Filling up the DagBag from /opt/airflow/dags/daily_scrape_and_load.py
[2026-08-15T15:07:35.152+0000] {processor.py:840} INFO - DAG(s) 'daily_scrape_and_load' retrieved from /opt/airflow/dags/daily_scrape_and_load.py
[2026-08-15T15:07:35.210+0000] {logging_mixin.py:188} INFO - [2026-08-15T15:07:35.209+0000] {dag.py:3096} INFO - Sync 1 DAGs
[2026-08-15T15:07:35.255+0000] {logging_mixin.py:188} INFO - [2026-08-15T15:07:35.255+0000] {dag.py:3954} INFO - Setting next_dagrun for daily_scrape_and_load to 2026-08-15 00:00:00+00:00, run_after=2026-08-16 00:00:00+00:00
[2026-08-15T15:07:35.295+0000] {processor.py:183} INFO - Processing /opt/airflow/dags/daily_scrape_and_load.py took 1.093 seconds
[2026-08-15T15:08:05.553+0000] {processor.py:161} INFO - Started process (PID=1268) to work on /opt/airflow/dags/daily_scrape_and_load.py
[2026-08-15T15:08:05.555+0000] {processor.py:830} INFO - Processing file /opt/airflow/dags/daily_scrape_and_load.py for tasks to queue
[2026-08-15T15:08:05.558+0000] {logging_mixin.py:188} INFO - [2026-08-15T15:08:05.557+0000] {dagbag.py:545} INFO - Filling up the DagBag from /opt/airflow/dags/daily_scrape_and_load.py
[2026-08-15T15:08:06.334+0000] {processor.py:840} INFO - DAG(s) 'daily_scrape_and_load' retrieved from /opt/airflow/dags/daily_scrape_and_load.py
[2026-08-15T15:08:06.368+0000] {logging_mixin.py:188} INFO - [2026-08-15T15:08:06.368+0000] {dag.py:3096} INFO - Sync 1 DAGs
[2026-08-15T15:08:06.392+0000] {logging_mixin.py:188} INFO - [2026-08-15T15:08:06.392+0000] {dag.py:3954} INFO - Setting next_dagrun for daily_scrape_and_load to 2026-08-15 00:00:00+00:00, run_after=2026-08-16 00:00:00+00:00
[2026-08-15T15:08:06.416+0000] {processor.py:183} INFO - Processing /opt/airflow/dags/daily_scrape_and_load.py took 0.877 seconds
[2026-08-15T15:08:36.805+0000] {processor.py:161} INFO - Started process (PID=1274) to work on /opt/airflow/dags/daily_scrape_and_load.py
[2026-08-15T15:08:36.806+0000] {processor.py:830} INFO - Processing file /opt/airflow/dags/daily_scrape_and_load.py for tasks to queue
[2026-08-15T15:08:36.809+0000] {logging_mixin.py:188} INFO - [2026-08-15T15:08:36.809+0000] {dagbag.py:545} INFO - Filling up the DagBag from /opt/airflow/dags/daily_scrape_and_load.py
[2026-08-15T15:08:37.579+0000] {processor.py:840} INFO - DAG(s) 'daily_scrape_and_load' retrieved from /opt/airflow/dags/daily_scrape_and_load.py
[2026-08-15T15:08:37.621+0000] {logging_mixin.py:188} INFO - [2026-08-15T15:08:37.620+0000] {dag.py:3096} INFO - Sync 1 DAGs
[2026-08-15T15:08:37.650+0000] {logging_mixin.py:188} INFO - [2026-08-15T15:08:37.650+0000] {dag.py:3954} INFO - Setting next_dagrun for daily_scrape_and_load to 2026-08-15 00:00:00+00:00, run_after=2026-08-16 00:00:00+00:00
[2026-08-15T15:08:37.675+0000] {processor.py:183} INFO - Processing /opt/airflow/dags/daily_scrape_and_load.py took 0.919 seconds
[2026-08-15T15:09:08.082+0000] {processor.py:161} INFO - Started process (PID=1280) to work on /opt/airflow/dags/daily_scrape_and_load.py
[2026-08-15T15:09:08.083+0000] {processor.py:830} INFO - Processing file /opt/airflow/dags/daily_scrape_and_load.py for tasks to queue
[2026-08-15T15:09:08.084+0000] {logging_mixin.py:188} INFO - [2026-08-15T15:09:08.084+0000] {dagbag.py:545} INFO - Filling up the DagBag from /opt/airflow/dags/daily_scrape_and_load.py
[2026-08-15T15:09:08.744+0000] {processor.py:840} INFO - DAG(s) 'daily_scrape_and_load' retrieved from /opt/airflow/dags/daily_scrape_and_load.py
[2026-08-15T15:09:08.777+0000] {logging_mixin.py:188} INFO - [2026-08-15T15:09:08.777+0000] {dag.py:3096} INFO - Sync 1 DAGs
[2026-08-15T15:09:08.802+0000] {logging_mixin.py:188} INFO - [2026-08-15T15:09:08.802+0000] {dag.py:3954} INFO - Setting next_dagrun for daily_scrape_and_load to 2026-08-15 00:00:00+00:00, run_after=2026-08-16 00:00:00+00:00
[2026-08-15T15:09:08.827+0000] {processor.py:183} INFO - Processing /opt/airflow/dags/daily_scrape_and_load.py took 0.754 seconds
[2026-08-15T15:09:39.068+0000] {processor.py:161} INFO - Started process (PID=1286) to work on /opt/airflow/dags/daily_scrape_and_load.py
[2026-08-15T15:09:39.069+0000] {processor.py:830} INFO - Processing file /opt/airflow/dags/daily_scrape_and_load.py for tasks to queue
[2026-08-15T15:09:39.071+0000] {logging_mixin.py:188} INFO - [2026-08-15T15:09:39.070+0000] {dagbag.py:545} INFO - Filling up the DagBag from /opt/airflow/dags/daily_scrape_and_load.py
[2026-08-15T15:09:39.795+0000] {processor.py:840} INFO - DAG(s) 'daily_scrape_and_load' retrieved from /opt/airflow/dags/daily_scrape_and_load.py
[2026-08-15T15:09:39.833+0000] {logging_mixin.py:188} INFO - [2026-08-15T15:09:39.833+0000] {dag.py:3096} INFO - Sync 1 DAGs
[2026-08-15T15:09:39.859+0000] {logging_mixin.py:188} INFO - [2026-08-15T15:09:39.859+0000] {dag.py:3954} INFO - Setting next_dagrun for daily_scrape_and_load to 2026-08-15 00:00:00+00:00, run_after=2026-08-16 00:00:00+00:00
[2026-08-15T15:09:39.882+0000] {processor.py:183} INFO - Processing /opt/airflow/dags/daily_scrape_and_load.py took 0.823 seconds
[2026-08-15T15:10:10.205+0000] {processor.py:161} INFO - Started process (PID=1292) to work on /opt/airflow/dags/daily_scrape_and_load.py
[2026-08-15T15:10:10.206+0000] {processor.py:830} INFO - Processing file /opt/airflow/dags/daily_scrape_and_load.py for tasks to queue
[2026-08-15T15:10:10.209+0000] {logging_mixin.py:188} INFO - [2026-08-15T15:10:10.208+0000] {dagbag.py:545} INFO - Filling up the DagBag from /opt/airflow/dags/daily_scrape_and_load.py
[2026-08-15T15:10:10.861+0000] {processor.py:840} INFO - DAG(s) 'daily_scrape_and_load' retrieved from /opt/airflow/dags/daily_scrape_and_load.py
[2026-08-15T15:10:10.896+0000] {logging_mixin.py:188} INFO - [2026-08-15T15:10:10.896+0000] {dag.py:3096} INFO - Sync 1 DAGs
[2026-08-15T15:10:10.924+0000] {logging_mixin.py:188} INFO - [2026-08-15T15:10:10.923+0000] {dag.py:3954} INFO - Setting next_dagrun for daily_scrape_and_load to 2026-08-15 00:00:00+00:00, run_after=2026-08-16 00:00:00+00:00
[2026-08-15T15:10:10.958+0000] {processor.py:183} INFO - Processing /opt/airflow/dags/daily_scrape_and_load.py took 0.763 seconds
[2026-08-15T15:10:41.269+0000] {processor.py:161} INFO - Started process (PID=1298) to work on /opt/airflow/dags/daily_scrape_and_load.py
[2026-08-15T15:10:41.270+0000] {processor.py:830} INFO - Processing file /opt/airflow/dags/daily_scrape_and_load.py for tasks to queue
[2026-08-15T15:10:41.271+0000] {logging_mixin.py:188} INFO - [2026-08-15T15:10:41.270+0000] {dagbag.py:545} INFO - Filling up the DagBag from /opt/airflow/dags/daily_scrape_and_load.py
[2026-08-15T15:10:41.977+0000] {processor.py:840} INFO - DAG(s) 'daily_scrape_and_load' retrieved from /opt/airflow/dags/daily_scrape_and_load.py
[2026-08-15T15:10:42.019+0000] {logging_mixin.py:188} INFO - [2026-08-15T15:10:42.018+0000] {dag.py:3096} INFO - Sync 1 DAGs
[2026-08-15T15:10:42.045+0000] {logging_mixin.py:188} INFO - [2026-08-15T15:10:42.045+0000] {dag.py:3954} INFO - Setting next_dagrun for daily_scrape_and_load to 2026-08-15 00:00:00+00:00, run_after=2026-08-16 00:00:00+00:00
[2026-08-15T15:10:42.075+0000] {processor.py:183} INFO - Processing /opt/airflow/dags/daily_scrape_and_load.py took 0.815 seconds
[2026-08-15T15:11:12.364+0000] {processor.py:161} INFO - Started process (PID=1304) to work on /opt/airflow/dags/daily_scrape_and_load.py
[2026-08-15T15:11:12.365+0000] {processor.py:830} INFO - Processing file /opt/airflow/dags/daily_scrape_and_load.py for tasks to queue
[2026-08-15T15:11:12.366+0000] {logging_mixin.py:188} INFO - [2026-08-15T15:11:12.366+0000] {dagbag.py:545} INFO - Filling up the DagBag from /opt/airflow/dags/daily_scrape_and_load.py
[2026-08-15T15:11:13.074+0000] {processor.py:840} INFO - DAG(s) 'daily_scrape_and_load' retrieved from /opt/airflow/dags/daily_scrape_and_load.py
[2026-08-15T15:11:13.108+0000] {logging_mixin.py:188} INFO - [2026-08-15T15:11:13.108+0000] {dag.py:3096} INFO - Sync 1 DAGs
[2026-08-15T15:11:13.136+0000] {logging_mixin.py:188} INFO - [2026-08-15T15:11:13.135+0000] {dag.py:3954} INFO - Setting next_dagrun for daily_scrape_and_load to 2026-08-15 00:00:00+00:00, run_after=2026-08-16 00:00:00+00:00
[2026-08-15T15:11:13.176+0000] {processor.py:183} INFO - Processing /opt/airflow/dags/daily_scrape_and_load.py took 0.820 seconds
[2026-08-15T15:11:43.282+0000] {processor.py:161} INFO - Started process (PID=1310) to work on /opt/airflow/dags/daily_scrape_and_load.py
[2026-08-15T15:11:43.283+0000] {processor.py:830} INFO - Processing file /opt/airflow/dags/daily_scrape_and_load.py for tasks to queue
[2026-08-15T15:11:43.284+0000] {logging_mixin.py:188} INFO - [2026-08-15T15:11:43.284+0000] {dagbag.py:545} INFO - Filling up the DagBag from /opt/airflow/dags/daily_scrape_and_load.py
[2026-08-15T15:11:44.053+0000] {processor.py:840} INFO - DAG(s) 'daily_scrape_and_load' retrieved from /opt/airflow/dags/daily_scrape_and_load.py
[2026-08-15T15:11:44.088+0000] {logging_mixin.py:188} INFO - [2026-08-15T15:11:44.087+0000] {dag.py:3096} INFO - Sync 1 DAGs
[2026-08-15T15:11:44.112+0000] {logging_mixin.py:188} INFO - [2026-08-15T15:11:44.112+0000] {dag.py:3954} INFO - Setting next_dagrun for daily_scrape_and_load to 2026-08-15 00:00:00+00:00, run_after=2026-08-16 00:00:00+00:00
[2026-08-15T15:11:44.140+0000] {processor.py:183} INFO - Processing /opt/airflow/dags/daily_scrape_and_load.py took 0.867 seconds
[2026-08-15T15:12:14.444+0000] {processor.py:161} INFO - Started process (PID=1316) to work on /opt/airflow/dags/daily_scrape_and_load.py
[2026-08-15T15:12:14.445+0000] {processor.py:830} INFO - Processing file /opt/airflow/dags/daily_scrape_and_load.py for tasks to queue
[2026-08-15T15:12:14.446+0000] {logging_mixin.py:188} INFO - [2026-08-15T15:12:14.446+0000] {dagbag.py:545} INFO - Filling up the DagBag from /opt/airflow/dags/daily_scrape_and_load.py
[2026-08-15T15:12:15.247+0000] {processor.py:840} INFO - DAG(s) 'daily_scrape_and_load' retrieved from /opt/airflow/dags/daily_scrape_and_load.py
[2026-08-15T15:12:15.279+0000] {logging_mixin.py:188} INFO - [2026-08-15T15:12:15.279+0000] {dag.py:3096} INFO - Sync 1 DAGs
[2026-08-15T15:12:15.306+0000] {logging_mixin.py:188} INFO - [2026-08-15T15:12:15.305+0000] {dag.py:3954} INFO - Setting next_dagrun for daily_scrape_and_load to 2026-08-15 00:00:00+00:00, run_after=2026-08-16 00:00:00+00:00
[2026-08-15T15:12:15.330+0000] {processor.py:183} INFO - Processing /opt/airflow/dags/daily_scrape_and_load.py took 0.895 seconds
[2026-08-15T15:12:45.645+0000] {processor.py:161} INFO - Started process (PID=1322) to work on /opt/airflow/dags/daily_scrape_and_load.py
[2026-08-15T15:12:45.646+0000] {processor.py:830} INFO - Processing file /opt/airflow/dags/daily_scrape_and_load.py for tasks to queue
[2026-08-15T15:12:45.647+0000] {logging_mixin.py:188} INFO - [2026-08-15T15:12:45.647+0000] {dagbag.py:545} INFO - Filling up the DagBag from /opt/airflow/dags/daily_scrape_and_load.py
[2026-08-15T15:12:46.614+0000] {processor.py:840} INFO - DAG(s) 'daily_scrape_and_load' retrieved from /opt/airflow/dags/daily_scrape_and_load.py
[2026-08-15T15:12:46.649+0000] {logging_mixin.py:188} INFO - [2026-08-15T15:12:46.649+0000] {dag.py:3096} INFO - Sync 1 DAGs
[2026-08-15T15:12:46.674+0000] {logging_mixin.py:188} INFO - [2026-08-15T15:12:46.674+0000] {dag.py:3954} INFO - Setting next_dagrun for daily_scrape_and_load to 2026-08-15 00:00:00+00:00, run_after=2026-08-16 00:00:00+00:00
[2026-08-15T15:12:46.697+0000] {processor.py:183} INFO - Processing /opt/airflow/dags/daily_scrape_and_load.py took 1.062 seconds
[2026-08-15T15:13:16.995+0000] {processor.py:161} INFO - Started process (PID=1328) to work on /opt/airflow/dags/daily_scrape_and_load.py
[2026-08-15T15:13:16.996+0000] {processor.py:830} INFO - Processing file /opt/airflow/dags/daily_scrape_and_load.py for tasks to queue
[2026-08-15T15:13:16.998+0000] {logging_mixin.py:188} INFO - [2026-08-15T15:13:16.997+0000] {dagbag.py:545} INFO - Filling up the DagBag from /opt/airflow/dags/daily_scrape_and_load.py
[2026-08-15T15:13:17.695+0000] {processor.py:840} INFO - DAG(s) 'daily_scrape_and_load' retrieved from /opt/airflow/dags/daily_scrape_and_load.py
[2026-08-15T15:13:17.732+0000] {logging_mixin.py:188} INFO - [2026-08-15T15:13:17.732+0000] {dag.py:3096} INFO - Sync 1 DAGs
[2026-08-15T15:13:17.758+0000] {logging_mixin.py:188} INFO - [2026-08-15T15:13:17.758+0000] {dag.py:3954} INFO - Setting next_dagrun for daily_scrape_and_load to 2026-08-15 00:00:00+00:00, run_after=2026-08-16 00:00:00+00:00
[2026-08-15T15:13:17.786+0000] {processor.py:183} INFO - Processing /opt/airflow/dags/daily_scrape_and_load.py took 0.799 seconds
[2026-08-15T15:13:48.058+0000] {processor.py:161} INFO - Started process (PID=1334) to work on /opt/airflow/dags/daily_scrape_and_load.py
[2026-08-15T15:13:48.059+0000] {processor.py:830} INFO - Processing file /opt/airflow/dags/daily_scrape_and_load.py for tasks to queue
[2026-08-15T15:13:48.060+0000] {logging_mixin.py:188} INFO - [2026-08-15T15:13:48.060+0000] {dagbag.py:545} INFO - Filling up the DagBag from /opt/airflow/dags/daily_scrape_and_load.py
[2026-08-15T15:13:48.730+0000] {processor.py:840} INFO - DAG(s) 'daily_scrape_and_load' retrieved from /opt/airflow/dags/daily_scrape_and_load.py
[2026-08-15T15:13:48.766+0000] {logging_mixin.py:188} INFO - [2026-08-15T15:13:48.766+0000] {dag.py:3096} INFO - Sync 1 DAGs
[2026-08-15T15:13:48.793+0000] {logging_mixin.py:188} INFO - [2026-08-15T15:13:48.793+0000] {dag.py:3954} INFO - Setting next_dagrun for daily_scrape_and_load to 2026-08-15 00:00:00+00:00, run_after=2026-08-16 00:00:00+00:00
[2026-08-15T15:13:48.820+0000] {processor.py:183} INFO - Processing /opt/airflow/dags/daily_scrape_and_load.py took 0.769 seconds
[2026-08-15T15:14:19.159+0000] {processor.py:161} INFO - Started process (PID=1340) to work on /opt/airflow/dags/daily_scrape_and_load.py
[2026-08-15T15:14:19.161+0000] {processor.py:830} INFO - Processing file /opt/airflow/dags/daily_scrape_and_load.py for tasks to queue
[2026-08-15T15:14:19.162+0000] {logging_mixin.py:188} INFO - [2026-08-15T15:14:19.162+0000] {dagbag.py:545} INFO - Filling up the DagBag from /opt/airflow/dags/daily_scrape_and_load.py
[2026-08-15T15:14:20.056+0000] {processor.py:840} INFO - DAG(s) 'daily_scrape_and_load' retrieved from /opt/airflow/dags/daily_scrape_and_load.py
[2026-08-15T15:14:20.111+0000] {logging_mixin.py:188} INFO - [2026-08-15T15:14:20.111+0000] {dag.py:3096} INFO - Sync 1 DAGs
[2026-08-15T15:14:20.149+0000] {logging_mixin.py:188} INFO - [2026-08-15T15:14:20.149+0000] {dag.py:3954} INFO - Setting next_dagrun for daily_scrape_and_load to 2026-08-15 00:00:00+00:00, run_after=2026-08-16 00:00:00+00:00
[2026-08-15T15:14:20.186+0000] {processor.py:183} INFO - Processing /opt/airflow/dags/daily_scrape_and_load.py took 1.035 seconds
[2026-08-15T15:14:50.412+0000] {processor.py:161} INFO - Started process (PID=1346) to work on /opt/airflow/dags/daily_scrape_and_load.py
[2026-08-15T15:14:50.413+0000] {processor.py:830} INFO - Processing file /opt/airflow/dags/daily_scrape_and_load.py for tasks to queue
[2026-08-15T15:14:50.415+0000] {logging_mixin.py:188} INFO - [2026-08-15T15:14:50.414+0000] {dagbag.py:545} INFO - Filling up the DagBag from /opt/airflow/dags/daily_scrape_and_load.py
[2026-08-15T15:14:51.230+0000] {processor.py:840} INFO - DAG(s) 'daily_scrape_and_load' retrieved from /opt/airflow/dags/daily_scrape_and_load.py
[2026-08-15T15:14:51.272+0000] {logging_mixin.py:188} INFO - [2026-08-15T15:14:51.272+0000] {dag.py:3096} INFO - Sync 1 DAGs
[2026-08-15T15:14:51.298+0000] {logging_mixin.py:188} INFO - [2026-08-15T15:14:51.297+0000] {dag.py:3954} INFO - Setting next_dagrun for daily_scrape_and_load to 2026-08-15 00:00:00+00:00, run_after=2026-08-16 00:00:00+00:00
[2026-08-15T15:14:51.326+0000] {processor.py:183} INFO - Processing /opt/airflow/dags/daily_scrape_and_load.py took 0.924 seconds
[2026-08-15T15:15:21.678+0000] {processor.py:161} INFO - Started process (PID=1352) to work on /opt/airflow/dags/daily_scrape_and_load.py
[2026-08-15T15:15:21.679+0000] {processor.py:830} INFO - Processing file /opt/airflow/dags/daily_scrape_and_load.py for tasks to queue
[2026-08-15T15:15:21.680+0000] {logging_mixin.py:188} INFO - [2026-08-15T15:15:21.680+0000] {dagbag.py:545} INFO - Filling up the DagBag from /opt/airflow/dags/daily_scrape_and_load.py
[2026-08-15T15:15:22.302+0000] {processor.py:840} INFO - DAG(s) 'daily_scrape_and_load' retrieved from /opt/airflow/dags/daily_scrape_and_load.py
[2026-08-15T15:15:22.337+0000] {logging_mixin.py:188} INFO - [2026-08-15T15:15:22.337+0000] {dag.py:3096} INFO - Sync 1 DAGs
[2026-08-15T15:15:22.364+0000] {logging_mixin.py:188} INFO - [2026-08-15T15:15:22.363+0000] {dag.py:3954} INFO - Setting next_dagrun for daily_scrape_and_load to 2026-08-15 00:00:00+00:00, run_after=2026-08-16 00:00:00+00:00
[2026-08-15T15:15:22.389+0000] {processor.py:183} INFO - Processing /opt/airflow/dags/daily_scrape_and_load.py took 0.720 seconds
[2026-08-15T15:15:52.701+0000] {processor.py:161} INFO - Started process (PID=1358) to work on /opt/airflow/dags/daily_scrape_and_load.py
[2026-08-15T15:15:52.702+0000] {processor.py:830} INFO - Processing file /opt/airflow/dags/daily_scrape_and_load.py for tasks to queue
[2026-08-15T15:15:52.703+0000] {logging_mixin.py:188} INFO - [2026-08-15T15:15:52.703+0000] {dagbag.py:545} INFO - Filling up the DagBag from /opt/airflow/dags/daily_scrape_and_load.py
[2026-08-15T15:15:53.369+0000] {processor.py:840} INFO - DAG(s) 'daily_scrape_and_load' retrieved from /opt/airflow/dags/daily_scrape_and_load.py
[2026-08-15T15:15:53.401+0000] {logging_mixin.py:188} INFO - [2026-08-15T15:15:53.400+0000] {dag.py:3096} INFO - Sync 1 DAGs
[2026-08-15T15:15:53.426+0000] {logging_mixin.py:188} INFO - [2026-08-15T15:15:53.425+0000] {dag.py:3954} INFO - Setting next_dagrun for daily_scrape_and_load to 2026-08-15 00:00:00+00:00, run_after=2026-08-16 00:00:00+00:00
[2026-08-15T15:15:53.455+0000] {processor.py:183} INFO - Processing /opt/airflow/dags/daily_scrape_and_load.py took 0.761 seconds
[2026-08-15T15:16:23.738+0000] {processor.py:161} INFO - Started process (PID=1364) to work on /opt/airflow/dags/daily_scrape_and_load.py
[2026-08-15T15:16:23.739+0000] {processor.py:830} INFO - Processing file /opt/airflow/dags/daily_scrape_and_load.py for tasks to queue
[2026-08-15T15:16:23.740+0000] {logging_mixin.py:188} INFO - [2026-08-15T15:16:23.740+0000] {dagbag.py:545} INFO - Filling up the DagBag from /opt/airflow/dags/daily_scrape_and_load.py
[2026-08-15T15:16:24.455+0000] {processor.py:840} INFO - DAG(s) 'daily_scrape_and_load' retrieved from /opt/airflow/dags/daily_scrape_and_load.py
[2026-08-15T15:16:24.507+0000] {logging_mixin.py:188} INFO - [2026-08-15T15:16:24.506+0000] {dag.py:3096} INFO - Sync 1 DAGs
[2026-08-15T15:16:24.538+0000] {logging_mixin.py:188} INFO - [2026-08-15T15:16:24.538+0000] {dag.py:3954} INFO - Setting next_dagrun for daily_scrape_and_load to 2026-08-15 00:00:00+00:00, run_after=2026-08-16 00:00:00+00:00
[2026-08-15T15:16:24.562+0000] {processor.py:183} INFO - Processing /opt/airflow/dags/daily_scrape_and_load.py took 0.831 seconds
[2026-08-15T15:16:54.846+0000] {processor.py:161} INFO - Started process (PID=1370) to work on /opt/airflow/dags/daily_scrape_and_load.py
[2026-08-15T15:16:54.854+0000] {processor.py:830} INFO - Processing file /opt/airflow/dags/daily_scrape_and_load.py for tasks to queue
[2026-08-15T15:16:54.856+0000] {logging_mixin.py:188} INFO - [2026-08-15T15:16:54.855+0000] {dagbag.py:545} INFO - Filling up the DagBag from /opt/airflow/dags/daily_scrape_and_load.py
[2026-08-15T15:16:56.094+0000] {processor.py:840} INFO - DAG(s) 'daily_scrape_and_load' retrieved from /opt/airflow/dags/daily_scrape_and_load.py
[2026-08-15T15:16:56.237+0000] {logging_mixin.py:188} INFO - [2026-08-15T15:16:56.237+0000] {dag.py:3096} INFO - Sync 1 DAGs
[2026-08-15T15:16:56.281+0000] {logging_mixin.py:188} INFO - [2026-08-15T15:16:56.280+0000] {dag.py:3954} INFO - Setting next_dagrun for daily_scrape_and_load to 2026-08-15 00:00:00+00:00, run_after=2026-08-16 00:00:00+00:00
[2026-08-15T15:16:56.372+0000] {processor.py:183} INFO - Processing /opt/airflow/dags/daily_scrape_and_load.py took 1.540 seconds
[2026-08-15T15:17:26.731+0000] {processor.py:161} INFO - Started process (PID=1376) to work on /opt/airflow/dags/daily_scrape_and_load.py
[2026-08-15T15:17:26.732+0000] {processor.py:830} INFO - Processing file /opt/airflow/dags/daily_scrape_and_load.py for tasks to queue
[2026-08-15T15:17:26.734+0000] {logging_mixin.py:188} INFO - [2026-08-15T15:17:26.733+0000] {dagbag.py:545} INFO - Filling up the DagBag from /opt/airflow/dags/daily_scrape_and_load.py
[2026-08-15T15:17:27.932+0000] {processor.py:840} INFO - DAG(s) 'daily_scrape_and_load' retrieved from /opt/airflow/dags/daily_scrape_and_load.py
[2026-08-15T15:17:27.986+0000] {logging_mixin.py:188} INFO - [2026-08-15T15:17:27.986+0000] {dag.py:3096} INFO - Sync 1 DAGs
[2026-08-15T15:17:28.019+0000] {logging_mixin.py:188} INFO - [2026-08-15T15:17:28.019+0000] {dag.py:3954} INFO - Setting next_dagrun for daily_scrape_and_load to 2026-08-15 00:00:00+00:00, run_after=2026-08-16 00:00:00+00:00
[2026-08-15T15:17:28.054+0000] {processor.py:183} INFO - Processing /opt/airflow/dags/daily_scrape_and_load.py took 1.332 seconds
[2026-08-15T15:17:58.368+0000] {processor.py:161} INFO - Started process (PID=1382) to work on /opt/airflow/dags/daily_scrape_and_load.py
[2026-08-15T15:17:58.370+0000] {processor.py:830} INFO - Processing file /opt/airflow/dags/daily_scrape_and_load.py for tasks to queue
[2026-08-15T15:17:58.374+0000] {logging_mixin.py:188} INFO - [2026-08-15T15:17:58.373+0000] {dagbag.py:545} INFO - Filling up the DagBag from /opt/airflow/dags/daily_scrape_and_load.py
[2026-08-15T15:18:00.922+0000] {processor.py:840} INFO - DAG(s) 'daily_scrape_and_load' retrieved from /opt/airflow/dags/daily_scrape_and_load.py
[2026-08-15T15:18:01.020+0000] {logging_mixin.py:188} INFO - [2026-08-15T15:18:01.019+0000] {dag.py:3096} INFO - Sync 1 DAGs
[2026-08-15T15:18:01.076+0000] {logging_mixin.py:188} INFO - [2026-08-15T15:18:01.076+0000] {dag.py:3954} INFO - Setting next_dagrun for daily_scrape_and_load to 2026-08-15 00:00:00+00:00, run_after=2026-08-16 00:00:00+00:00
[2026-08-15T15:18:01.109+0000] {processor.py:183} INFO - Processing /opt/airflow/dags/daily_scrape_and_load.py took 2.771 seconds
[2026-08-15T15:18:31.581+0000] {processor.py:161} INFO - Started process (PID=1388) to work on /opt/airflow/dags/daily_scrape_and_load.py
[2026-08-15T15:18:31.584+0000] {processor.py:830} INFO - Processing file /opt/airflow/dags/daily_scrape_and_load.py for tasks to queue
[2026-08-15T15:18:31.590+0000] {logging_mixin.py:188} INFO - [2026-08-15T15:18:31.589+0000] {dagbag.py:545} INFO - Filling up the DagBag from /opt/airflow/dags/daily_scrape_and_load.py
[2026-08-15T15:18:33.531+0000] {processor.py:840} INFO - DAG(s) 'daily_scrape_and_load' retrieved from /opt/airflow/dags/daily_scrape_and_load.py
[2026-08-15T15:18:33.606+0000] {logging_mixin.py:188} INFO - [2026-08-15T15:18:33.605+0000] {dag.py:3096} INFO - Sync 1 DAGs
[2026-08-15T15:18:33.668+0000] {logging_mixin.py:188} INFO - [2026-08-15T15:18:33.667+0000] {dag.py:3954} INFO - Setting next_dagrun for daily_scrape_and_load to 2026-08-15 00:00:00+00:00, run_after=2026-08-16 00:00:00+00:00
[2026-08-15T15:18:33.721+0000] {processor.py:183} INFO - Processing /opt/airflow/dags/daily_scrape_and_load.py took 2.174 seconds
[2026-08-15T15:19:03.961+0000] {processor.py:161} INFO - Started process (PID=1394) to work on /opt/airflow/dags/daily_scrape_and_load.py
[2026-08-15T15:19:03.962+0000] {processor.py:830} INFO - Processing file /opt/airflow/dags/daily_scrape_and_load.py for tasks to queue
[2026-08-15T15:19:03.964+0000] {logging_mixin.py:188} INFO - [2026-08-15T15:19:03.964+0000] {dagbag.py:545} INFO - Filling up the DagBag from /opt/airflow/dags/daily_scrape_and_load.py
[2026-08-15T15:19:04.918+0000] {processor.py:840} INFO - DAG(s) 'daily_scrape_and_load' retrieved from /opt/airflow/dags/daily_scrape_and_load.py
[2026-08-15T15:19:04.975+0000] {logging_mixin.py:188} INFO - [2026-08-15T15:19:04.975+0000] {dag.py:3096} INFO - Sync 1 DAGs
[2026-08-15T15:19:05.019+0000] {logging_mixin.py:188} INFO - [2026-08-15T15:19:05.019+0000] {dag.py:3954} INFO - Setting next_dagrun for daily_scrape_and_load to 2026-08-15 00:00:00+00:00, run_after=2026-08-16 00:00:00+00:00
[2026-08-15T15:19:05.061+0000] {processor.py:183} INFO - Processing /opt/airflow/dags/daily_scrape_and_load.py took 1.114 seconds
[2026-08-15T15:19:35.274+0000] {processor.py:161} INFO - Started process (PID=1400) to work on /opt/airflow/dags/daily_scrape_and_load.py
[2026-08-15T15:19:35.276+0000] {processor.py:830} INFO - Processing file /opt/airflow/dags/daily_scrape_and_load.py for tasks to queue
[2026-08-15T15:19:35.280+0000] {logging_mixin.py:188} INFO - [2026-08-15T15:19:35.279+0000] {dagbag.py:545} INFO - Filling up the DagBag from /opt/airflow/dags/daily_scrape_and_load.py
[2026-08-15T15:19:38.102+0000] {processor.py:840} INFO - DAG(s) 'daily_scrape_and_load' retrieved from /opt/airflow/dags/daily_scrape_and_load.py
[2026-08-15T15:19:38.205+0000] {logging_mixin.py:188} INFO - [2026-08-15T15:19:38.205+0000] {dag.py:3096} INFO - Sync 1 DAGs
[2026-08-15T15:19:38.254+0000] {logging_mixin.py:188} INFO - [2026-08-15T15:19:38.253+0000] {dag.py:3954} INFO - Setting next_dagrun for daily_scrape_and_load to 2026-08-15 00:00:00+00:00, run_after=2026-08-16 00:00:00+00:00
[2026-08-15T15:19:38.298+0000] {processor.py:183} INFO - Processing /opt/airflow/dags/daily_scrape_and_load.py took 3.045 seconds
[2026-08-15T15:20:08.552+0000] {processor.py:161} INFO - Started process (PID=1406) to work on /opt/airflow/dags/daily_scrape_and_load.py
[2026-08-15T15:20:08.554+0000] {processor.py:830} INFO - Processing file /opt/airflow/dags/daily_scrape_and_load.py for tasks to queue
[2026-08-15T15:20:08.556+0000] {logging_mixin.py:188} INFO - [2026-08-15T15:20:08.556+0000] {dagbag.py:545} INFO - Filling up the DagBag from /opt/airflow/dags/daily_scrape_and_load.py
[2026-08-15T15:20:09.691+0000] {processor.py:840} INFO - DAG(s) 'daily_scrape_and_load' retrieved from /opt/airflow/dags/daily_scrape_and_load.py
[2026-08-15T15:20:09.754+0000] {logging_mixin.py:188} INFO - [2026-08-15T15:20:09.753+0000] {dag.py:3096} INFO - Sync 1 DAGs
[2026-08-15T15:20:09.784+0000] {logging_mixin.py:188} INFO - [2026-08-15T15:20:09.784+0000] {dag.py:3954} INFO - Setting next_dagrun for daily_scrape_and_load to 2026-08-15 00:00:00+00:00, run_after=2026-08-16 00:00:00+00:00
[2026-08-15T15:20:09.814+0000] {processor.py:183} INFO - Processing /opt/airflow/dags/daily_scrape_and_load.py took 1.274 seconds
[2026-08-15T15:20:40.087+0000] {processor.py:161} INFO - Started process (PID=1412) to work on /opt/airflow/dags/daily_scrape_and_load.py
[2026-08-15T15:20:40.089+0000] {processor.py:830} INFO - Processing file /opt/airflow/dags/daily_scrape_and_load.py for tasks to queue
[2026-08-15T15:20:40.091+0000] {logging_mixin.py:188} INFO - [2026-08-15T15:20:40.090+0000] {dagbag.py:545} INFO - Filling up the DagBag from /opt/airflow/dags/daily_scrape_and_load.py
[2026-08-15T15:20:41.085+0000] {processor.py:840} INFO - DAG(s) 'daily_scrape_and_load' retrieved from /opt/airflow/dags/daily_scrape_and_load.py
[2026-08-15T15:20:41.139+0000] {logging_mixin.py:188} INFO - [2026-08-15T15:20:41.139+0000] {dag.py:3096} INFO - Sync 1 DAGs
[2026-08-15T15:20:41.175+0000] {logging_mixin.py:188} INFO - [2026-08-15T15:20:41.175+0000] {dag.py:3954} INFO - Setting next_dagrun for daily_scrape_and_load to 2026-08-15 00:00:00+00:00, run_after=2026-08-16 00:00:00+00:00
[2026-08-15T15:20:41.208+0000] {processor.py:183} INFO - Processing /opt/airflow/dags/daily_scrape_and_load.py took 1.136 seconds
[2026-08-15T15:21:11.370+0000] {processor.py:161} INFO - Started process (PID=1418) to work on /opt/airflow/dags/daily_scrape_and_load.py
[2026-08-15T15:21:11.371+0000] {processor.py:830} INFO - Processing file /opt/airflow/dags/daily_scrape_and_load.py for tasks to queue
[2026-08-15T15:21:11.373+0000] {logging_mixin.py:188} INFO - [2026-08-15T15:21:11.372+0000] {dagbag.py:545} INFO - Filling up the DagBag from /opt/airflow/dags/daily_scrape_and_load.py
[2026-08-15T15:21:12.950+0000] {processor.py:840} INFO - DAG(s) 'daily_scrape_and_load' retrieved from /opt/airflow/dags/daily_scrape_and_load.py
[2026-08-15T15:21:13.054+0000] {logging_mixin.py:188} INFO - [2026-08-15T15:21:13.053+0000] {dag.py:3096} INFO - Sync 1 DAGs
[2026-08-15T15:21:13.125+0000] {logging_mixin.py:188} INFO - [2026-08-15T15:21:13.124+0000] {dag.py:3954} INFO - Setting next_dagrun for daily_scrape_and_load to 2026-08-15 00:00:00+00:00, run_after=2026-08-16 00:00:00+00:00
[2026-08-15T15:21:13.184+0000] {processor.py:183} INFO - Processing /opt/airflow/dags/daily_scrape_and_load.py took 1.824 seconds
[2026-08-15T15:21:43.573+0000] {processor.py:161} INFO - Started process (PID=1424) to work on /opt/airflow/dags/daily_scrape_and_load.py
[2026-08-15T15:21:43.574+0000] {processor.py:830} INFO - Processing file /opt/airflow/dags/daily_scrape_and_load.py for tasks to queue
[2026-08-15T15:21:43.576+0000] {logging_mixin.py:188} INFO - [2026-08-15T15:21:43.576+0000] {dagbag.py:545} INFO - Filling up the DagBag from /opt/airflow/dags/daily_scrape_and_load.py
[2026-08-15T15:21:44.641+0000] {processor.py:840} INFO - DAG(s) 'daily_scrape_and_load' retrieved from /opt/airflow/dags/daily_scrape_and_load.py
[2026-08-15T15:21:44.714+0000] {logging_mixin.py:188} INFO - [2026-08-15T15:21:44.714+0000] {dag.py:3096} INFO - Sync 1 DAGs
[2026-08-15T15:21:44.771+0000] {logging_mixin.py:188} INFO - [2026-08-15T15:21:44.770+0000] {dag.py:3954} INFO - Setting next_dagrun for daily_scrape_and_load to 2026-08-15 00:00:00+00:00, run_after=2026-08-16 00:00:00+00:00
[2026-08-15T15:21:44.824+0000] {processor.py:183} INFO - Processing /opt/airflow/dags/daily_scrape_and_load.py took 1.262 seconds
[2026-08-15T15:22:15.060+0000] {processor.py:161} INFO - Started process (PID=1430) to work on /opt/airflow/dags/daily_scrape_and_load.py
[2026-08-15T15:22:15.061+0000] {processor.py:830} INFO - Processing file /opt/airflow/dags/daily_scrape_and_load.py for tasks to queue
[2026-08-15T15:22:15.063+0000] {logging_mixin.py:188} INFO - [2026-08-15T15:22:15.062+0000] {dagbag.py:545} INFO - Filling up the DagBag from /opt/airflow/dags/daily_scrape_and_load.py
[2026-08-15T15:22:15.861+0000] {processor.py:840} INFO - DAG(s) 'daily_scrape_and_load' retrieved from /opt/airflow/dags/daily_scrape_and_load.py
[2026-08-15T15:22:15.895+0000] {logging_mixin.py:188} INFO - [2026-08-15T15:22:15.895+0000] {dag.py:3096} INFO - Sync 1 DAGs
[2026-08-15T15:22:15.918+0000] {logging_mixin.py:188} INFO - [2026-08-15T15:22:15.918+0000] {dag.py:3954} INFO - Setting next_dagrun for daily_scrape_and_load to 2026-08-15 00:00:00+00:00, run_after=2026-08-16 00:00:00+00:00
[2026-08-15T15:22:15.942+0000] {processor.py:183} INFO - Processing /opt/airflow/dags/daily_scrape_and_load.py took 0.889 seconds
[2026-08-15T15:22:46.238+0000] {processor.py:161} INFO - Started process (PID=1436) to work on /opt/airflow/dags/daily_scrape_and_load.py
[2026-08-15T15:22:46.239+0000] {processor.py:830} INFO - Processing file /opt/airflow/dags/daily_scrape_and_load.py for tasks to queue
[2026-08-15T15:22:46.240+0000] {logging_mixin.py:188} INFO - [2026-08-15T15:22:46.240+0000] {dagbag.py:545} INFO - Filling up the DagBag from /opt/airflow/dags/daily_scrape_and_load.py
[2026-08-15T15:22:46.959+0000] {processor.py:840} INFO - DAG(s) 'daily_scrape_and_load' retrieved from /opt/airflow/dags/daily_scrape_and_load.py
[2026-08-15T15:22:47.047+0000] {logging_mixin.py:188} INFO - [2026-08-15T15:22:47.047+0000] {dag.py:3096} INFO - Sync 1 DAGs
[2026-08-15T15:22:47.072+0000] {logging_mixin.py:188} INFO - [2026-08-15T15:22:47.072+0000] {dag.py:3954} INFO - Setting next_dagrun for daily_scrape_and_load to 2026-08-15 00:00:00+00:00, run_after=2026-08-16 00:00:00+00:00
[2026-08-15T15:22:47.172+0000] {processor.py:183} INFO - Processing /opt/airflow/dags/daily_scrape_and_load.py took 0.942 seconds
[2026-08-15T15:23:17.466+0000] {processor.py:161} INFO - Started process (PID=1442) to work on /opt/airflow/dags/daily_scrape_and_load.py
[2026-08-15T15:23:17.467+0000] {processor.py:830} INFO - Processing file /opt/airflow/dags/daily_scrape_and_load.py for tasks to queue
[2026-08-15T15:23:17.469+0000] {logging_mixin.py:188} INFO - [2026-08-15T15:23:17.468+0000] {dagbag.py:545} INFO - Filling up the DagBag from /opt/airflow/dags/daily_scrape_and_load.py
[2026-08-15T15:23:18.212+0000] {processor.py:840} INFO - DAG(s) 'daily_scrape_and_load' retrieved from /opt/airflow/dags/daily_scrape_and_load.py
[2026-08-15T15:23:18.247+0000] {logging_mixin.py:188} INFO - [2026-08-15T15:23:18.247+0000] {dag.py:3096} INFO - Sync 1 DAGs
[2026-08-15T15:23:18.272+0000] {logging_mixin.py:188} INFO - [2026-08-15T15:23:18.272+0000] {dag.py:3954} INFO - Setting next_dagrun for daily_scrape_and_load to 2026-08-15 00:00:00+00:00, run_after=2026-08-16 00:00:00+00:00
[2026-08-15T15:23:18.299+0000] {processor.py:183} INFO - Processing /opt/airflow/dags/daily_scrape_and_load.py took 0.840 seconds
[2026-08-15T15:23:48.593+0000] {processor.py:161} INFO - Started process (PID=1448) to work on /opt/airflow/dags/daily_scrape_and_load.py
[2026-08-15T15:23:48.594+0000] {processor.py:830} INFO - Processing file /opt/airflow/dags/daily_scrape_and_load.py for tasks to queue
[2026-08-15T15:23:48.596+0000] {logging_mixin.py:188} INFO - [2026-08-15T15:23:48.595+0000] {dagbag.py:545} INFO - Filling up the DagBag from /opt/airflow/dags/daily_scrape_and_load.py
[2026-08-15T15:23:49.373+0000] {processor.py:840} INFO - DAG(s) 'daily_scrape_and_load' retrieved from /opt/airflow/dags/daily_scrape_and_load.py
[2026-08-15T15:23:49.411+0000] {logging_mixin.py:188} INFO - [2026-08-15T15:23:49.411+0000] {dag.py:3096} INFO - Sync 1 DAGs
[2026-08-15T15:23:49.436+0000] {logging_mixin.py:188} INFO - [2026-08-15T15:23:49.436+0000] {dag.py:3954} INFO - Setting next_dagrun for daily_scrape_and_load to 2026-08-15 00:00:00+00:00, run_after=2026-08-16 00:00:00+00:00
[2026-08-15T15:23:49.459+0000] {processor.py:183} INFO - Processing /opt/airflow/dags/daily_scrape_and_load.py took 0.874 seconds
[2026-08-15T15:24:19.997+0000] {processor.py:161} INFO - Started process (PID=1454) to work on /opt/airflow/dags/daily_scrape_and_load.py
[2026-08-15T15:24:19.999+0000] {processor.py:830} INFO - Processing file /opt/airflow/dags/daily_scrape_and_load.py for tasks to queue
[2026-08-15T15:24:20.003+0000] {logging_mixin.py:188} INFO - [2026-08-15T15:24:20.001+0000] {dagbag.py:545} INFO - Filling up the DagBag from /opt/airflow/dags/daily_scrape_and_load.py
[2026-08-15T15:24:22.091+0000] {processor.py:840} INFO - DAG(s) 'daily_scrape_and_load' retrieved from /opt/airflow/dags/daily_scrape_and_load.py
[2026-08-15T15:24:22.188+0000] {logging_mixin.py:188} INFO - [2026-08-15T15:24:22.187+0000] {dag.py:3096} INFO - Sync 1 DAGs
[2026-08-15T15:24:22.283+0000] {logging_mixin.py:188} INFO - [2026-08-15T15:24:22.282+0000] {dag.py:3954} INFO - Setting next_dagrun for daily_scrape_and_load to 2026-08-15 00:00:00+00:00, run_after=2026-08-16 00:00:00+00:00
[2026-08-15T15:24:22.348+0000] {processor.py:183} INFO - Processing /opt/airflow/dags/daily_scrape_and_load.py took 2.381 seconds
[2026-08-15T15:24:52.757+0000] {processor.py:161} INFO - Started process (PID=1460) to work on /opt/airflow/dags/daily_scrape_and_load.py
[2026-08-15T15:24:52.761+0000] {processor.py:830} INFO - Processing file /opt/airflow/dags/daily_scrape_and_load.py for tasks to queue
[2026-08-15T15:24:52.767+0000] {logging_mixin.py:188} INFO - [2026-08-15T15:24:52.766+0000] {dagbag.py:545} INFO - Filling up the DagBag from /opt/airflow/dags/daily_scrape_and_load.py
[2026-08-15T15:24:54.282+0000] {processor.py:840} INFO - DAG(s) 'daily_scrape_and_load' retrieved from /opt/airflow/dags/daily_scrape_and_load.py
[2026-08-15T15:24:54.411+0000] {logging_mixin.py:188} INFO - [2026-08-15T15:24:54.411+0000] {dag.py:3096} INFO - Sync 1 DAGs
[2026-08-15T15:24:54.469+0000] {logging_mixin.py:188} INFO - [2026-08-15T15:24:54.469+0000] {dag.py:3954} INFO - Setting next_dagrun for daily_scrape_and_load to 2026-08-15 00:00:00+00:00, run_after=2026-08-16 00:00:00+00:00
[2026-08-15T15:24:54.643+0000] {processor.py:183} INFO - Processing /opt/airflow/dags/daily_scrape_and_load.py took 1.926 seconds
[2026-08-15T15:25:25.571+0000] {processor.py:161} INFO - Started process (PID=1466) to work on /opt/airflow/dags/daily_scrape_and_load.py
[2026-08-15T15:25:25.575+0000] {processor.py:830} INFO - Processing file /opt/airflow/dags/daily_scrape_and_load.py for tasks to queue
[2026-08-15T15:25:25.587+0000] {logging_mixin.py:188} INFO - [2026-08-15T15:25:25.585+0000] {dagbag.py:545} INFO - Filling up the DagBag from /opt/airflow/dags/daily_scrape_and_load.py
[2026-08-15T15:25:26.891+0000] {processor.py:840} INFO - DAG(s) 'daily_scrape_and_load' retrieved from /opt/airflow/dags/daily_scrape_and_load.py
[2026-08-15T15:25:26.953+0000] {logging_mixin.py:188} INFO - [2026-08-15T15:25:26.952+0000] {dag.py:3096} INFO - Sync 1 DAGs
[2026-08-15T15:25:27.008+0000] {logging_mixin.py:188} INFO - [2026-08-15T15:25:27.007+0000] {dag.py:3954} INFO - Setting next_dagrun for daily_scrape_and_load to 2026-08-15 00:00:00+00:00, run_after=2026-08-16 00:00:00+00:00
[2026-08-15T15:25:27.045+0000] {processor.py:183} INFO - Processing /opt/airflow/dags/daily_scrape_and_load.py took 1.516 seconds
[2026-08-15T15:25:57.402+0000] {processor.py:161} INFO - Started process (PID=1472) to work on /opt/airflow/dags/daily_scrape_and_load.py
[2026-08-15T15:25:57.404+0000] {processor.py:830} INFO - Processing file /opt/airflow/dags/daily_scrape_and_load.py for tasks to queue
[2026-08-15T15:25:57.408+0000] {logging_mixin.py:188} INFO - [2026-08-15T15:25:57.406+0000] {dagbag.py:545} INFO - Filling up the DagBag from /opt/airflow/dags/daily_scrape_and_load.py
[2026-08-15T15:25:58.762+0000] {processor.py:840} INFO - DAG(s) 'daily_scrape_and_load' retrieved from /opt/airflow/dags/daily_scrape_and_load.py
[2026-08-15T15:25:58.881+0000] {logging_mixin.py:188} INFO - [2026-08-15T15:25:58.880+0000] {dag.py:3096} INFO - Sync 1 DAGs
[2026-08-15T15:25:58.923+0000] {logging_mixin.py:188} INFO - [2026-08-15T15:25:58.923+0000] {dag.py:3954} INFO - Setting next_dagrun for daily_scrape_and_load to 2026-08-15 00:00:00+00:00, run_after=2026-08-16 00:00:00+00:00
[2026-08-15T15:25:58.957+0000] {processor.py:183} INFO - Processing /opt/airflow/dags/daily_scrape_and_load.py took 1.571 seconds
[2026-08-15T15:26:29.075+0000] {processor.py:161} INFO - Started process (PID=1478) to work on /opt/airflow/dags/daily_scrape_and_load.py
[2026-08-15T15:26:29.075+0000] {processor.py:830} INFO - Processing file /opt/airflow/dags/daily_scrape_and_load.py for tasks to queue
[2026-08-15T15:26:29.077+0000] {logging_mixin.py:188} INFO - [2026-08-15T15:26:29.076+0000] {dagbag.py:545} INFO - Filling up the DagBag from /opt/airflow/dags/daily_scrape_and_load.py
[2026-08-15T15:26:29.909+0000] {processor.py:840} INFO - DAG(s) 'daily_scrape_and_load' retrieved from /opt/airflow/dags/daily_scrape_and_load.py
[2026-08-15T15:26:29.991+0000] {logging_mixin.py:188} INFO - [2026-08-15T15:26:29.990+0000] {dag.py:3096} INFO - Sync 1 DAGs
[2026-08-15T15:26:30.072+0000] {logging_mixin.py:188} INFO - [2026-08-15T15:26:30.072+0000] {dag.py:3954} INFO - Setting next_dagrun for daily_scrape_and_load to 2026-08-15 00:00:00+00:00, run_after=2026-08-16 00:00:00+00:00
[2026-08-15T15:26:30.116+0000] {processor.py:183} INFO - Processing /opt/airflow/dags/daily_scrape_and_load.py took 1.049 seconds
[2026-08-15T15:27:00.450+0000] {processor.py:161} INFO - Started process (PID=1484) to work on /opt/airflow/dags/daily_scrape_and_load.py
[2026-08-15T15:27:00.452+0000] {processor.py:830} INFO - Processing file /opt/airflow/dags/daily_scrape_and_load.py for tasks to queue
[2026-08-15T15:27:00.454+0000] {logging_mixin.py:188} INFO - [2026-08-15T15:27:00.454+0000] {dagbag.py:545} INFO - Filling up the DagBag from /opt/airflow/dags/daily_scrape_and_load.py
[2026-08-15T15:27:01.907+0000] {processor.py:840} INFO - DAG(s) 'daily_scrape_and_load' retrieved from /opt/airflow/dags/daily_scrape_and_load.py
[2026-08-15T15:27:01.974+0000] {logging_mixin.py:188} INFO - [2026-08-15T15:27:01.973+0000] {dag.py:3096} INFO - Sync 1 DAGs
[2026-08-15T15:27:02.024+0000] {logging_mixin.py:188} INFO - [2026-08-15T15:27:02.023+0000] {dag.py:3954} INFO - Setting next_dagrun for daily_scrape_and_load to 2026-08-15 00:00:00+00:00, run_after=2026-08-16 00:00:00+00:00
[2026-08-15T15:27:02.082+0000] {processor.py:183} INFO - Processing /opt/airflow/dags/daily_scrape_and_load.py took 1.666 seconds
[2026-08-15T15:27:32.621+0000] {processor.py:161} INFO - Started process (PID=1490) to work on /opt/airflow/dags/daily_scrape_and_load.py
[2026-08-15T15:27:32.623+0000] {processor.py:830} INFO - Processing file /opt/airflow/dags/daily_scrape_and_load.py for tasks to queue
[2026-08-15T15:27:32.627+0000] {logging_mixin.py:188} INFO - [2026-08-15T15:27:32.626+0000] {dagbag.py:545} INFO - Filling up the DagBag from /opt/airflow/dags/daily_scrape_and_load.py
[2026-08-15T15:27:34.540+0000] {processor.py:840} INFO - DAG(s) 'daily_scrape_and_load' retrieved from /opt/airflow/dags/daily_scrape_and_load.py
[2026-08-15T15:27:34.626+0000] {logging_mixin.py:188} INFO - [2026-08-15T15:27:34.626+0000] {dag.py:3096} INFO - Sync 1 DAGs
[2026-08-15T15:27:34.705+0000] {logging_mixin.py:188} INFO - [2026-08-15T15:27:34.704+0000] {dag.py:3954} INFO - Setting next_dagrun for daily_scrape_and_load to 2026-08-15 00:00:00+00:00, run_after=2026-08-16 00:00:00+00:00
[2026-08-15T15:27:34.773+0000] {processor.py:183} INFO - Processing /opt/airflow/dags/daily_scrape_and_load.py took 2.175 seconds
[2026-08-15T15:28:05.227+0000] {processor.py:161} INFO - Started process (PID=1496) to work on /opt/airflow/dags/daily_scrape_and_load.py
[2026-08-15T15:28:05.230+0000] {processor.py:830} INFO - Processing file /opt/airflow/dags/daily_scrape_and_load.py for tasks to queue
[2026-08-15T15:28:05.237+0000] {logging_mixin.py:188} INFO - [2026-08-15T15:28:05.234+0000] {dagbag.py:545} INFO - Filling up the DagBag from /opt/airflow/dags/daily_scrape_and_load.py
[2026-08-15T15:28:07.844+0000] {processor.py:840} INFO - DAG(s) 'daily_scrape_and_load' retrieved from /opt/airflow/dags/daily_scrape_and_load.py
[2026-08-15T15:28:07.980+0000] {logging_mixin.py:188} INFO - [2026-08-15T15:28:07.980+0000] {dag.py:3096} INFO - Sync 1 DAGs
[2026-08-15T15:28:08.095+0000] {logging_mixin.py:188} INFO - [2026-08-15T15:28:08.094+0000] {dag.py:3954} INFO - Setting next_dagrun for daily_scrape_and_load to 2026-08-15 00:00:00+00:00, run_after=2026-08-16 00:00:00+00:00
[2026-08-15T15:28:08.272+0000] {processor.py:183} INFO - Processing /opt/airflow/dags/daily_scrape_and_load.py took 3.095 seconds
[2026-08-15T15:28:39.097+0000] {processor.py:161} INFO - Started process (PID=1502) to work on /opt/airflow/dags/daily_scrape_and_load.py
[2026-08-15T15:28:39.099+0000] {processor.py:830} INFO - Processing file /opt/airflow/dags/daily_scrape_and_load.py for tasks to queue
[2026-08-15T15:28:39.101+0000] {logging_mixin.py:188} INFO - [2026-08-15T15:28:39.100+0000] {dagbag.py:545} INFO - Filling up the DagBag from /opt/airflow/dags/daily_scrape_and_load.py
[2026-08-15T15:28:40.192+0000] {processor.py:840} INFO - DAG(s) 'daily_scrape_and_load' retrieved from /opt/airflow/dags/daily_scrape_and_load.py
[2026-08-15T15:28:40.250+0000] {logging_mixin.py:188} INFO - [2026-08-15T15:28:40.250+0000] {dag.py:3096} INFO - Sync 1 DAGs
[2026-08-15T15:28:40.287+0000] {logging_mixin.py:188} INFO - [2026-08-15T15:28:40.287+0000] {dag.py:3954} INFO - Setting next_dagrun for daily_scrape_and_load to 2026-08-15 00:00:00+00:00, run_after=2026-08-16 00:00:00+00:00
[2026-08-15T15:28:40.320+0000] {processor.py:183} INFO - Processing /opt/airflow/dags/daily_scrape_and_load.py took 1.236 seconds
[2026-08-15T15:29:10.433+0000] {processor.py:161} INFO - Started process (PID=1508) to work on /opt/airflow/dags/daily_scrape_and_load.py
[2026-08-15T15:29:10.434+0000] {processor.py:830} INFO - Processing file /opt/airflow/dags/daily_scrape_and_load.py for tasks to queue
[2026-08-15T15:29:10.436+0000] {logging_mixin.py:188} INFO - [2026-08-15T15:29:10.435+0000] {dagbag.py:545} INFO - Filling up the DagBag from /opt/airflow/dags/daily_scrape_and_load.py
[2026-08-15T15:29:11.414+0000] {processor.py:840} INFO - DAG(s) 'daily_scrape_and_load' retrieved from /opt/airflow/dags/daily_scrape_and_load.py
[2026-08-15T15:29:11.476+0000] {logging_mixin.py:188} INFO - [2026-08-15T15:29:11.476+0000] {dag.py:3096} INFO - Sync 1 DAGs
[2026-08-15T15:29:11.542+0000] {logging_mixin.py:188} INFO - [2026-08-15T15:29:11.541+0000] {dag.py:3954} INFO - Setting next_dagrun for daily_scrape_and_load to 2026-08-15 00:00:00+00:00, run_after=2026-08-16 00:00:00+00:00
[2026-08-15T15:29:11.586+0000] {processor.py:183} INFO - Processing /opt/airflow/dags/daily_scrape_and_load.py took 1.165 seconds
[2026-08-15T15:29:41.886+0000] {processor.py:161} INFO - Started process (PID=1514) to work on /opt/airflow/dags/daily_scrape_and_load.py
[2026-08-15T15:29:41.887+0000] {processor.py:830} INFO - Processing file /opt/airflow/dags/daily_scrape_and_load.py for tasks to queue
[2026-08-15T15:29:41.889+0000] {logging_mixin.py:188} INFO - [2026-08-15T15:29:41.889+0000] {dagbag.py:545} INFO - Filling up the DagBag from /opt/airflow/dags/daily_scrape_and_load.py
[2026-08-15T15:29:42.771+0000] {processor.py:840} INFO - DAG(s) 'daily_scrape_and_load' retrieved from /opt/airflow/dags/daily_scrape_and_load.py
[2026-08-15T15:29:42.818+0000] {logging_mixin.py:188} INFO - [2026-08-15T15:29:42.818+0000] {dag.py:3096} INFO - Sync 1 DAGs
[2026-08-15T15:29:42.849+0000] {logging_mixin.py:188} INFO - [2026-08-15T15:29:42.849+0000] {dag.py:3954} INFO - Setting next_dagrun for daily_scrape_and_load to 2026-08-15 00:00:00+00:00, run_after=2026-08-16 00:00:00+00:00
[2026-08-15T15:29:42.888+0000] {processor.py:183} INFO - Processing /opt/airflow/dags/daily_scrape_and_load.py took 1.012 seconds
[2026-08-15T15:30:13.379+0000] {processor.py:161} INFO - Started process (PID=1520) to work on /opt/airflow/dags/daily_scrape_and_load.py
[2026-08-15T15:30:13.381+0000] {processor.py:830} INFO - Processing file /opt/airflow/dags/daily_scrape_and_load.py for tasks to queue
[2026-08-15T15:30:13.385+0000] {logging_mixin.py:188} INFO - [2026-08-15T15:30:13.384+0000] {dagbag.py:545} INFO - Filling up the DagBag from /opt/airflow/dags/daily_scrape_and_load.py
[2026-08-15T15:30:14.820+0000] {processor.py:840} INFO - DAG(s) 'daily_scrape_and_load' retrieved from /opt/airflow/dags/daily_scrape_and_load.py
[2026-08-15T15:30:14.940+0000] {logging_mixin.py:188} INFO - [2026-08-15T15:30:14.940+0000] {dag.py:3096} INFO - Sync 1 DAGs
[2026-08-15T15:30:15.017+0000] {logging_mixin.py:188} INFO - [2026-08-15T15:30:15.017+0000] {dag.py:3954} INFO - Setting next_dagrun for daily_scrape_and_load to 2026-08-15 00:00:00+00:00, run_after=2026-08-16 00:00:00+00:00
[2026-08-15T15:30:15.091+0000] {processor.py:183} INFO - Processing /opt/airflow/dags/daily_scrape_and_load.py took 1.735 seconds
[2026-08-15T15:30:45.693+0000] {processor.py:161} INFO - Started process (PID=1526) to work on /opt/airflow/dags/daily_scrape_and_load.py
[2026-08-15T15:30:45.696+0000] {processor.py:830} INFO - Processing file /opt/airflow/dags/daily_scrape_and_load.py for tasks to queue
[2026-08-15T15:30:45.701+0000] {logging_mixin.py:188} INFO - [2026-08-15T15:30:45.699+0000] {dagbag.py:545} INFO - Filling up the DagBag from /opt/airflow/dags/daily_scrape_and_load.py
[2026-08-15T15:30:47.075+0000] {processor.py:840} INFO - DAG(s) 'daily_scrape_and_load' retrieved from /opt/airflow/dags/daily_scrape_and_load.py
[2026-08-15T15:30:47.146+0000] {logging_mixin.py:188} INFO - [2026-08-15T15:30:47.145+0000] {dag.py:3096} INFO - Sync 1 DAGs
[2026-08-15T15:30:47.214+0000] {logging_mixin.py:188} INFO - [2026-08-15T15:30:47.213+0000] {dag.py:3954} INFO - Setting next_dagrun for daily_scrape_and_load to 2026-08-15 00:00:00+00:00, run_after=2026-08-16 00:00:00+00:00
[2026-08-15T15:30:47.277+0000] {processor.py:183} INFO - Processing /opt/airflow/dags/daily_scrape_and_load.py took 1.609 seconds
[2026-08-15T15:31:17.872+0000] {processor.py:161} INFO - Started process (PID=1532) to work on /opt/airflow/dags/daily_scrape_and_load.py
[2026-08-15T15:31:17.875+0000] {processor.py:830} INFO - Processing file /opt/airflow/dags/daily_scrape_and_load.py for tasks to queue
[2026-08-15T15:31:17.879+0000] {logging_mixin.py:188} INFO - [2026-08-15T15:31:17.878+0000] {dagbag.py:545} INFO - Filling up the DagBag from /opt/airflow/dags/daily_scrape_and_load.py
[2026-08-15T15:31:19.276+0000] {processor.py:840} INFO - DAG(s) 'daily_scrape_and_load' retrieved from /opt/airflow/dags/daily_scrape_and_load.py
[2026-08-15T15:31:19.354+0000] {logging_mixin.py:188} INFO - [2026-08-15T15:31:19.354+0000] {dag.py:3096} INFO - Sync 1 DAGs
[2026-08-15T15:31:19.430+0000] {logging_mixin.py:188} INFO - [2026-08-15T15:31:19.429+0000] {dag.py:3954} INFO - Setting next_dagrun for daily_scrape_and_load to 2026-08-15 00:00:00+00:00, run_after=2026-08-16 00:00:00+00:00
[2026-08-15T15:31:19.500+0000] {processor.py:183} INFO - Processing /opt/airflow/dags/daily_scrape_and_load.py took 1.658 seconds
[2026-08-15T15:31:49.927+0000] {processor.py:161} INFO - Started process (PID=1538) to work on /opt/airflow/dags/daily_scrape_and_load.py
[2026-08-15T15:31:49.928+0000] {processor.py:830} INFO - Processing file /opt/airflow/dags/daily_scrape_and_load.py for tasks to queue
[2026-08-15T15:31:49.929+0000] {logging_mixin.py:188} INFO - [2026-08-15T15:31:49.929+0000] {dagbag.py:545} INFO - Filling up the DagBag from /opt/airflow/dags/daily_scrape_and_load.py
[2026-08-15T15:31:50.594+0000] {processor.py:840} INFO - DAG(s) 'daily_scrape_and_load' retrieved from /opt/airflow/dags/daily_scrape_and_load.py
[2026-08-15T15:31:50.627+0000] {logging_mixin.py:188} INFO - [2026-08-15T15:31:50.627+0000] {dag.py:3096} INFO - Sync 1 DAGs
[2026-08-15T15:31:50.650+0000] {logging_mixin.py:188} INFO - [2026-08-15T15:31:50.650+0000] {dag.py:3954} INFO - Setting next_dagrun for daily_scrape_and_load to 2026-08-15 00:00:00+00:00, run_after=2026-08-16 00:00:00+00:00
[2026-08-15T15:31:50.676+0000] {processor.py:183} INFO - Processing /opt/airflow/dags/daily_scrape_and_load.py took 0.756 seconds
[2026-08-15T15:32:21.171+0000] {processor.py:161} INFO - Started process (PID=1544) to work on /opt/airflow/dags/daily_scrape_and_load.py
[2026-08-15T15:32:21.174+0000] {processor.py:830} INFO - Processing file /opt/airflow/dags/daily_scrape_and_load.py for tasks to queue
[2026-08-15T15:32:21.178+0000] {logging_mixin.py:188} INFO - [2026-08-15T15:32:21.176+0000] {dagbag.py:545} INFO - Filling up the DagBag from /opt/airflow/dags/daily_scrape_and_load.py
[2026-08-15T15:32:24.362+0000] {processor.py:840} INFO - DAG(s) 'daily_scrape_and_load' retrieved from /opt/airflow/dags/daily_scrape_and_load.py
[2026-08-15T15:32:24.482+0000] {logging_mixin.py:188} INFO - [2026-08-15T15:32:24.481+0000] {dag.py:3096} INFO - Sync 1 DAGs
[2026-08-15T15:32:24.553+0000] {logging_mixin.py:188} INFO - [2026-08-15T15:32:24.552+0000] {dag.py:3954} INFO - Setting next_dagrun for daily_scrape_and_load to 2026-08-15 00:00:00+00:00, run_after=2026-08-16 00:00:00+00:00
[2026-08-15T15:32:24.611+0000] {processor.py:183} INFO - Processing /opt/airflow/dags/daily_scrape_and_load.py took 3.486 seconds
[2026-08-15T15:32:55.353+0000] {processor.py:161} INFO - Started process (PID=1550) to work on /opt/airflow/dags/daily_scrape_and_load.py
[2026-08-15T15:32:55.393+0000] {processor.py:830} INFO - Processing file /opt/airflow/dags/daily_scrape_and_load.py for tasks to queue
[2026-08-15T15:32:55.409+0000] {logging_mixin.py:188} INFO - [2026-08-15T15:32:55.399+0000] {dagbag.py:545} INFO - Filling up the DagBag from /opt/airflow/dags/daily_scrape_and_load.py
[2026-08-15T15:32:58.228+0000] {processor.py:840} INFO - DAG(s) 'daily_scrape_and_load' retrieved from /opt/airflow/dags/daily_scrape_and_load.py
[2026-08-15T15:32:58.360+0000] {logging_mixin.py:188} INFO - [2026-08-15T15:32:58.359+0000] {dag.py:3096} INFO - Sync 1 DAGs
[2026-08-15T15:32:58.492+0000] {logging_mixin.py:188} INFO - [2026-08-15T15:32:58.491+0000] {dag.py:3954} INFO - Setting next_dagrun for daily_scrape_and_load to 2026-08-15 00:00:00+00:00, run_after=2026-08-16 00:00:00+00:00
[2026-08-15T15:32:58.555+0000] {processor.py:183} INFO - Processing /opt/airflow/dags/daily_scrape_and_load.py took 3.232 seconds
[2026-08-15T15:33:28.871+0000] {processor.py:161} INFO - Started process (PID=1556) to work on /opt/airflow/dags/daily_scrape_and_load.py
[2026-08-15T15:33:28.872+0000] {processor.py:830} INFO - Processing file /opt/airflow/dags/daily_scrape_and_load.py for tasks to queue
[2026-08-15T15:33:28.874+0000] {logging_mixin.py:188} INFO - [2026-08-15T15:33:28.874+0000] {dagbag.py:545} INFO - Filling up the DagBag from /opt/airflow/dags/daily_scrape_and_load.py
[2026-08-15T15:33:29.771+0000] {processor.py:840} INFO - DAG(s) 'daily_scrape_and_load' retrieved from /opt/airflow/dags/daily_scrape_and_load.py
[2026-08-15T15:33:29.830+0000] {logging_mixin.py:188} INFO - [2026-08-15T15:33:29.830+0000] {dag.py:3096} INFO - Sync 1 DAGs
[2026-08-15T15:33:29.865+0000] {logging_mixin.py:188} INFO - [2026-08-15T15:33:29.864+0000] {dag.py:3954} INFO - Setting next_dagrun for daily_scrape_and_load to 2026-08-15 00:00:00+00:00, run_after=2026-08-16 00:00:00+00:00
[2026-08-15T15:33:29.897+0000] {processor.py:183} INFO - Processing /opt/airflow/dags/daily_scrape_and_load.py took 1.038 seconds
[2026-08-15T15:34:00.105+0000] {processor.py:161} INFO - Started process (PID=1562) to work on /opt/airflow/dags/daily_scrape_and_load.py
[2026-08-15T15:34:00.108+0000] {processor.py:830} INFO - Processing file /opt/airflow/dags/daily_scrape_and_load.py for tasks to queue
[2026-08-15T15:34:00.109+0000] {logging_mixin.py:188} INFO - [2026-08-15T15:34:00.109+0000] {dagbag.py:545} INFO - Filling up the DagBag from /opt/airflow/dags/daily_scrape_and_load.py
[2026-08-15T15:34:01.271+0000] {processor.py:840} INFO - DAG(s) 'daily_scrape_and_load' retrieved from /opt/airflow/dags/daily_scrape_and_load.py
[2026-08-15T15:34:01.311+0000] {logging_mixin.py:188} INFO - [2026-08-15T15:34:01.311+0000] {dag.py:3096} INFO - Sync 1 DAGs
[2026-08-15T15:34:01.342+0000] {logging_mixin.py:188} INFO - [2026-08-15T15:34:01.341+0000] {dag.py:3954} INFO - Setting next_dagrun for daily_scrape_and_load to 2026-08-15 00:00:00+00:00, run_after=2026-08-16 00:00:00+00:00
[2026-08-15T15:34:01.370+0000] {processor.py:183} INFO - Processing /opt/airflow/dags/daily_scrape_and_load.py took 1.276 seconds
[2026-08-15T15:34:31.706+0000] {processor.py:161} INFO - Started process (PID=1568) to work on /opt/airflow/dags/daily_scrape_and_load.py
[2026-08-15T15:34:31.708+0000] {processor.py:830} INFO - Processing file /opt/airflow/dags/daily_scrape_and_load.py for tasks to queue
[2026-08-15T15:34:31.710+0000] {logging_mixin.py:188} INFO - [2026-08-15T15:34:31.709+0000] {dagbag.py:545} INFO - Filling up the DagBag from /opt/airflow/dags/daily_scrape_and_load.py
[2026-08-15T15:34:32.690+0000] {processor.py:840} INFO - DAG(s) 'daily_scrape_and_load' retrieved from /opt/airflow/dags/daily_scrape_and_load.py
[2026-08-15T15:34:32.739+0000] {logging_mixin.py:188} INFO - [2026-08-15T15:34:32.739+0000] {dag.py:3096} INFO - Sync 1 DAGs
[2026-08-15T15:34:32.771+0000] {logging_mixin.py:188} INFO - [2026-08-15T15:34:32.770+0000] {dag.py:3954} INFO - Setting next_dagrun for daily_scrape_and_load to 2026-08-15 00:00:00+00:00, run_after=2026-08-16 00:00:00+00:00
[2026-08-15T15:34:32.801+0000] {processor.py:183} INFO - Processing /opt/airflow/dags/daily_scrape_and_load.py took 1.105 seconds
[2026-08-15T15:35:03.213+0000] {processor.py:161} INFO - Started process (PID=1574) to work on /opt/airflow/dags/daily_scrape_and_load.py
[2026-08-15T15:35:03.224+0000] {processor.py:830} INFO - Processing file /opt/airflow/dags/daily_scrape_and_load.py for tasks to queue
[2026-08-15T15:35:03.228+0000] {logging_mixin.py:188} INFO - [2026-08-15T15:35:03.227+0000] {dagbag.py:545} INFO - Filling up the DagBag from /opt/airflow/dags/daily_scrape_and_load.py
[2026-08-15T15:35:06.722+0000] {processor.py:840} INFO - DAG(s) 'daily_scrape_and_load' retrieved from /opt/airflow/dags/daily_scrape_and_load.py
[2026-08-15T15:35:06.850+0000] {logging_mixin.py:188} INFO - [2026-08-15T15:35:06.849+0000] {dag.py:3096} INFO - Sync 1 DAGs
[2026-08-15T15:35:06.911+0000] {logging_mixin.py:188} INFO - [2026-08-15T15:35:06.911+0000] {dag.py:3954} INFO - Setting next_dagrun for daily_scrape_and_load to 2026-08-15 00:00:00+00:00, run_after=2026-08-16 00:00:00+00:00
[2026-08-15T15:35:06.978+0000] {processor.py:183} INFO - Processing /opt/airflow/dags/daily_scrape_and_load.py took 3.807 seconds
[2026-08-15T15:35:37.318+0000] {processor.py:161} INFO - Started process (PID=1580) to work on /opt/airflow/dags/daily_scrape_and_load.py
[2026-08-15T15:35:37.319+0000] {processor.py:830} INFO - Processing file /opt/airflow/dags/daily_scrape_and_load.py for tasks to queue
[2026-08-15T15:35:37.321+0000] {logging_mixin.py:188} INFO - [2026-08-15T15:35:37.320+0000] {dagbag.py:545} INFO - Filling up the DagBag from /opt/airflow/dags/daily_scrape_and_load.py
[2026-08-15T15:35:38.244+0000] {processor.py:840} INFO - DAG(s) 'daily_scrape_and_load' retrieved from /opt/airflow/dags/daily_scrape_and_load.py
[2026-08-15T15:35:38.308+0000] {logging_mixin.py:188} INFO - [2026-08-15T15:35:38.308+0000] {dag.py:3096} INFO - Sync 1 DAGs
[2026-08-15T15:35:38.343+0000] {logging_mixin.py:188} INFO - [2026-08-15T15:35:38.343+0000] {dag.py:3954} INFO - Setting next_dagrun for daily_scrape_and_load to 2026-08-15 00:00:00+00:00, run_after=2026-08-16 00:00:00+00:00
[2026-08-15T15:35:38.367+0000] {processor.py:183} INFO - Processing /opt/airflow/dags/daily_scrape_and_load.py took 1.056 seconds
[2026-08-15T15:36:08.559+0000] {processor.py:161} INFO - Started process (PID=1586) to work on /opt/airflow/dags/daily_scrape_and_load.py
[2026-08-15T15:36:08.560+0000] {processor.py:830} INFO - Processing file /opt/airflow/dags/daily_scrape_and_load.py for tasks to queue
[2026-08-15T15:36:08.561+0000] {logging_mixin.py:188} INFO - [2026-08-15T15:36:08.560+0000] {dagbag.py:545} INFO - Filling up the DagBag from /opt/airflow/dags/daily_scrape_and_load.py
[2026-08-15T15:36:09.524+0000] {processor.py:840} INFO - DAG(s) 'daily_scrape_and_load' retrieved from /opt/airflow/dags/daily_scrape_and_load.py
[2026-08-15T15:36:09.579+0000] {logging_mixin.py:188} INFO - [2026-08-15T15:36:09.579+0000] {dag.py:3096} INFO - Sync 1 DAGs
[2026-08-15T15:36:09.619+0000] {logging_mixin.py:188} INFO - [2026-08-15T15:36:09.618+0000] {dag.py:3954} INFO - Setting next_dagrun for daily_scrape_and_load to 2026-08-15 00:00:00+00:00, run_after=2026-08-16 00:00:00+00:00
[2026-08-15T15:36:09.657+0000] {processor.py:183} INFO - Processing /opt/airflow/dags/daily_scrape_and_load.py took 1.106 seconds
[2026-08-15T15:36:39.895+0000] {processor.py:161} INFO - Started process (PID=1592) to work on /opt/airflow/dags/daily_scrape_and_load.py
[2026-08-15T15:36:39.896+0000] {processor.py:830} INFO - Processing file /opt/airflow/dags/daily_scrape_and_load.py for tasks to queue
[2026-08-15T15:36:39.898+0000] {logging_mixin.py:188} INFO - [2026-08-15T15:36:39.897+0000] {dagbag.py:545} INFO - Filling up the DagBag from /opt/airflow/dags/daily_scrape_and_load.py
[2026-08-15T15:36:40.810+0000] {processor.py:840} INFO - DAG(s) 'daily_scrape_and_load' retrieved from /opt/airflow/dags/daily_scrape_and_load.py
[2026-08-15T15:36:40.851+0000] {logging_mixin.py:188} INFO - [2026-08-15T15:36:40.850+0000] {dag.py:3096} INFO - Sync 1 DAGs
[2026-08-15T15:36:40.878+0000] {logging_mixin.py:188} INFO - [2026-08-15T15:36:40.878+0000] {dag.py:3954} INFO - Setting next_dagrun for daily_scrape_and_load to 2026-08-15 00:00:00+00:00, run_after=2026-08-16 00:00:00+00:00
[2026-08-15T15:36:40.908+0000] {processor.py:183} INFO - Processing /opt/airflow/dags/daily_scrape_and_load.py took 1.028 seconds
[2026-08-15T15:37:11.197+0000] {processor.py:161} INFO - Started process (PID=1598) to work on /opt/airflow/dags/daily_scrape_and_load.py
[2026-08-15T15:37:11.199+0000] {processor.py:830} INFO - Processing file /opt/airflow/dags/daily_scrape_and_load.py for tasks to queue
[2026-08-15T15:37:11.201+0000] {logging_mixin.py:188} INFO - [2026-08-15T15:37:11.200+0000] {dagbag.py:545} INFO - Filling up the DagBag from /opt/airflow/dags/daily_scrape_and_load.py
[2026-08-15T15:37:12.466+0000] {processor.py:840} INFO - DAG(s) 'daily_scrape_and_load' retrieved from /opt/airflow/dags/daily_scrape_and_load.py
[2026-08-15T15:37:12.537+0000] {logging_mixin.py:188} INFO - [2026-08-15T15:37:12.536+0000] {dag.py:3096} INFO - Sync 1 DAGs
[2026-08-15T15:37:12.599+0000] {logging_mixin.py:188} INFO - [2026-08-15T15:37:12.599+0000] {dag.py:3954} INFO - Setting next_dagrun for daily_scrape_and_load to 2026-08-15 00:00:00+00:00, run_after=2026-08-16 00:00:00+00:00
[2026-08-15T15:37:12.636+0000] {processor.py:183} INFO - Processing /opt/airflow/dags/daily_scrape_and_load.py took 1.469 seconds
[2026-08-15T15:37:43.023+0000] {processor.py:161} INFO - Started process (PID=1604) to work on /opt/airflow/dags/daily_scrape_and_load.py
[2026-08-15T15:37:43.024+0000] {processor.py:830} INFO - Processing file /opt/airflow/dags/daily_scrape_and_load.py for tasks to queue
[2026-08-15T15:37:43.026+0000] {logging_mixin.py:188} INFO - [2026-08-15T15:37:43.025+0000] {dagbag.py:545} INFO - Filling up the DagBag from /opt/airflow/dags/daily_scrape_and_load.py
[2026-08-15T15:37:43.885+0000] {processor.py:840} INFO - DAG(s) 'daily_scrape_and_load' retrieved from /opt/airflow/dags/daily_scrape_and_load.py
[2026-08-15T15:37:43.923+0000] {logging_mixin.py:188} INFO - [2026-08-15T15:37:43.923+0000] {dag.py:3096} INFO - Sync 1 DAGs
[2026-08-15T15:37:43.954+0000] {logging_mixin.py:188} INFO - [2026-08-15T15:37:43.954+0000] {dag.py:3954} INFO - Setting next_dagrun for daily_scrape_and_load to 2026-08-15 00:00:00+00:00, run_after=2026-08-16 00:00:00+00:00
[2026-08-15T15:37:43.985+0000] {processor.py:183} INFO - Processing /opt/airflow/dags/daily_scrape_and_load.py took 0.973 seconds
[2026-08-15T15:38:14.312+0000] {processor.py:161} INFO - Started process (PID=1610) to work on /opt/airflow/dags/daily_scrape_and_load.py
[2026-08-15T15:38:14.313+0000] {processor.py:830} INFO - Processing file /opt/airflow/dags/daily_scrape_and_load.py for tasks to queue
[2026-08-15T15:38:14.314+0000] {logging_mixin.py:188} INFO - [2026-08-15T15:38:14.314+0000] {dagbag.py:545} INFO - Filling up the DagBag from /opt/airflow/dags/daily_scrape_and_load.py
[2026-08-15T15:38:15.014+0000] {processor.py:840} INFO - DAG(s) 'daily_scrape_and_load' retrieved from /opt/airflow/dags/daily_scrape_and_load.py
[2026-08-15T15:38:15.056+0000] {logging_mixin.py:188} INFO - [2026-08-15T15:38:15.056+0000] {dag.py:3096} INFO - Sync 1 DAGs
[2026-08-15T15:38:15.092+0000] {logging_mixin.py:188} INFO - [2026-08-15T15:38:15.092+0000] {dag.py:3954} INFO - Setting next_dagrun for daily_scrape_and_load to 2026-08-15 00:00:00+00:00, run_after=2026-08-16 00:00:00+00:00
[2026-08-15T15:38:15.123+0000] {processor.py:183} INFO - Processing /opt/airflow/dags/daily_scrape_and_load.py took 0.818 seconds
[2026-08-15T15:38:45.560+0000] {processor.py:161} INFO - Started process (PID=1616) to work on /opt/airflow/dags/daily_scrape_and_load.py
[2026-08-15T15:38:45.561+0000] {processor.py:830} INFO - Processing file /opt/airflow/dags/daily_scrape_and_load.py for tasks to queue
[2026-08-15T15:38:45.562+0000] {logging_mixin.py:188} INFO - [2026-08-15T15:38:45.561+0000] {dagbag.py:545} INFO - Filling up the DagBag from /opt/airflow/dags/daily_scrape_and_load.py
[2026-08-15T15:38:46.249+0000] {processor.py:840} INFO - DAG(s) 'daily_scrape_and_load' retrieved from /opt/airflow/dags/daily_scrape_and_load.py
[2026-08-15T15:38:46.287+0000] {logging_mixin.py:188} INFO - [2026-08-15T15:38:46.287+0000] {dag.py:3096} INFO - Sync 1 DAGs
[2026-08-15T15:38:46.313+0000] {logging_mixin.py:188} INFO - [2026-08-15T15:38:46.313+0000] {dag.py:3954} INFO - Setting next_dagrun for daily_scrape_and_load to 2026-08-15 00:00:00+00:00, run_after=2026-08-16 00:00:00+00:00
[2026-08-15T15:38:46.341+0000] {processor.py:183} INFO - Processing /opt/airflow/dags/daily_scrape_and_load.py took 0.789 seconds
[2026-08-15T15:39:16.686+0000] {processor.py:161} INFO - Started process (PID=1622) to work on /opt/airflow/dags/daily_scrape_and_load.py
[2026-08-15T15:39:16.687+0000] {processor.py:830} INFO - Processing file /opt/airflow/dags/daily_scrape_and_load.py for tasks to queue
[2026-08-15T15:39:16.688+0000] {logging_mixin.py:188} INFO - [2026-08-15T15:39:16.688+0000] {dagbag.py:545} INFO - Filling up the DagBag from /opt/airflow/dags/daily_scrape_and_load.py
[2026-08-15T15:39:17.431+0000] {processor.py:840} INFO - DAG(s) 'daily_scrape_and_load' retrieved from /opt/airflow/dags/daily_scrape_and_load.py
[2026-08-15T15:39:17.470+0000] {logging_mixin.py:188} INFO - [2026-08-15T15:39:17.470+0000] {dag.py:3096} INFO - Sync 1 DAGs
[2026-08-15T15:39:17.496+0000] {logging_mixin.py:188} INFO - [2026-08-15T15:39:17.496+0000] {dag.py:3954} INFO - Setting next_dagrun for daily_scrape_and_load to 2026-08-15 00:00:00+00:00, run_after=2026-08-16 00:00:00+00:00
[2026-08-15T15:39:17.520+0000] {processor.py:183} INFO - Processing /opt/airflow/dags/daily_scrape_and_load.py took 0.841 seconds
[2026-08-15T15:39:47.827+0000] {processor.py:161} INFO - Started process (PID=1628) to work on /opt/airflow/dags/daily_scrape_and_load.py
[2026-08-15T15:39:47.828+0000] {processor.py:830} INFO - Processing file /opt/airflow/dags/daily_scrape_and_load.py for tasks to queue
[2026-08-15T15:39:47.830+0000] {logging_mixin.py:188} INFO - [2026-08-15T15:39:47.829+0000] {dagbag.py:545} INFO - Filling up the DagBag from /opt/airflow/dags/daily_scrape_and_load.py
[2026-08-15T15:39:48.594+0000] {processor.py:840} INFO - DAG(s) 'daily_scrape_and_load' retrieved from /opt/airflow/dags/daily_scrape_and_load.py
[2026-08-15T15:39:48.641+0000] {logging_mixin.py:188} INFO - [2026-08-15T15:39:48.641+0000] {dag.py:3096} INFO - Sync 1 DAGs
[2026-08-15T15:39:48.675+0000] {logging_mixin.py:188} INFO - [2026-08-15T15:39:48.675+0000] {dag.py:3954} INFO - Setting next_dagrun for daily_scrape_and_load to 2026-08-15 00:00:00+00:00, run_after=2026-08-16 00:00:00+00:00
[2026-08-15T15:39:48.708+0000] {processor.py:183} INFO - Processing /opt/airflow/dags/daily_scrape_and_load.py took 0.889 seconds
[2026-08-15T15:40:19.145+0000] {processor.py:161} INFO - Started process (PID=1634) to work on /opt/airflow/dags/daily_scrape_and_load.py
[2026-08-15T15:40:19.146+0000] {processor.py:830} INFO - Processing file /opt/airflow/dags/daily_scrape_and_load.py for tasks to queue
[2026-08-15T15:40:19.147+0000] {logging_mixin.py:188} INFO - [2026-08-15T15:40:19.146+0000] {dagbag.py:545} INFO - Filling up the DagBag from /opt/airflow/dags/daily_scrape_and_load.py
[2026-08-15T15:40:19.977+0000] {processor.py:840} INFO - DAG(s) 'daily_scrape_and_load' retrieved from /opt/airflow/dags/daily_scrape_and_load.py
[2026-08-15T15:40:20.010+0000] {logging_mixin.py:188} INFO - [2026-08-15T15:40:20.010+0000] {dag.py:3096} INFO - Sync 1 DAGs
[2026-08-15T15:40:20.037+0000] {logging_mixin.py:188} INFO - [2026-08-15T15:40:20.037+0000] {dag.py:3954} INFO - Setting next_dagrun for daily_scrape_and_load to 2026-08-15 00:00:00+00:00, run_after=2026-08-16 00:00:00+00:00
[2026-08-15T15:40:20.148+0000] {processor.py:183} INFO - Processing /opt/airflow/dags/daily_scrape_and_load.py took 1.014 seconds
[2026-08-15T15:40:50.461+0000] {processor.py:161} INFO - Started process (PID=1640) to work on /opt/airflow/dags/daily_scrape_and_load.py
[2026-08-15T15:40:50.462+0000] {processor.py:830} INFO - Processing file /opt/airflow/dags/daily_scrape_and_load.py for tasks to queue
[2026-08-15T15:40:50.463+0000] {logging_mixin.py:188} INFO - [2026-08-15T15:40:50.463+0000] {dagbag.py:545} INFO - Filling up the DagBag from /opt/airflow/dags/daily_scrape_and_load.py
[2026-08-15T15:40:51.126+0000] {processor.py:840} INFO - DAG(s) 'daily_scrape_and_load' retrieved from /opt/airflow/dags/daily_scrape_and_load.py
[2026-08-15T15:40:51.159+0000] {logging_mixin.py:188} INFO - [2026-08-15T15:40:51.158+0000] {dag.py:3096} INFO - Sync 1 DAGs
[2026-08-15T15:40:51.183+0000] {logging_mixin.py:188} INFO - [2026-08-15T15:40:51.183+0000] {dag.py:3954} INFO - Setting next_dagrun for daily_scrape_and_load to 2026-08-15 00:00:00+00:00, run_after=2026-08-16 00:00:00+00:00
[2026-08-15T15:40:51.207+0000] {processor.py:183} INFO - Processing /opt/airflow/dags/daily_scrape_and_load.py took 0.753 seconds
[2026-08-15T15:41:21.530+0000] {processor.py:161} INFO - Started process (PID=1646) to work on /opt/airflow/dags/daily_scrape_and_load.py
[2026-08-15T15:41:21.531+0000] {processor.py:830} INFO - Processing file /opt/airflow/dags/daily_scrape_and_load.py for tasks to queue
[2026-08-15T15:41:21.532+0000] {logging_mixin.py:188} INFO - [2026-08-15T15:41:21.531+0000] {dagbag.py:545} INFO - Filling up the DagBag from /opt/airflow/dags/daily_scrape_and_load.py
[2026-08-15T15:41:22.214+0000] {processor.py:840} INFO - DAG(s) 'daily_scrape_and_load' retrieved from /opt/airflow/dags/daily_scrape_and_load.py
[2026-08-15T15:41:22.250+0000] {logging_mixin.py:188} INFO - [2026-08-15T15:41:22.250+0000] {dag.py:3096} INFO - Sync 1 DAGs
[2026-08-15T15:41:22.280+0000] {logging_mixin.py:188} INFO - [2026-08-15T15:41:22.279+0000] {dag.py:3954} INFO - Setting next_dagrun for daily_scrape_and_load to 2026-08-15 00:00:00+00:00, run_after=2026-08-16 00:00:00+00:00
[2026-08-15T15:41:22.308+0000] {processor.py:183} INFO - Processing /opt/airflow/dags/daily_scrape_and_load.py took 0.788 seconds
[2026-08-15T15:41:52.660+0000] {processor.py:161} INFO - Started process (PID=1652) to work on /opt/airflow/dags/daily_scrape_and_load.py
[2026-08-15T15:41:52.661+0000] {processor.py:830} INFO - Processing file /opt/airflow/dags/daily_scrape_and_load.py for tasks to queue
[2026-08-15T15:41:52.663+0000] {logging_mixin.py:188} INFO - [2026-08-15T15:41:52.662+0000] {dagbag.py:545} INFO - Filling up the DagBag from /opt/airflow/dags/daily_scrape_and_load.py
[2026-08-15T15:41:53.359+0000] {processor.py:840} INFO - DAG(s) 'daily_scrape_and_load' retrieved from /opt/airflow/dags/daily_scrape_and_load.py
[2026-08-15T15:41:53.395+0000] {logging_mixin.py:188} INFO - [2026-08-15T15:41:53.395+0000] {dag.py:3096} INFO - Sync 1 DAGs
[2026-08-15T15:41:53.420+0000] {logging_mixin.py:188} INFO - [2026-08-15T15:41:53.420+0000] {dag.py:3954} INFO - Setting next_dagrun for daily_scrape_and_load to 2026-08-15 00:00:00+00:00, run_after=2026-08-16 00:00:00+00:00
[2026-08-15T15:41:53.450+0000] {processor.py:183} INFO - Processing /opt/airflow/dags/daily_scrape_and_load.py took 0.800 seconds
[2026-08-15T15:42:23.802+0000] {processor.py:161} INFO - Started process (PID=1658) to work on /opt/airflow/dags/daily_scrape_and_load.py
[2026-08-15T15:42:23.804+0000] {processor.py:830} INFO - Processing file /opt/airflow/dags/daily_scrape_and_load.py for tasks to queue
[2026-08-15T15:42:23.805+0000] {logging_mixin.py:188} INFO - [2026-08-15T15:42:23.805+0000] {dagbag.py:545} INFO - Filling up the DagBag from /opt/airflow/dags/daily_scrape_and_load.py
[2026-08-15T15:42:24.745+0000] {processor.py:840} INFO - DAG(s) 'daily_scrape_and_load' retrieved from /opt/airflow/dags/daily_scrape_and_load.py
[2026-08-15T15:42:24.792+0000] {logging_mixin.py:188} INFO - [2026-08-15T15:42:24.792+0000] {dag.py:3096} INFO - Sync 1 DAGs
[2026-08-15T15:42:24.818+0000] {logging_mixin.py:188} INFO - [2026-08-15T15:42:24.817+0000] {dag.py:3954} INFO - Setting next_dagrun for daily_scrape_and_load to 2026-08-15 00:00:00+00:00, run_after=2026-08-16 00:00:00+00:00
[2026-08-15T15:42:24.843+0000] {processor.py:183} INFO - Processing /opt/airflow/dags/daily_scrape_and_load.py took 1.065 seconds
[2026-08-15T15:42:55.163+0000] {processor.py:161} INFO - Started process (PID=1664) to work on /opt/airflow/dags/daily_scrape_and_load.py
[2026-08-15T15:42:55.164+0000] {processor.py:830} INFO - Processing file /opt/airflow/dags/daily_scrape_and_load.py for tasks to queue
[2026-08-15T15:42:55.165+0000] {logging_mixin.py:188} INFO - [2026-08-15T15:42:55.165+0000] {dagbag.py:545} INFO - Filling up the DagBag from /opt/airflow/dags/daily_scrape_and_load.py
[2026-08-15T15:42:55.832+0000] {processor.py:840} INFO - DAG(s) 'daily_scrape_and_load' retrieved from /opt/airflow/dags/daily_scrape_and_load.py
[2026-08-15T15:42:55.867+0000] {logging_mixin.py:188} INFO - [2026-08-15T15:42:55.867+0000] {dag.py:3096} INFO - Sync 1 DAGs
[2026-08-15T15:42:55.893+0000] {logging_mixin.py:188} INFO - [2026-08-15T15:42:55.893+0000] {dag.py:3954} INFO - Setting next_dagrun for daily_scrape_and_load to 2026-08-15 00:00:00+00:00, run_after=2026-08-16 00:00:00+00:00
[2026-08-15T15:42:55.920+0000] {processor.py:183} INFO - Processing /opt/airflow/dags/daily_scrape_and_load.py took 0.766 seconds
[2026-08-15T15:43:26.271+0000] {processor.py:161} INFO - Started process (PID=1670) to work on /opt/airflow/dags/daily_scrape_and_load.py
[2026-08-15T15:43:26.272+0000] {processor.py:830} INFO - Processing file /opt/airflow/dags/daily_scrape_and_load.py for tasks to queue
[2026-08-15T15:43:26.274+0000] {logging_mixin.py:188} INFO - [2026-08-15T15:43:26.273+0000] {dagbag.py:545} INFO - Filling up the DagBag from /opt/airflow/dags/daily_scrape_and_load.py
[2026-08-15T15:43:27.080+0000] {processor.py:840} INFO - DAG(s) 'daily_scrape_and_load' retrieved from /opt/airflow/dags/daily_scrape_and_load.py
[2026-08-15T15:43:27.124+0000] {logging_mixin.py:188} INFO - [2026-08-15T15:43:27.124+0000] {dag.py:3096} INFO - Sync 1 DAGs
[2026-08-15T15:43:27.152+0000] {logging_mixin.py:188} INFO - [2026-08-15T15:43:27.152+0000] {dag.py:3954} INFO - Setting next_dagrun for daily_scrape_and_load to 2026-08-15 00:00:00+00:00, run_after=2026-08-16 00:00:00+00:00
[2026-08-15T15:43:27.182+0000] {processor.py:183} INFO - Processing /opt/airflow/dags/daily_scrape_and_load.py took 0.921 seconds
[2026-08-15T15:43:57.548+0000] {processor.py:161} INFO - Started process (PID=1676) to work on /opt/airflow/dags/daily_scrape_and_load.py
[2026-08-15T15:43:57.551+0000] {processor.py:830} INFO - Processing file /opt/airflow/dags/daily_scrape_and_load.py for tasks to queue
[2026-08-15T15:43:57.558+0000] {logging_mixin.py:188} INFO - [2026-08-15T15:43:57.557+0000] {dagbag.py:545} INFO - Filling up the DagBag from /opt/airflow/dags/daily_scrape_and_load.py
[2026-08-15T15:43:58.983+0000] {processor.py:840} INFO - DAG(s) 'daily_scrape_and_load' retrieved from /opt/airflow/dags/daily_scrape_and_load.py
[2026-08-15T15:43:59.054+0000] {logging_mixin.py:188} INFO - [2026-08-15T15:43:59.053+0000] {dag.py:3096} INFO - Sync 1 DAGs
[2026-08-15T15:43:59.102+0000] {logging_mixin.py:188} INFO - [2026-08-15T15:43:59.101+0000] {dag.py:3954} INFO - Setting next_dagrun for daily_scrape_and_load to 2026-08-15 00:00:00+00:00, run_after=2026-08-16 00:00:00+00:00
[2026-08-15T15:43:59.142+0000] {processor.py:183} INFO - Processing /opt/airflow/dags/daily_scrape_and_load.py took 1.620 seconds
[2026-08-15T15:44:29.434+0000] {processor.py:161} INFO - Started process (PID=1682) to work on /opt/airflow/dags/daily_scrape_and_load.py
[2026-08-15T15:44:29.439+0000] {processor.py:830} INFO - Processing file /opt/airflow/dags/daily_scrape_and_load.py for tasks to queue
[2026-08-15T15:44:29.442+0000] {logging_mixin.py:188} INFO - [2026-08-15T15:44:29.441+0000] {dagbag.py:545} INFO - Filling up the DagBag from /opt/airflow/dags/daily_scrape_and_load.py
[2026-08-15T15:44:30.772+0000] {processor.py:840} INFO - DAG(s) 'daily_scrape_and_load' retrieved from /opt/airflow/dags/daily_scrape_and_load.py
[2026-08-15T15:44:30.849+0000] {logging_mixin.py:188} INFO - [2026-08-15T15:44:30.849+0000] {dag.py:3096} INFO - Sync 1 DAGs
[2026-08-15T15:44:30.893+0000] {logging_mixin.py:188} INFO - [2026-08-15T15:44:30.893+0000] {dag.py:3954} INFO - Setting next_dagrun for daily_scrape_and_load to 2026-08-15 00:00:00+00:00, run_after=2026-08-16 00:00:00+00:00
[2026-08-15T15:44:30.937+0000] {processor.py:183} INFO - Processing /opt/airflow/dags/daily_scrape_and_load.py took 1.526 seconds
[2026-08-15T15:45:01.330+0000] {processor.py:161} INFO - Started process (PID=1688) to work on /opt/airflow/dags/daily_scrape_and_load.py
[2026-08-15T15:45:01.332+0000] {processor.py:830} INFO - Processing file /opt/airflow/dags/daily_scrape_and_load.py for tasks to queue
[2026-08-15T15:45:01.335+0000] {logging_mixin.py:188} INFO - [2026-08-15T15:45:01.334+0000] {dagbag.py:545} INFO - Filling up the DagBag from /opt/airflow/dags/daily_scrape_and_load.py
[2026-08-15T15:45:03.137+0000] {processor.py:840} INFO - DAG(s) 'daily_scrape_and_load' retrieved from /opt/airflow/dags/daily_scrape_and_load.py
[2026-08-15T15:45:03.213+0000] {logging_mixin.py:188} INFO - [2026-08-15T15:45:03.213+0000] {dag.py:3096} INFO - Sync 1 DAGs
[2026-08-15T15:45:03.263+0000] {logging_mixin.py:188} INFO - [2026-08-15T15:45:03.262+0000] {dag.py:3954} INFO - Setting next_dagrun for daily_scrape_and_load to 2026-08-15 00:00:00+00:00, run_after=2026-08-16 00:00:00+00:00
[2026-08-15T15:45:03.306+0000] {processor.py:183} INFO - Processing /opt/airflow/dags/daily_scrape_and_load.py took 1.996 seconds
[2026-08-15T15:45:33.728+0000] {processor.py:161} INFO - Started process (PID=1694) to work on /opt/airflow/dags/daily_scrape_and_load.py
[2026-08-15T15:45:33.730+0000] {processor.py:830} INFO - Processing file /opt/airflow/dags/daily_scrape_and_load.py for tasks to queue
[2026-08-15T15:45:33.732+0000] {logging_mixin.py:188} INFO - [2026-08-15T15:45:33.731+0000] {dagbag.py:545} INFO - Filling up the DagBag from /opt/airflow/dags/daily_scrape_and_load.py
[2026-08-15T15:45:34.450+0000] {processor.py:840} INFO - DAG(s) 'daily_scrape_and_load' retrieved from /opt/airflow/dags/daily_scrape_and_load.py
[2026-08-15T15:45:34.488+0000] {logging_mixin.py:188} INFO - [2026-08-15T15:45:34.487+0000] {dag.py:3096} INFO - Sync 1 DAGs
[2026-08-15T15:45:34.514+0000] {logging_mixin.py:188} INFO - [2026-08-15T15:45:34.513+0000] {dag.py:3954} INFO - Setting next_dagrun for daily_scrape_and_load to 2026-08-15 00:00:00+00:00, run_after=2026-08-16 00:00:00+00:00
[2026-08-15T15:45:34.542+0000] {processor.py:183} INFO - Processing /opt/airflow/dags/daily_scrape_and_load.py took 0.835 seconds
[2026-08-15T15:46:04.942+0000] {processor.py:161} INFO - Started process (PID=1700) to work on /opt/airflow/dags/daily_scrape_and_load.py
[2026-08-15T15:46:04.943+0000] {processor.py:830} INFO - Processing file /opt/airflow/dags/daily_scrape_and_load.py for tasks to queue
[2026-08-15T15:46:04.944+0000] {logging_mixin.py:188} INFO - [2026-08-15T15:46:04.944+0000] {dagbag.py:545} INFO - Filling up the DagBag from /opt/airflow/dags/daily_scrape_and_load.py
[2026-08-15T15:46:05.654+0000] {processor.py:840} INFO - DAG(s) 'daily_scrape_and_load' retrieved from /opt/airflow/dags/daily_scrape_and_load.py
[2026-08-15T15:46:05.688+0000] {logging_mixin.py:188} INFO - [2026-08-15T15:46:05.688+0000] {dag.py:3096} INFO - Sync 1 DAGs
[2026-08-15T15:46:05.712+0000] {logging_mixin.py:188} INFO - [2026-08-15T15:46:05.711+0000] {dag.py:3954} INFO - Setting next_dagrun for daily_scrape_and_load to 2026-08-15 00:00:00+00:00, run_after=2026-08-16 00:00:00+00:00
[2026-08-15T15:46:05.741+0000] {processor.py:183} INFO - Processing /opt/airflow/dags/daily_scrape_and_load.py took 0.807 seconds
[2026-08-15T15:46:36.092+0000] {processor.py:161} INFO - Started process (PID=1706) to work on /opt/airflow/dags/daily_scrape_and_load.py
[2026-08-15T15:46:36.093+0000] {processor.py:830} INFO - Processing file /opt/airflow/dags/daily_scrape_and_load.py for tasks to queue
[2026-08-15T15:46:36.094+0000] {logging_mixin.py:188} INFO - [2026-08-15T15:46:36.093+0000] {dagbag.py:545} INFO - Filling up the DagBag from /opt/airflow/dags/daily_scrape_and_load.py
[2026-08-15T15:46:36.785+0000] {processor.py:840} INFO - DAG(s) 'daily_scrape_and_load' retrieved from /opt/airflow/dags/daily_scrape_and_load.py
[2026-08-15T15:46:36.825+0000] {logging_mixin.py:188} INFO - [2026-08-15T15:46:36.824+0000] {dag.py:3096} INFO - Sync 1 DAGs
[2026-08-15T15:46:36.853+0000] {logging_mixin.py:188} INFO - [2026-08-15T15:46:36.853+0000] {dag.py:3954} INFO - Setting next_dagrun for daily_scrape_and_load to 2026-08-15 00:00:00+00:00, run_after=2026-08-16 00:00:00+00:00
[2026-08-15T15:46:36.881+0000] {processor.py:183} INFO - Processing /opt/airflow/dags/daily_scrape_and_load.py took 0.798 seconds
[2026-08-15T15:47:07.242+0000] {processor.py:161} INFO - Started process (PID=1712) to work on /opt/airflow/dags/daily_scrape_and_load.py
[2026-08-15T15:47:07.243+0000] {processor.py:830} INFO - Processing file /opt/airflow/dags/daily_scrape_and_load.py for tasks to queue
[2026-08-15T15:47:07.244+0000] {logging_mixin.py:188} INFO - [2026-08-15T15:47:07.244+0000] {dagbag.py:545} INFO - Filling up the DagBag from /opt/airflow/dags/daily_scrape_and_load.py
[2026-08-15T15:47:07.980+0000] {processor.py:840} INFO - DAG(s) 'daily_scrape_and_load' retrieved from /opt/airflow/dags/daily_scrape_and_load.py
[2026-08-15T15:47:08.016+0000] {logging_mixin.py:188} INFO - [2026-08-15T15:47:08.016+0000] {dag.py:3096} INFO - Sync 1 DAGs
[2026-08-15T15:47:08.042+0000] {logging_mixin.py:188} INFO - [2026-08-15T15:47:08.042+0000] {dag.py:3954} INFO - Setting next_dagrun for daily_scrape_and_load to 2026-08-15 00:00:00+00:00, run_after=2026-08-16 00:00:00+00:00
[2026-08-15T15:47:08.069+0000] {processor.py:183} INFO - Processing /opt/airflow/dags/daily_scrape_and_load.py took 0.834 seconds
[2026-08-15T15:47:38.420+0000] {processor.py:161} INFO - Started process (PID=1718) to work on /opt/airflow/dags/daily_scrape_and_load.py
[2026-08-15T15:47:38.421+0000] {processor.py:830} INFO - Processing file /opt/airflow/dags/daily_scrape_and_load.py for tasks to queue
[2026-08-15T15:47:38.422+0000] {logging_mixin.py:188} INFO - [2026-08-15T15:47:38.422+0000] {dagbag.py:545} INFO - Filling up the DagBag from /opt/airflow/dags/daily_scrape_and_load.py
[2026-08-15T15:47:39.206+0000] {processor.py:840} INFO - DAG(s) 'daily_scrape_and_load' retrieved from /opt/airflow/dags/daily_scrape_and_load.py
[2026-08-15T15:47:39.243+0000] {logging_mixin.py:188} INFO - [2026-08-15T15:47:39.242+0000] {dag.py:3096} INFO - Sync 1 DAGs
[2026-08-15T15:47:39.268+0000] {logging_mixin.py:188} INFO - [2026-08-15T15:47:39.268+0000] {dag.py:3954} INFO - Setting next_dagrun for daily_scrape_and_load to 2026-08-15 00:00:00+00:00, run_after=2026-08-16 00:00:00+00:00
[2026-08-15T15:47:39.292+0000] {processor.py:183} INFO - Processing /opt/airflow/dags/daily_scrape_and_load.py took 0.881 seconds
[2026-08-15T15:48:09.609+0000] {processor.py:161} INFO - Started process (PID=1724) to work on /opt/airflow/dags/daily_scrape_and_load.py
[2026-08-15T15:48:09.611+0000] {processor.py:830} INFO - Processing file /opt/airflow/dags/daily_scrape_and_load.py for tasks to queue
[2026-08-15T15:48:09.612+0000] {logging_mixin.py:188} INFO - [2026-08-15T15:48:09.612+0000] {dagbag.py:545} INFO - Filling up the DagBag from /opt/airflow/dags/daily_scrape_and_load.py
[2026-08-15T15:48:10.323+0000] {processor.py:840} INFO - DAG(s) 'daily_scrape_and_load' retrieved from /opt/airflow/dags/daily_scrape_and_load.py
[2026-08-15T15:48:10.370+0000] {logging_mixin.py:188} INFO - [2026-08-15T15:48:10.370+0000] {dag.py:3096} INFO - Sync 1 DAGs
[2026-08-15T15:48:10.401+0000] {logging_mixin.py:188} INFO - [2026-08-15T15:48:10.400+0000] {dag.py:3954} INFO - Setting next_dagrun for daily_scrape_and_load to 2026-08-15 00:00:00+00:00, run_after=2026-08-16 00:00:00+00:00
[2026-08-15T15:48:10.432+0000] {processor.py:183} INFO - Processing /opt/airflow/dags/daily_scrape_and_load.py took 0.831 seconds
[2026-08-15T15:48:40.737+0000] {processor.py:161} INFO - Started process (PID=1730) to work on /opt/airflow/dags/daily_scrape_and_load.py
[2026-08-15T15:48:40.738+0000] {processor.py:830} INFO - Processing file /opt/airflow/dags/daily_scrape_and_load.py for tasks to queue
[2026-08-15T15:48:40.739+0000] {logging_mixin.py:188} INFO - [2026-08-15T15:48:40.739+0000] {dagbag.py:545} INFO - Filling up the DagBag from /opt/airflow/dags/daily_scrape_and_load.py
[2026-08-15T15:48:41.669+0000] {processor.py:840} INFO - DAG(s) 'daily_scrape_and_load' retrieved from /opt/airflow/dags/daily_scrape_and_load.py
[2026-08-15T15:48:41.702+0000] {logging_mixin.py:188} INFO - [2026-08-15T15:48:41.702+0000] {dag.py:3096} INFO - Sync 1 DAGs
[2026-08-15T15:48:41.725+0000] {logging_mixin.py:188} INFO - [2026-08-15T15:48:41.725+0000] {dag.py:3954} INFO - Setting next_dagrun for daily_scrape_and_load to 2026-08-15 00:00:00+00:00, run_after=2026-08-16 00:00:00+00:00
[2026-08-15T15:48:41.749+0000] {processor.py:183} INFO - Processing /opt/airflow/dags/daily_scrape_and_load.py took 1.020 seconds
[2026-08-15T15:49:12.215+0000] {processor.py:161} INFO - Started process (PID=1736) to work on /opt/airflow/dags/daily_scrape_and_load.py
[2026-08-15T15:49:12.216+0000] {processor.py:830} INFO - Processing file /opt/airflow/dags/daily_scrape_and_load.py for tasks to queue
[2026-08-15T15:49:12.219+0000] {logging_mixin.py:188} INFO - [2026-08-15T15:49:12.218+0000] {dagbag.py:545} INFO - Filling up the DagBag from /opt/airflow/dags/daily_scrape_and_load.py
[2026-08-15T15:49:13.381+0000] {processor.py:840} INFO - DAG(s) 'daily_scrape_and_load' retrieved from /opt/airflow/dags/daily_scrape_and_load.py
[2026-08-15T15:49:13.424+0000] {logging_mixin.py:188} INFO - [2026-08-15T15:49:13.423+0000] {dag.py:3096} INFO - Sync 1 DAGs
[2026-08-15T15:49:13.453+0000] {logging_mixin.py:188} INFO - [2026-08-15T15:49:13.452+0000] {dag.py:3954} INFO - Setting next_dagrun for daily_scrape_and_load to 2026-08-15 00:00:00+00:00, run_after=2026-08-16 00:00:00+00:00
[2026-08-15T15:49:13.516+0000] {processor.py:183} INFO - Processing /opt/airflow/dags/daily_scrape_and_load.py took 1.328 seconds
[2026-08-15T15:49:43.689+0000] {processor.py:161} INFO - Started process (PID=1742) to work on /opt/airflow/dags/daily_scrape_and_load.py
[2026-08-15T15:49:43.689+0000] {processor.py:830} INFO - Processing file /opt/airflow/dags/daily_scrape_and_load.py for tasks to queue
[2026-08-15T15:49:43.691+0000] {logging_mixin.py:188} INFO - [2026-08-15T15:49:43.690+0000] {dagbag.py:545} INFO - Filling up the DagBag from /opt/airflow/dags/daily_scrape_and_load.py
[2026-08-15T15:49:44.376+0000] {processor.py:840} INFO - DAG(s) 'daily_scrape_and_load' retrieved from /opt/airflow/dags/daily_scrape_and_load.py
[2026-08-15T15:49:44.407+0000] {logging_mixin.py:188} INFO - [2026-08-15T15:49:44.407+0000] {dag.py:3096} INFO - Sync 1 DAGs
[2026-08-15T15:49:44.432+0000] {logging_mixin.py:188} INFO - [2026-08-15T15:49:44.431+0000] {dag.py:3954} INFO - Setting next_dagrun for daily_scrape_and_load to 2026-08-15 00:00:00+00:00, run_after=2026-08-16 00:00:00+00:00
[2026-08-15T15:49:44.456+0000] {processor.py:183} INFO - Processing /opt/airflow/dags/daily_scrape_and_load.py took 0.775 seconds
[2026-08-15T15:50:14.760+0000] {processor.py:161} INFO - Started process (PID=1748) to work on /opt/airflow/dags/daily_scrape_and_load.py
[2026-08-15T15:50:14.761+0000] {processor.py:830} INFO - Processing file /opt/airflow/dags/daily_scrape_and_load.py for tasks to queue
[2026-08-15T15:50:14.762+0000] {logging_mixin.py:188} INFO - [2026-08-15T15:50:14.761+0000] {dagbag.py:545} INFO - Filling up the DagBag from /opt/airflow/dags/daily_scrape_and_load.py
[2026-08-15T15:50:15.392+0000] {processor.py:840} INFO - DAG(s) 'daily_scrape_and_load' retrieved from /opt/airflow/dags/daily_scrape_and_load.py
[2026-08-15T15:50:15.430+0000] {logging_mixin.py:188} INFO - [2026-08-15T15:50:15.429+0000] {dag.py:3096} INFO - Sync 1 DAGs
[2026-08-15T15:50:15.455+0000] {logging_mixin.py:188} INFO - [2026-08-15T15:50:15.455+0000] {dag.py:3954} INFO - Setting next_dagrun for daily_scrape_and_load to 2026-08-15 00:00:00+00:00, run_after=2026-08-16 00:00:00+00:00
[2026-08-15T15:50:15.479+0000] {processor.py:183} INFO - Processing /opt/airflow/dags/daily_scrape_and_load.py took 0.726 seconds
[2026-08-15T15:50:45.904+0000] {processor.py:161} INFO - Started process (PID=1754) to work on /opt/airflow/dags/daily_scrape_and_load.py
[2026-08-15T15:50:45.905+0000] {processor.py:830} INFO - Processing file /opt/airflow/dags/daily_scrape_and_load.py for tasks to queue
[2026-08-15T15:50:45.906+0000] {logging_mixin.py:188} INFO - [2026-08-15T15:50:45.905+0000] {dagbag.py:545} INFO - Filling up the DagBag from /opt/airflow/dags/daily_scrape_and_load.py
[2026-08-15T15:50:46.519+0000] {processor.py:840} INFO - DAG(s) 'daily_scrape_and_load' retrieved from /opt/airflow/dags/daily_scrape_and_load.py
[2026-08-15T15:50:46.552+0000] {logging_mixin.py:188} INFO - [2026-08-15T15:50:46.552+0000] {dag.py:3096} INFO - Sync 1 DAGs
[2026-08-15T15:50:46.574+0000] {logging_mixin.py:188} INFO - [2026-08-15T15:50:46.573+0000] {dag.py:3954} INFO - Setting next_dagrun for daily_scrape_and_load to 2026-08-15 00:00:00+00:00, run_after=2026-08-16 00:00:00+00:00
[2026-08-15T15:50:46.597+0000] {processor.py:183} INFO - Processing /opt/airflow/dags/daily_scrape_and_load.py took 0.701 seconds
[2026-08-15T15:51:16.852+0000] {processor.py:161} INFO - Started process (PID=1760) to work on /opt/airflow/dags/daily_scrape_and_load.py
[2026-08-15T15:51:16.853+0000] {processor.py:830} INFO - Processing file /opt/airflow/dags/daily_scrape_and_load.py for tasks to queue
[2026-08-15T15:51:16.854+0000] {logging_mixin.py:188} INFO - [2026-08-15T15:51:16.854+0000] {dagbag.py:545} INFO - Filling up the DagBag from /opt/airflow/dags/daily_scrape_and_load.py
[2026-08-15T15:51:17.457+0000] {processor.py:840} INFO - DAG(s) 'daily_scrape_and_load' retrieved from /opt/airflow/dags/daily_scrape_and_load.py
[2026-08-15T15:51:17.494+0000] {logging_mixin.py:188} INFO - [2026-08-15T15:51:17.493+0000] {dag.py:3096} INFO - Sync 1 DAGs
[2026-08-15T15:51:17.519+0000] {logging_mixin.py:188} INFO - [2026-08-15T15:51:17.519+0000] {dag.py:3954} INFO - Setting next_dagrun for daily_scrape_and_load to 2026-08-15 00:00:00+00:00, run_after=2026-08-16 00:00:00+00:00
[2026-08-15T15:51:17.542+0000] {processor.py:183} INFO - Processing /opt/airflow/dags/daily_scrape_and_load.py took 0.697 seconds
[2026-08-15T15:51:47.928+0000] {processor.py:161} INFO - Started process (PID=1766) to work on /opt/airflow/dags/daily_scrape_and_load.py
[2026-08-15T15:51:47.930+0000] {processor.py:830} INFO - Processing file /opt/airflow/dags/daily_scrape_and_load.py for tasks to queue
[2026-08-15T15:51:47.931+0000] {logging_mixin.py:188} INFO - [2026-08-15T15:51:47.931+0000] {dagbag.py:545} INFO - Filling up the DagBag from /opt/airflow/dags/daily_scrape_and_load.py
[2026-08-15T15:51:48.557+0000] {processor.py:840} INFO - DAG(s) 'daily_scrape_and_load' retrieved from /opt/airflow/dags/daily_scrape_and_load.py
[2026-08-15T15:51:48.589+0000] {logging_mixin.py:188} INFO - [2026-08-15T15:51:48.588+0000] {dag.py:3096} INFO - Sync 1 DAGs
[2026-08-15T15:51:48.610+0000] {logging_mixin.py:188} INFO - [2026-08-15T15:51:48.610+0000] {dag.py:3954} INFO - Setting next_dagrun for daily_scrape_and_load to 2026-08-15 00:00:00+00:00, run_after=2026-08-16 00:00:00+00:00
[2026-08-15T15:51:48.635+0000] {processor.py:183} INFO - Processing /opt/airflow/dags/daily_scrape_and_load.py took 0.716 seconds
[2026-08-15T15:52:19.017+0000] {processor.py:161} INFO - Started process (PID=1772) to work on /opt/airflow/dags/daily_scrape_and_load.py
[2026-08-15T15:52:19.018+0000] {processor.py:830} INFO - Processing file /opt/airflow/dags/daily_scrape_and_load.py for tasks to queue
[2026-08-15T15:52:19.019+0000] {logging_mixin.py:188} INFO - [2026-08-15T15:52:19.018+0000] {dagbag.py:545} INFO - Filling up the DagBag from /opt/airflow/dags/daily_scrape_and_load.py
[2026-08-15T15:52:19.634+0000] {processor.py:840} INFO - DAG(s) 'daily_scrape_and_load' retrieved from /opt/airflow/dags/daily_scrape_and_load.py
[2026-08-15T15:52:19.666+0000] {logging_mixin.py:188} INFO - [2026-08-15T15:52:19.666+0000] {dag.py:3096} INFO - Sync 1 DAGs
[2026-08-15T15:52:19.689+0000] {logging_mixin.py:188} INFO - [2026-08-15T15:52:19.689+0000] {dag.py:3954} INFO - Setting next_dagrun for daily_scrape_and_load to 2026-08-15 00:00:00+00:00, run_after=2026-08-16 00:00:00+00:00
[2026-08-15T15:52:19.713+0000] {processor.py:183} INFO - Processing /opt/airflow/dags/daily_scrape_and_load.py took 0.704 seconds
[2026-08-15T15:52:49.997+0000] {processor.py:161} INFO - Started process (PID=1778) to work on /opt/airflow/dags/daily_scrape_and_load.py
[2026-08-15T15:52:49.998+0000] {processor.py:830} INFO - Processing file /opt/airflow/dags/daily_scrape_and_load.py for tasks to queue
[2026-08-15T15:52:49.999+0000] {logging_mixin.py:188} INFO - [2026-08-15T15:52:49.998+0000] {dagbag.py:545} INFO - Filling up the DagBag from /opt/airflow/dags/daily_scrape_and_load.py
[2026-08-15T15:52:50.610+0000] {processor.py:840} INFO - DAG(s) 'daily_scrape_and_load' retrieved from /opt/airflow/dags/daily_scrape_and_load.py
[2026-08-15T15:52:50.642+0000] {logging_mixin.py:188} INFO - [2026-08-15T15:52:50.642+0000] {dag.py:3096} INFO - Sync 1 DAGs
[2026-08-15T15:52:50.666+0000] {logging_mixin.py:188} INFO - [2026-08-15T15:52:50.666+0000] {dag.py:3954} INFO - Setting next_dagrun for daily_scrape_and_load to 2026-08-15 00:00:00+00:00, run_after=2026-08-16 00:00:00+00:00
[2026-08-15T15:52:50.689+0000] {processor.py:183} INFO - Processing /opt/airflow/dags/daily_scrape_and_load.py took 0.700 seconds
[2026-08-15T15:53:21.066+0000] {processor.py:161} INFO - Started process (PID=1784) to work on /opt/airflow/dags/daily_scrape_and_load.py
[2026-08-15T15:53:21.067+0000] {processor.py:830} INFO - Processing file /opt/airflow/dags/daily_scrape_and_load.py for tasks to queue
[2026-08-15T15:53:21.069+0000] {logging_mixin.py:188} INFO - [2026-08-15T15:53:21.068+0000] {dagbag.py:545} INFO - Filling up the DagBag from /opt/airflow/dags/daily_scrape_and_load.py
[2026-08-15T15:53:21.690+0000] {processor.py:840} INFO - DAG(s) 'daily_scrape_and_load' retrieved from /opt/airflow/dags/daily_scrape_and_load.py
[2026-08-15T15:53:21.720+0000] {logging_mixin.py:188} INFO - [2026-08-15T15:53:21.719+0000] {dag.py:3096} INFO - Sync 1 DAGs
[2026-08-15T15:53:21.742+0000] {logging_mixin.py:188} INFO - [2026-08-15T15:53:21.742+0000] {dag.py:3954} INFO - Setting next_dagrun for daily_scrape_and_load to 2026-08-15 00:00:00+00:00, run_after=2026-08-16 00:00:00+00:00
[2026-08-15T15:53:21.767+0000] {processor.py:183} INFO - Processing /opt/airflow/dags/daily_scrape_and_load.py took 0.709 seconds
[2026-08-15T15:53:52.146+0000] {processor.py:161} INFO - Started process (PID=1790) to work on /opt/airflow/dags/daily_scrape_and_load.py
[2026-08-15T15:53:52.147+0000] {processor.py:830} INFO - Processing file /opt/airflow/dags/daily_scrape_and_load.py for tasks to queue
[2026-08-15T15:53:52.148+0000] {logging_mixin.py:188} INFO - [2026-08-15T15:53:52.148+0000] {dagbag.py:545} INFO - Filling up the DagBag from /opt/airflow/dags/daily_scrape_and_load.py
[2026-08-15T15:53:52.796+0000] {processor.py:840} INFO - DAG(s) 'daily_scrape_and_load' retrieved from /opt/airflow/dags/daily_scrape_and_load.py
[2026-08-15T15:53:52.830+0000] {logging_mixin.py:188} INFO - [2026-08-15T15:53:52.829+0000] {dag.py:3096} INFO - Sync 1 DAGs
[2026-08-15T15:53:52.852+0000] {logging_mixin.py:188} INFO - [2026-08-15T15:53:52.851+0000] {dag.py:3954} INFO - Setting next_dagrun for daily_scrape_and_load to 2026-08-15 00:00:00+00:00, run_after=2026-08-16 00:00:00+00:00
[2026-08-15T15:53:52.875+0000] {processor.py:183} INFO - Processing /opt/airflow/dags/daily_scrape_and_load.py took 0.736 seconds
[2026-08-15T15:54:23.005+0000] {processor.py:161} INFO - Started process (PID=1796) to work on /opt/airflow/dags/daily_scrape_and_load.py
[2026-08-15T15:54:23.006+0000] {processor.py:830} INFO - Processing file /opt/airflow/dags/daily_scrape_and_load.py for tasks to queue
[2026-08-15T15:54:23.008+0000] {logging_mixin.py:188} INFO - [2026-08-15T15:54:23.007+0000] {dagbag.py:545} INFO - Filling up the DagBag from /opt/airflow/dags/daily_scrape_and_load.py
[2026-08-15T15:54:23.957+0000] {processor.py:840} INFO - DAG(s) 'daily_scrape_and_load' retrieved from /opt/airflow/dags/daily_scrape_and_load.py
[2026-08-15T15:54:24.006+0000] {logging_mixin.py:188} INFO - [2026-08-15T15:54:24.005+0000] {dag.py:3096} INFO - Sync 1 DAGs
[2026-08-15T15:54:24.049+0000] {logging_mixin.py:188} INFO - [2026-08-15T15:54:24.049+0000] {dag.py:3954} INFO - Setting next_dagrun for daily_scrape_and_load to 2026-08-15 00:00:00+00:00, run_after=2026-08-16 00:00:00+00:00
[2026-08-15T15:54:24.090+0000] {processor.py:183} INFO - Processing /opt/airflow/dags/daily_scrape_and_load.py took 1.095 seconds
[2026-08-15T15:54:54.240+0000] {processor.py:161} INFO - Started process (PID=1802) to work on /opt/airflow/dags/daily_scrape_and_load.py
[2026-08-15T15:54:54.242+0000] {processor.py:830} INFO - Processing file /opt/airflow/dags/daily_scrape_and_load.py for tasks to queue
[2026-08-15T15:54:54.244+0000] {logging_mixin.py:188} INFO - [2026-08-15T15:54:54.243+0000] {dagbag.py:545} INFO - Filling up the DagBag from /opt/airflow/dags/daily_scrape_and_load.py
[2026-08-15T15:54:55.669+0000] {processor.py:840} INFO - DAG(s) 'daily_scrape_and_load' retrieved from /opt/airflow/dags/daily_scrape_and_load.py
[2026-08-15T15:54:55.721+0000] {logging_mixin.py:188} INFO - [2026-08-15T15:54:55.721+0000] {dag.py:3096} INFO - Sync 1 DAGs
[2026-08-15T15:54:55.758+0000] {logging_mixin.py:188} INFO - [2026-08-15T15:54:55.757+0000] {dag.py:3954} INFO - Setting next_dagrun for daily_scrape_and_load to 2026-08-15 00:00:00+00:00, run_after=2026-08-16 00:00:00+00:00
[2026-08-15T15:54:55.809+0000] {processor.py:183} INFO - Processing /opt/airflow/dags/daily_scrape_and_load.py took 1.582 seconds
[2026-08-15T15:55:26.084+0000] {processor.py:161} INFO - Started process (PID=1808) to work on /opt/airflow/dags/daily_scrape_and_load.py
[2026-08-15T15:55:26.085+0000] {processor.py:830} INFO - Processing file /opt/airflow/dags/daily_scrape_and_load.py for tasks to queue
[2026-08-15T15:55:26.086+0000] {logging_mixin.py:188} INFO - [2026-08-15T15:55:26.086+0000] {dagbag.py:545} INFO - Filling up the DagBag from /opt/airflow/dags/daily_scrape_and_load.py
[2026-08-15T15:55:26.855+0000] {processor.py:840} INFO - DAG(s) 'daily_scrape_and_load' retrieved from /opt/airflow/dags/daily_scrape_and_load.py
[2026-08-15T15:55:26.895+0000] {logging_mixin.py:188} INFO - [2026-08-15T15:55:26.895+0000] {dag.py:3096} INFO - Sync 1 DAGs
[2026-08-15T15:55:26.928+0000] {logging_mixin.py:188} INFO - [2026-08-15T15:55:26.928+0000] {dag.py:3954} INFO - Setting next_dagrun for daily_scrape_and_load to 2026-08-15 00:00:00+00:00, run_after=2026-08-16 00:00:00+00:00
[2026-08-15T15:55:26.957+0000] {processor.py:183} INFO - Processing /opt/airflow/dags/daily_scrape_and_load.py took 0.883 seconds
[2026-08-15T15:55:57.184+0000] {processor.py:161} INFO - Started process (PID=1814) to work on /opt/airflow/dags/daily_scrape_and_load.py
[2026-08-15T15:55:57.185+0000] {processor.py:830} INFO - Processing file /opt/airflow/dags/daily_scrape_and_load.py for tasks to queue
[2026-08-15T15:55:57.187+0000] {logging_mixin.py:188} INFO - [2026-08-15T15:55:57.186+0000] {dagbag.py:545} INFO - Filling up the DagBag from /opt/airflow/dags/daily_scrape_and_load.py
[2026-08-15T15:55:58.318+0000] {processor.py:840} INFO - DAG(s) 'daily_scrape_and_load' retrieved from /opt/airflow/dags/daily_scrape_and_load.py
[2026-08-15T15:55:58.433+0000] {logging_mixin.py:188} INFO - [2026-08-15T15:55:58.433+0000] {dag.py:3096} INFO - Sync 1 DAGs
[2026-08-15T15:55:58.492+0000] {logging_mixin.py:188} INFO - [2026-08-15T15:55:58.491+0000] {dag.py:3954} INFO - Setting next_dagrun for daily_scrape_and_load to 2026-08-15 00:00:00+00:00, run_after=2026-08-16 00:00:00+00:00
[2026-08-15T15:55:58.537+0000] {processor.py:183} INFO - Processing /opt/airflow/dags/daily_scrape_and_load.py took 1.361 seconds
[2026-08-15T15:56:28.804+0000] {processor.py:161} INFO - Started process (PID=1820) to work on /opt/airflow/dags/daily_scrape_and_load.py
[2026-08-15T15:56:28.806+0000] {processor.py:830} INFO - Processing file /opt/airflow/dags/daily_scrape_and_load.py for tasks to queue
[2026-08-15T15:56:28.807+0000] {logging_mixin.py:188} INFO - [2026-08-15T15:56:28.807+0000] {dagbag.py:545} INFO - Filling up the DagBag from /opt/airflow/dags/daily_scrape_and_load.py
[2026-08-15T15:56:29.539+0000] {processor.py:840} INFO - DAG(s) 'daily_scrape_and_load' retrieved from /opt/airflow/dags/daily_scrape_and_load.py
[2026-08-15T15:56:29.576+0000] {logging_mixin.py:188} INFO - [2026-08-15T15:56:29.576+0000] {dag.py:3096} INFO - Sync 1 DAGs
[2026-08-15T15:56:29.603+0000] {logging_mixin.py:188} INFO - [2026-08-15T15:56:29.603+0000] {dag.py:3954} INFO - Setting next_dagrun for daily_scrape_and_load to 2026-08-15 00:00:00+00:00, run_after=2026-08-16 00:00:00+00:00
[2026-08-15T15:56:29.634+0000] {processor.py:183} INFO - Processing /opt/airflow/dags/daily_scrape_and_load.py took 0.841 seconds
[2026-08-15T15:56:59.922+0000] {processor.py:161} INFO - Started process (PID=1826) to work on /opt/airflow/dags/daily_scrape_and_load.py
[2026-08-15T15:56:59.924+0000] {processor.py:830} INFO - Processing file /opt/airflow/dags/daily_scrape_and_load.py for tasks to queue
[2026-08-15T15:56:59.928+0000] {logging_mixin.py:188} INFO - [2026-08-15T15:56:59.927+0000] {dagbag.py:545} INFO - Filling up the DagBag from /opt/airflow/dags/daily_scrape_and_load.py
[2026-08-15T15:57:01.423+0000] {processor.py:840} INFO - DAG(s) 'daily_scrape_and_load' retrieved from /opt/airflow/dags/daily_scrape_and_load.py
[2026-08-15T15:57:01.491+0000] {logging_mixin.py:188} INFO - [2026-08-15T15:57:01.490+0000] {dag.py:3096} INFO - Sync 1 DAGs
[2026-08-15T15:57:01.552+0000] {logging_mixin.py:188} INFO - [2026-08-15T15:57:01.552+0000] {dag.py:3954} INFO - Setting next_dagrun for daily_scrape_and_load to 2026-08-15 00:00:00+00:00, run_after=2026-08-16 00:00:00+00:00
[2026-08-15T15:57:01.599+0000] {processor.py:183} INFO - Processing /opt/airflow/dags/daily_scrape_and_load.py took 1.708 seconds
[2026-08-15T15:57:31.800+0000] {processor.py:161} INFO - Started process (PID=1832) to work on /opt/airflow/dags/daily_scrape_and_load.py
[2026-08-15T15:57:31.801+0000] {processor.py:830} INFO - Processing file /opt/airflow/dags/daily_scrape_and_load.py for tasks to queue
[2026-08-15T15:57:31.803+0000] {logging_mixin.py:188} INFO - [2026-08-15T15:57:31.803+0000] {dagbag.py:545} INFO - Filling up the DagBag from /opt/airflow/dags/daily_scrape_and_load.py
[2026-08-15T15:57:34.102+0000] {processor.py:840} INFO - DAG(s) 'daily_scrape_and_load' retrieved from /opt/airflow/dags/daily_scrape_and_load.py
[2026-08-15T15:57:34.293+0000] {logging_mixin.py:188} INFO - [2026-08-15T15:57:34.292+0000] {dag.py:3096} INFO - Sync 1 DAGs
[2026-08-15T15:57:34.344+0000] {logging_mixin.py:188} INFO - [2026-08-15T15:57:34.343+0000] {dag.py:3954} INFO - Setting next_dagrun for daily_scrape_and_load to 2026-08-15 00:00:00+00:00, run_after=2026-08-16 00:00:00+00:00
[2026-08-15T15:57:34.462+0000] {processor.py:183} INFO - Processing /opt/airflow/dags/daily_scrape_and_load.py took 2.674 seconds
[2026-08-15T15:58:05.077+0000] {processor.py:161} INFO - Started process (PID=1838) to work on /opt/airflow/dags/daily_scrape_and_load.py
[2026-08-15T15:58:05.081+0000] {processor.py:830} INFO - Processing file /opt/airflow/dags/daily_scrape_and_load.py for tasks to queue
[2026-08-15T15:58:05.089+0000] {logging_mixin.py:188} INFO - [2026-08-15T15:58:05.085+0000] {dagbag.py:545} INFO - Filling up the DagBag from /opt/airflow/dags/daily_scrape_and_load.py
[2026-08-15T15:58:06.565+0000] {processor.py:840} INFO - DAG(s) 'daily_scrape_and_load' retrieved from /opt/airflow/dags/daily_scrape_and_load.py
[2026-08-15T15:58:06.697+0000] {logging_mixin.py:188} INFO - [2026-08-15T15:58:06.696+0000] {dag.py:3096} INFO - Sync 1 DAGs
[2026-08-15T15:58:06.779+0000] {logging_mixin.py:188} INFO - [2026-08-15T15:58:06.778+0000] {dag.py:3954} INFO - Setting next_dagrun for daily_scrape_and_load to 2026-08-15 00:00:00+00:00, run_after=2026-08-16 00:00:00+00:00
[2026-08-15T15:58:06.825+0000] {processor.py:183} INFO - Processing /opt/airflow/dags/daily_scrape_and_load.py took 1.781 seconds
[2026-08-15T15:58:37.381+0000] {processor.py:161} INFO - Started process (PID=1844) to work on /opt/airflow/dags/daily_scrape_and_load.py
[2026-08-15T15:58:37.383+0000] {processor.py:830} INFO - Processing file /opt/airflow/dags/daily_scrape_and_load.py for tasks to queue
[2026-08-15T15:58:37.387+0000] {logging_mixin.py:188} INFO - [2026-08-15T15:58:37.386+0000] {dagbag.py:545} INFO - Filling up the DagBag from /opt/airflow/dags/daily_scrape_and_load.py
[2026-08-15T15:58:39.368+0000] {processor.py:840} INFO - DAG(s) 'daily_scrape_and_load' retrieved from /opt/airflow/dags/daily_scrape_and_load.py
[2026-08-15T15:58:39.450+0000] {logging_mixin.py:188} INFO - [2026-08-15T15:58:39.449+0000] {dag.py:3096} INFO - Sync 1 DAGs
[2026-08-15T15:58:39.498+0000] {logging_mixin.py:188} INFO - [2026-08-15T15:58:39.497+0000] {dag.py:3954} INFO - Setting next_dagrun for daily_scrape_and_load to 2026-08-15 00:00:00+00:00, run_after=2026-08-16 00:00:00+00:00
[2026-08-15T15:58:39.539+0000] {processor.py:183} INFO - Processing /opt/airflow/dags/daily_scrape_and_load.py took 2.183 seconds
[2026-08-15T15:59:10.030+0000] {processor.py:161} INFO - Started process (PID=1850) to work on /opt/airflow/dags/daily_scrape_and_load.py
[2026-08-15T15:59:10.034+0000] {processor.py:830} INFO - Processing file /opt/airflow/dags/daily_scrape_and_load.py for tasks to queue
[2026-08-15T15:59:10.040+0000] {logging_mixin.py:188} INFO - [2026-08-15T15:59:10.038+0000] {dagbag.py:545} INFO - Filling up the DagBag from /opt/airflow/dags/daily_scrape_and_load.py
[2026-08-15T15:59:11.871+0000] {processor.py:840} INFO - DAG(s) 'daily_scrape_and_load' retrieved from /opt/airflow/dags/daily_scrape_and_load.py
[2026-08-15T15:59:12.005+0000] {logging_mixin.py:188} INFO - [2026-08-15T15:59:12.002+0000] {dag.py:3096} INFO - Sync 1 DAGs
[2026-08-15T15:59:12.093+0000] {logging_mixin.py:188} INFO - [2026-08-15T15:59:12.092+0000] {dag.py:3954} INFO - Setting next_dagrun for daily_scrape_and_load to 2026-08-15 00:00:00+00:00, run_after=2026-08-16 00:00:00+00:00
[2026-08-15T15:59:12.160+0000] {processor.py:183} INFO - Processing /opt/airflow/dags/daily_scrape_and_load.py took 2.147 seconds
[2026-08-15T15:59:42.587+0000] {processor.py:161} INFO - Started process (PID=1856) to work on /opt/airflow/dags/daily_scrape_and_load.py
[2026-08-15T15:59:42.589+0000] {processor.py:830} INFO - Processing file /opt/airflow/dags/daily_scrape_and_load.py for tasks to queue
[2026-08-15T15:59:42.592+0000] {logging_mixin.py:188} INFO - [2026-08-15T15:59:42.591+0000] {dagbag.py:545} INFO - Filling up the DagBag from /opt/airflow/dags/daily_scrape_and_load.py
[2026-08-15T15:59:44.308+0000] {processor.py:840} INFO - DAG(s) 'daily_scrape_and_load' retrieved from /opt/airflow/dags/daily_scrape_and_load.py
[2026-08-15T15:59:44.403+0000] {logging_mixin.py:188} INFO - [2026-08-15T15:59:44.403+0000] {dag.py:3096} INFO - Sync 1 DAGs
[2026-08-15T15:59:44.462+0000] {logging_mixin.py:188} INFO - [2026-08-15T15:59:44.461+0000] {dag.py:3954} INFO - Setting next_dagrun for daily_scrape_and_load to 2026-08-15 00:00:00+00:00, run_after=2026-08-16 00:00:00+00:00
[2026-08-15T15:59:44.529+0000] {processor.py:183} INFO - Processing /opt/airflow/dags/daily_scrape_and_load.py took 1.963 seconds
[2026-08-15T16:00:15.095+0000] {processor.py:161} INFO - Started process (PID=1862) to work on /opt/airflow/dags/daily_scrape_and_load.py
[2026-08-15T16:00:15.099+0000] {processor.py:830} INFO - Processing file /opt/airflow/dags/daily_scrape_and_load.py for tasks to queue
[2026-08-15T16:00:15.110+0000] {logging_mixin.py:188} INFO - [2026-08-15T16:00:15.106+0000] {dagbag.py:545} INFO - Filling up the DagBag from /opt/airflow/dags/daily_scrape_and_load.py
[2026-08-15T16:00:17.205+0000] {processor.py:840} INFO - DAG(s) 'daily_scrape_and_load' retrieved from /opt/airflow/dags/daily_scrape_and_load.py
[2026-08-15T16:00:17.260+0000] {logging_mixin.py:188} INFO - [2026-08-15T16:00:17.260+0000] {dag.py:3096} INFO - Sync 1 DAGs
[2026-08-15T16:00:17.309+0000] {logging_mixin.py:188} INFO - [2026-08-15T16:00:17.308+0000] {dag.py:3954} INFO - Setting next_dagrun for daily_scrape_and_load to 2026-08-15 00:00:00+00:00, run_after=2026-08-16 00:00:00+00:00
[2026-08-15T16:00:17.389+0000] {processor.py:183} INFO - Processing /opt/airflow/dags/daily_scrape_and_load.py took 2.359 seconds
[2026-08-15T16:00:47.711+0000] {processor.py:161} INFO - Started process (PID=1868) to work on /opt/airflow/dags/daily_scrape_and_load.py
[2026-08-15T16:00:47.716+0000] {processor.py:830} INFO - Processing file /opt/airflow/dags/daily_scrape_and_load.py for tasks to queue
[2026-08-15T16:00:47.721+0000] {logging_mixin.py:188} INFO - [2026-08-15T16:00:47.720+0000] {dagbag.py:545} INFO - Filling up the DagBag from /opt/airflow/dags/daily_scrape_and_load.py
[2026-08-15T16:00:49.378+0000] {processor.py:840} INFO - DAG(s) 'daily_scrape_and_load' retrieved from /opt/airflow/dags/daily_scrape_and_load.py
[2026-08-15T16:00:49.469+0000] {logging_mixin.py:188} INFO - [2026-08-15T16:00:49.468+0000] {dag.py:3096} INFO - Sync 1 DAGs
[2026-08-15T16:00:49.540+0000] {logging_mixin.py:188} INFO - [2026-08-15T16:00:49.540+0000] {dag.py:3954} INFO - Setting next_dagrun for daily_scrape_and_load to 2026-08-15 00:00:00+00:00, run_after=2026-08-16 00:00:00+00:00
[2026-08-15T16:00:49.633+0000] {processor.py:183} INFO - Processing /opt/airflow/dags/daily_scrape_and_load.py took 1.965 seconds
[2026-08-15T16:01:20.082+0000] {processor.py:161} INFO - Started process (PID=1874) to work on /opt/airflow/dags/daily_scrape_and_load.py
[2026-08-15T16:01:20.084+0000] {processor.py:830} INFO - Processing file /opt/airflow/dags/daily_scrape_and_load.py for tasks to queue
[2026-08-15T16:01:20.087+0000] {logging_mixin.py:188} INFO - [2026-08-15T16:01:20.086+0000] {dagbag.py:545} INFO - Filling up the DagBag from /opt/airflow/dags/daily_scrape_and_load.py
[2026-08-15T16:01:21.427+0000] {processor.py:840} INFO - DAG(s) 'daily_scrape_and_load' retrieved from /opt/airflow/dags/daily_scrape_and_load.py
[2026-08-15T16:01:21.522+0000] {logging_mixin.py:188} INFO - [2026-08-15T16:01:21.522+0000] {dag.py:3096} INFO - Sync 1 DAGs
[2026-08-15T16:01:21.582+0000] {logging_mixin.py:188} INFO - [2026-08-15T16:01:21.581+0000] {dag.py:3954} INFO - Setting next_dagrun for daily_scrape_and_load to 2026-08-15 00:00:00+00:00, run_after=2026-08-16 00:00:00+00:00
[2026-08-15T16:01:21.639+0000] {processor.py:183} INFO - Processing /opt/airflow/dags/daily_scrape_and_load.py took 1.577 seconds
[2026-08-15T16:01:52.288+0000] {processor.py:161} INFO - Started process (PID=1880) to work on /opt/airflow/dags/daily_scrape_and_load.py
[2026-08-15T16:01:52.290+0000] {processor.py:830} INFO - Processing file /opt/airflow/dags/daily_scrape_and_load.py for tasks to queue
[2026-08-15T16:01:52.293+0000] {logging_mixin.py:188} INFO - [2026-08-15T16:01:52.292+0000] {dagbag.py:545} INFO - Filling up the DagBag from /opt/airflow/dags/daily_scrape_and_load.py
[2026-08-15T16:01:53.969+0000] {processor.py:840} INFO - DAG(s) 'daily_scrape_and_load' retrieved from /opt/airflow/dags/daily_scrape_and_load.py
[2026-08-15T16:01:54.102+0000] {logging_mixin.py:188} INFO - [2026-08-15T16:01:54.102+0000] {dag.py:3096} INFO - Sync 1 DAGs
[2026-08-15T16:01:54.209+0000] {logging_mixin.py:188} INFO - [2026-08-15T16:01:54.208+0000] {dag.py:3954} INFO - Setting next_dagrun for daily_scrape_and_load to 2026-08-15 00:00:00+00:00, run_after=2026-08-16 00:00:00+00:00
[2026-08-15T16:01:54.270+0000] {processor.py:183} INFO - Processing /opt/airflow/dags/daily_scrape_and_load.py took 2.014 seconds
[2026-08-15T16:02:24.756+0000] {processor.py:161} INFO - Started process (PID=1886) to work on /opt/airflow/dags/daily_scrape_and_load.py
[2026-08-15T16:02:24.759+0000] {processor.py:830} INFO - Processing file /opt/airflow/dags/daily_scrape_and_load.py for tasks to queue
[2026-08-15T16:02:24.764+0000] {logging_mixin.py:188} INFO - [2026-08-15T16:02:24.762+0000] {dagbag.py:545} INFO - Filling up the DagBag from /opt/airflow/dags/daily_scrape_and_load.py
[2026-08-15T16:02:26.157+0000] {processor.py:840} INFO - DAG(s) 'daily_scrape_and_load' retrieved from /opt/airflow/dags/daily_scrape_and_load.py
[2026-08-15T16:02:26.291+0000] {logging_mixin.py:188} INFO - [2026-08-15T16:02:26.290+0000] {dag.py:3096} INFO - Sync 1 DAGs
[2026-08-15T16:02:26.371+0000] {logging_mixin.py:188} INFO - [2026-08-15T16:02:26.370+0000] {dag.py:3954} INFO - Setting next_dagrun for daily_scrape_and_load to 2026-08-15 00:00:00+00:00, run_after=2026-08-16 00:00:00+00:00
[2026-08-15T16:02:26.444+0000] {processor.py:183} INFO - Processing /opt/airflow/dags/daily_scrape_and_load.py took 1.714 seconds
[2026-08-15T16:02:57.026+0000] {processor.py:161} INFO - Started process (PID=1892) to work on /opt/airflow/dags/daily_scrape_and_load.py
[2026-08-15T16:02:57.030+0000] {processor.py:830} INFO - Processing file /opt/airflow/dags/daily_scrape_and_load.py for tasks to queue
[2026-08-15T16:02:57.036+0000] {logging_mixin.py:188} INFO - [2026-08-15T16:02:57.034+0000] {dagbag.py:545} INFO - Filling up the DagBag from /opt/airflow/dags/daily_scrape_and_load.py
[2026-08-15T16:02:58.592+0000] {processor.py:840} INFO - DAG(s) 'daily_scrape_and_load' retrieved from /opt/airflow/dags/daily_scrape_and_load.py
[2026-08-15T16:02:58.652+0000] {logging_mixin.py:188} INFO - [2026-08-15T16:02:58.651+0000] {dag.py:3096} INFO - Sync 1 DAGs
[2026-08-15T16:02:58.685+0000] {logging_mixin.py:188} INFO - [2026-08-15T16:02:58.685+0000] {dag.py:3954} INFO - Setting next_dagrun for daily_scrape_and_load to 2026-08-15 00:00:00+00:00, run_after=2026-08-16 00:00:00+00:00
[2026-08-15T16:02:58.717+0000] {processor.py:183} INFO - Processing /opt/airflow/dags/daily_scrape_and_load.py took 1.726 seconds
[2026-08-15T16:03:29.161+0000] {processor.py:161} INFO - Started process (PID=1898) to work on /opt/airflow/dags/daily_scrape_and_load.py
[2026-08-15T16:03:29.162+0000] {processor.py:830} INFO - Processing file /opt/airflow/dags/daily_scrape_and_load.py for tasks to queue
[2026-08-15T16:03:29.164+0000] {logging_mixin.py:188} INFO - [2026-08-15T16:03:29.163+0000] {dagbag.py:545} INFO - Filling up the DagBag from /opt/airflow/dags/daily_scrape_and_load.py
[2026-08-15T16:03:30.802+0000] {processor.py:840} INFO - DAG(s) 'daily_scrape_and_load' retrieved from /opt/airflow/dags/daily_scrape_and_load.py
[2026-08-15T16:03:30.941+0000] {logging_mixin.py:188} INFO - [2026-08-15T16:03:30.940+0000] {dag.py:3096} INFO - Sync 1 DAGs
[2026-08-15T16:03:31.027+0000] {logging_mixin.py:188} INFO - [2026-08-15T16:03:31.026+0000] {dag.py:3954} INFO - Setting next_dagrun for daily_scrape_and_load to 2026-08-15 00:00:00+00:00, run_after=2026-08-16 00:00:00+00:00
[2026-08-15T16:03:31.108+0000] {processor.py:183} INFO - Processing /opt/airflow/dags/daily_scrape_and_load.py took 1.959 seconds
[2026-08-15T16:04:01.505+0000] {processor.py:161} INFO - Started process (PID=1904) to work on /opt/airflow/dags/daily_scrape_and_load.py
[2026-08-15T16:04:01.507+0000] {processor.py:830} INFO - Processing file /opt/airflow/dags/daily_scrape_and_load.py for tasks to queue
[2026-08-15T16:04:01.509+0000] {logging_mixin.py:188} INFO - [2026-08-15T16:04:01.508+0000] {dagbag.py:545} INFO - Filling up the DagBag from /opt/airflow/dags/daily_scrape_and_load.py
[2026-08-15T16:04:02.430+0000] {processor.py:840} INFO - DAG(s) 'daily_scrape_and_load' retrieved from /opt/airflow/dags/daily_scrape_and_load.py
[2026-08-15T16:04:03.063+0000] {logging_mixin.py:188} INFO - [2026-08-15T16:04:03.063+0000] {dag.py:3096} INFO - Sync 1 DAGs
[2026-08-15T16:04:03.122+0000] {logging_mixin.py:188} INFO - [2026-08-15T16:04:03.121+0000] {dag.py:3954} INFO - Setting next_dagrun for daily_scrape_and_load to 2026-08-15 00:00:00+00:00, run_after=2026-08-16 00:00:00+00:00
[2026-08-15T16:04:03.159+0000] {processor.py:183} INFO - Processing /opt/airflow/dags/daily_scrape_and_load.py took 1.668 seconds
[2026-08-15T16:04:33.490+0000] {processor.py:161} INFO - Started process (PID=1910) to work on /opt/airflow/dags/daily_scrape_and_load.py
[2026-08-15T16:04:33.491+0000] {processor.py:830} INFO - Processing file /opt/airflow/dags/daily_scrape_and_load.py for tasks to queue
[2026-08-15T16:04:33.493+0000] {logging_mixin.py:188} INFO - [2026-08-15T16:04:33.492+0000] {dagbag.py:545} INFO - Filling up the DagBag from /opt/airflow/dags/daily_scrape_and_load.py
[2026-08-15T16:04:34.196+0000] {processor.py:840} INFO - DAG(s) 'daily_scrape_and_load' retrieved from /opt/airflow/dags/daily_scrape_and_load.py
[2026-08-15T16:04:34.233+0000] {logging_mixin.py:188} INFO - [2026-08-15T16:04:34.233+0000] {dag.py:3096} INFO - Sync 1 DAGs
[2026-08-15T16:04:34.263+0000] {logging_mixin.py:188} INFO - [2026-08-15T16:04:34.263+0000] {dag.py:3954} INFO - Setting next_dagrun for daily_scrape_and_load to 2026-08-15 00:00:00+00:00, run_after=2026-08-16 00:00:00+00:00
[2026-08-15T16:04:34.288+0000] {processor.py:183} INFO - Processing /opt/airflow/dags/daily_scrape_and_load.py took 0.806 seconds
[2026-08-15T16:05:04.658+0000] {processor.py:161} INFO - Started process (PID=1916) to work on /opt/airflow/dags/daily_scrape_and_load.py
[2026-08-15T16:05:04.659+0000] {processor.py:830} INFO - Processing file /opt/airflow/dags/daily_scrape_and_load.py for tasks to queue
[2026-08-15T16:05:04.660+0000] {logging_mixin.py:188} INFO - [2026-08-15T16:05:04.660+0000] {dagbag.py:545} INFO - Filling up the DagBag from /opt/airflow/dags/daily_scrape_and_load.py
[2026-08-15T16:05:05.342+0000] {processor.py:840} INFO - DAG(s) 'daily_scrape_and_load' retrieved from /opt/airflow/dags/daily_scrape_and_load.py
[2026-08-15T16:05:05.395+0000] {logging_mixin.py:188} INFO - [2026-08-15T16:05:05.395+0000] {dag.py:3096} INFO - Sync 1 DAGs
[2026-08-15T16:05:05.425+0000] {logging_mixin.py:188} INFO - [2026-08-15T16:05:05.425+0000] {dag.py:3954} INFO - Setting next_dagrun for daily_scrape_and_load to 2026-08-15 00:00:00+00:00, run_after=2026-08-16 00:00:00+00:00
[2026-08-15T16:05:05.449+0000] {processor.py:183} INFO - Processing /opt/airflow/dags/daily_scrape_and_load.py took 0.800 seconds
[2026-08-15T16:05:35.792+0000] {processor.py:161} INFO - Started process (PID=1922) to work on /opt/airflow/dags/daily_scrape_and_load.py
[2026-08-15T16:05:35.795+0000] {processor.py:830} INFO - Processing file /opt/airflow/dags/daily_scrape_and_load.py for tasks to queue
[2026-08-15T16:05:35.797+0000] {logging_mixin.py:188} INFO - [2026-08-15T16:05:35.796+0000] {dagbag.py:545} INFO - Filling up the DagBag from /opt/airflow/dags/daily_scrape_and_load.py
[2026-08-15T16:05:36.763+0000] {processor.py:840} INFO - DAG(s) 'daily_scrape_and_load' retrieved from /opt/airflow/dags/daily_scrape_and_load.py
[2026-08-15T16:05:36.804+0000] {logging_mixin.py:188} INFO - [2026-08-15T16:05:36.803+0000] {dag.py:3096} INFO - Sync 1 DAGs
[2026-08-15T16:05:36.831+0000] {logging_mixin.py:188} INFO - [2026-08-15T16:05:36.831+0000] {dag.py:3954} INFO - Setting next_dagrun for daily_scrape_and_load to 2026-08-15 00:00:00+00:00, run_after=2026-08-16 00:00:00+00:00
[2026-08-15T16:05:36.854+0000] {processor.py:183} INFO - Processing /opt/airflow/dags/daily_scrape_and_load.py took 1.076 seconds
[2026-08-15T16:06:07.079+0000] {processor.py:161} INFO - Started process (PID=1928) to work on /opt/airflow/dags/daily_scrape_and_load.py
[2026-08-15T16:06:07.080+0000] {processor.py:830} INFO - Processing file /opt/airflow/dags/daily_scrape_and_load.py for tasks to queue
[2026-08-15T16:06:07.081+0000] {logging_mixin.py:188} INFO - [2026-08-15T16:06:07.081+0000] {dagbag.py:545} INFO - Filling up the DagBag from /opt/airflow/dags/daily_scrape_and_load.py
[2026-08-15T16:06:07.755+0000] {processor.py:840} INFO - DAG(s) 'daily_scrape_and_load' retrieved from /opt/airflow/dags/daily_scrape_and_load.py
[2026-08-15T16:06:07.791+0000] {logging_mixin.py:188} INFO - [2026-08-15T16:06:07.790+0000] {dag.py:3096} INFO - Sync 1 DAGs
[2026-08-15T16:06:07.820+0000] {logging_mixin.py:188} INFO - [2026-08-15T16:06:07.819+0000] {dag.py:3954} INFO - Setting next_dagrun for daily_scrape_and_load to 2026-08-15 00:00:00+00:00, run_after=2026-08-16 00:00:00+00:00
[2026-08-15T16:06:07.847+0000] {processor.py:183} INFO - Processing /opt/airflow/dags/daily_scrape_and_load.py took 0.777 seconds
[2026-08-15T16:06:38.217+0000] {processor.py:161} INFO - Started process (PID=1934) to work on /opt/airflow/dags/daily_scrape_and_load.py
[2026-08-15T16:06:38.222+0000] {processor.py:830} INFO - Processing file /opt/airflow/dags/daily_scrape_and_load.py for tasks to queue
[2026-08-15T16:06:38.230+0000] {logging_mixin.py:188} INFO - [2026-08-15T16:06:38.229+0000] {dagbag.py:545} INFO - Filling up the DagBag from /opt/airflow/dags/daily_scrape_and_load.py
[2026-08-15T16:06:39.218+0000] {processor.py:840} INFO - DAG(s) 'daily_scrape_and_load' retrieved from /opt/airflow/dags/daily_scrape_and_load.py
[2026-08-15T16:06:39.260+0000] {logging_mixin.py:188} INFO - [2026-08-15T16:06:39.260+0000] {dag.py:3096} INFO - Sync 1 DAGs
[2026-08-15T16:06:39.289+0000] {logging_mixin.py:188} INFO - [2026-08-15T16:06:39.289+0000] {dag.py:3954} INFO - Setting next_dagrun for daily_scrape_and_load to 2026-08-15 00:00:00+00:00, run_after=2026-08-16 00:00:00+00:00
[2026-08-15T16:06:39.317+0000] {processor.py:183} INFO - Processing /opt/airflow/dags/daily_scrape_and_load.py took 1.111 seconds
[2026-08-15T16:07:09.491+0000] {processor.py:161} INFO - Started process (PID=1940) to work on /opt/airflow/dags/daily_scrape_and_load.py
[2026-08-15T16:07:09.492+0000] {processor.py:830} INFO - Processing file /opt/airflow/dags/daily_scrape_and_load.py for tasks to queue
[2026-08-15T16:07:09.493+0000] {logging_mixin.py:188} INFO - [2026-08-15T16:07:09.493+0000] {dagbag.py:545} INFO - Filling up the DagBag from /opt/airflow/dags/daily_scrape_and_load.py
[2026-08-15T16:07:10.134+0000] {processor.py:840} INFO - DAG(s) 'daily_scrape_and_load' retrieved from /opt/airflow/dags/daily_scrape_and_load.py
[2026-08-15T16:07:10.166+0000] {logging_mixin.py:188} INFO - [2026-08-15T16:07:10.165+0000] {dag.py:3096} INFO - Sync 1 DAGs
[2026-08-15T16:07:10.191+0000] {logging_mixin.py:188} INFO - [2026-08-15T16:07:10.191+0000] {dag.py:3954} INFO - Setting next_dagrun for daily_scrape_and_load to 2026-08-15 00:00:00+00:00, run_after=2026-08-16 00:00:00+00:00
[2026-08-15T16:07:10.216+0000] {processor.py:183} INFO - Processing /opt/airflow/dags/daily_scrape_and_load.py took 0.732 seconds
[2026-08-15T16:07:40.562+0000] {processor.py:161} INFO - Started process (PID=1946) to work on /opt/airflow/dags/daily_scrape_and_load.py
[2026-08-15T16:07:40.563+0000] {processor.py:830} INFO - Processing file /opt/airflow/dags/daily_scrape_and_load.py for tasks to queue
[2026-08-15T16:07:40.565+0000] {logging_mixin.py:188} INFO - [2026-08-15T16:07:40.564+0000] {dagbag.py:545} INFO - Filling up the DagBag from /opt/airflow/dags/daily_scrape_and_load.py
[2026-08-15T16:07:41.233+0000] {processor.py:840} INFO - DAG(s) 'daily_scrape_and_load' retrieved from /opt/airflow/dags/daily_scrape_and_load.py
[2026-08-15T16:07:41.267+0000] {logging_mixin.py:188} INFO - [2026-08-15T16:07:41.266+0000] {dag.py:3096} INFO - Sync 1 DAGs
[2026-08-15T16:07:41.290+0000] {logging_mixin.py:188} INFO - [2026-08-15T16:07:41.290+0000] {dag.py:3954} INFO - Setting next_dagrun for daily_scrape_and_load to 2026-08-15 00:00:00+00:00, run_after=2026-08-16 00:00:00+00:00
[2026-08-15T16:07:41.315+0000] {processor.py:183} INFO - Processing /opt/airflow/dags/daily_scrape_and_load.py took 0.761 seconds
[2026-08-15T16:08:11.626+0000] {processor.py:161} INFO - Started process (PID=1952) to work on /opt/airflow/dags/daily_scrape_and_load.py
[2026-08-15T16:08:11.626+0000] {processor.py:830} INFO - Processing file /opt/airflow/dags/daily_scrape_and_load.py for tasks to queue
[2026-08-15T16:08:11.627+0000] {logging_mixin.py:188} INFO - [2026-08-15T16:08:11.627+0000] {dagbag.py:545} INFO - Filling up the DagBag from /opt/airflow/dags/daily_scrape_and_load.py
[2026-08-15T16:08:12.283+0000] {processor.py:840} INFO - DAG(s) 'daily_scrape_and_load' retrieved from /opt/airflow/dags/daily_scrape_and_load.py
[2026-08-15T16:08:12.317+0000] {logging_mixin.py:188} INFO - [2026-08-15T16:08:12.317+0000] {dag.py:3096} INFO - Sync 1 DAGs
[2026-08-15T16:08:12.340+0000] {logging_mixin.py:188} INFO - [2026-08-15T16:08:12.340+0000] {dag.py:3954} INFO - Setting next_dagrun for daily_scrape_and_load to 2026-08-15 00:00:00+00:00, run_after=2026-08-16 00:00:00+00:00
[2026-08-15T16:08:12.365+0000] {processor.py:183} INFO - Processing /opt/airflow/dags/daily_scrape_and_load.py took 0.747 seconds
[2026-08-15T16:08:42.648+0000] {processor.py:161} INFO - Started process (PID=1958) to work on /opt/airflow/dags/daily_scrape_and_load.py
[2026-08-15T16:08:42.649+0000] {processor.py:830} INFO - Processing file /opt/airflow/dags/daily_scrape_and_load.py for tasks to queue
[2026-08-15T16:08:42.650+0000] {logging_mixin.py:188} INFO - [2026-08-15T16:08:42.650+0000] {dagbag.py:545} INFO - Filling up the DagBag from /opt/airflow/dags/daily_scrape_and_load.py
[2026-08-15T16:08:43.433+0000] {processor.py:840} INFO - DAG(s) 'daily_scrape_and_load' retrieved from /opt/airflow/dags/daily_scrape_and_load.py
[2026-08-15T16:08:43.471+0000] {logging_mixin.py:188} INFO - [2026-08-15T16:08:43.471+0000] {dag.py:3096} INFO - Sync 1 DAGs
[2026-08-15T16:08:43.494+0000] {logging_mixin.py:188} INFO - [2026-08-15T16:08:43.494+0000] {dag.py:3954} INFO - Setting next_dagrun for daily_scrape_and_load to 2026-08-15 00:00:00+00:00, run_after=2026-08-16 00:00:00+00:00
[2026-08-15T16:08:43.518+0000] {processor.py:183} INFO - Processing /opt/airflow/dags/daily_scrape_and_load.py took 0.879 seconds
[2026-08-15T16:09:13.648+0000] {processor.py:161} INFO - Started process (PID=1964) to work on /opt/airflow/dags/daily_scrape_and_load.py
[2026-08-15T16:09:13.649+0000] {processor.py:830} INFO - Processing file /opt/airflow/dags/daily_scrape_and_load.py for tasks to queue
[2026-08-15T16:09:13.650+0000] {logging_mixin.py:188} INFO - [2026-08-15T16:09:13.650+0000] {dagbag.py:545} INFO - Filling up the DagBag from /opt/airflow/dags/daily_scrape_and_load.py
[2026-08-15T16:09:14.536+0000] {processor.py:840} INFO - DAG(s) 'daily_scrape_and_load' retrieved from /opt/airflow/dags/daily_scrape_and_load.py
[2026-08-15T16:09:14.577+0000] {logging_mixin.py:188} INFO - [2026-08-15T16:09:14.576+0000] {dag.py:3096} INFO - Sync 1 DAGs
[2026-08-15T16:09:14.604+0000] {logging_mixin.py:188} INFO - [2026-08-15T16:09:14.604+0000] {dag.py:3954} INFO - Setting next_dagrun for daily_scrape_and_load to 2026-08-15 00:00:00+00:00, run_after=2026-08-16 00:00:00+00:00
[2026-08-15T16:09:14.636+0000] {processor.py:183} INFO - Processing /opt/airflow/dags/daily_scrape_and_load.py took 0.996 seconds
[2026-08-15T16:09:45.051+0000] {processor.py:161} INFO - Started process (PID=1970) to work on /opt/airflow/dags/daily_scrape_and_load.py
[2026-08-15T16:09:45.056+0000] {processor.py:830} INFO - Processing file /opt/airflow/dags/daily_scrape_and_load.py for tasks to queue
[2026-08-15T16:09:45.061+0000] {logging_mixin.py:188} INFO - [2026-08-15T16:09:45.060+0000] {dagbag.py:545} INFO - Filling up the DagBag from /opt/airflow/dags/daily_scrape_and_load.py
[2026-08-15T16:09:45.847+0000] {processor.py:840} INFO - DAG(s) 'daily_scrape_and_load' retrieved from /opt/airflow/dags/daily_scrape_and_load.py
[2026-08-15T16:09:45.882+0000] {logging_mixin.py:188} INFO - [2026-08-15T16:09:45.882+0000] {dag.py:3096} INFO - Sync 1 DAGs
[2026-08-15T16:09:45.913+0000] {logging_mixin.py:188} INFO - [2026-08-15T16:09:45.913+0000] {dag.py:3954} INFO - Setting next_dagrun for daily_scrape_and_load to 2026-08-15 00:00:00+00:00, run_after=2026-08-16 00:00:00+00:00
[2026-08-15T16:09:45.943+0000] {processor.py:183} INFO - Processing /opt/airflow/dags/daily_scrape_and_load.py took 0.907 seconds
[2026-08-15T16:10:16.208+0000] {processor.py:161} INFO - Started process (PID=1976) to work on /opt/airflow/dags/daily_scrape_and_load.py
[2026-08-15T16:10:16.210+0000] {processor.py:830} INFO - Processing file /opt/airflow/dags/daily_scrape_and_load.py for tasks to queue
[2026-08-15T16:10:16.211+0000] {logging_mixin.py:188} INFO - [2026-08-15T16:10:16.211+0000] {dagbag.py:545} INFO - Filling up the DagBag from /opt/airflow/dags/daily_scrape_and_load.py
[2026-08-15T16:10:16.958+0000] {processor.py:840} INFO - DAG(s) 'daily_scrape_and_load' retrieved from /opt/airflow/dags/daily_scrape_and_load.py
[2026-08-15T16:10:16.994+0000] {logging_mixin.py:188} INFO - [2026-08-15T16:10:16.994+0000] {dag.py:3096} INFO - Sync 1 DAGs
[2026-08-15T16:10:17.020+0000] {logging_mixin.py:188} INFO - [2026-08-15T16:10:17.019+0000] {dag.py:3954} INFO - Setting next_dagrun for daily_scrape_and_load to 2026-08-15 00:00:00+00:00, run_after=2026-08-16 00:00:00+00:00
[2026-08-15T16:10:17.046+0000] {processor.py:183} INFO - Processing /opt/airflow/dags/daily_scrape_and_load.py took 0.845 seconds
[2026-08-15T16:10:47.280+0000] {processor.py:161} INFO - Started process (PID=1982) to work on /opt/airflow/dags/daily_scrape_and_load.py
[2026-08-15T16:10:47.281+0000] {processor.py:830} INFO - Processing file /opt/airflow/dags/daily_scrape_and_load.py for tasks to queue
[2026-08-15T16:10:47.283+0000] {logging_mixin.py:188} INFO - [2026-08-15T16:10:47.282+0000] {dagbag.py:545} INFO - Filling up the DagBag from /opt/airflow/dags/daily_scrape_and_load.py
[2026-08-15T16:10:48.089+0000] {processor.py:840} INFO - DAG(s) 'daily_scrape_and_load' retrieved from /opt/airflow/dags/daily_scrape_and_load.py
[2026-08-15T16:10:48.137+0000] {logging_mixin.py:188} INFO - [2026-08-15T16:10:48.137+0000] {dag.py:3096} INFO - Sync 1 DAGs
[2026-08-15T16:10:48.163+0000] {logging_mixin.py:188} INFO - [2026-08-15T16:10:48.162+0000] {dag.py:3954} INFO - Setting next_dagrun for daily_scrape_and_load to 2026-08-15 00:00:00+00:00, run_after=2026-08-16 00:00:00+00:00
[2026-08-15T16:10:48.191+0000] {processor.py:183} INFO - Processing /opt/airflow/dags/daily_scrape_and_load.py took 0.920 seconds
[2026-08-15T16:11:18.615+0000] {processor.py:161} INFO - Started process (PID=1988) to work on /opt/airflow/dags/daily_scrape_and_load.py
[2026-08-15T16:11:18.616+0000] {processor.py:830} INFO - Processing file /opt/airflow/dags/daily_scrape_and_load.py for tasks to queue
[2026-08-15T16:11:18.618+0000] {logging_mixin.py:188} INFO - [2026-08-15T16:11:18.617+0000] {dagbag.py:545} INFO - Filling up the DagBag from /opt/airflow/dags/daily_scrape_and_load.py
[2026-08-15T16:11:21.288+0000] {processor.py:840} INFO - DAG(s) 'daily_scrape_and_load' retrieved from /opt/airflow/dags/daily_scrape_and_load.py
[2026-08-15T16:11:21.441+0000] {logging_mixin.py:188} INFO - [2026-08-15T16:11:21.441+0000] {dag.py:3096} INFO - Sync 1 DAGs
[2026-08-15T16:11:21.497+0000] {logging_mixin.py:188} INFO - [2026-08-15T16:11:21.496+0000] {dag.py:3954} INFO - Setting next_dagrun for daily_scrape_and_load to 2026-08-15 00:00:00+00:00, run_after=2026-08-16 00:00:00+00:00
[2026-08-15T16:11:21.563+0000] {processor.py:183} INFO - Processing /opt/airflow/dags/daily_scrape_and_load.py took 2.961 seconds
[2026-08-15T16:11:51.953+0000] {processor.py:161} INFO - Started process (PID=1994) to work on /opt/airflow/dags/daily_scrape_and_load.py
[2026-08-15T16:11:51.955+0000] {processor.py:830} INFO - Processing file /opt/airflow/dags/daily_scrape_and_load.py for tasks to queue
[2026-08-15T16:11:51.957+0000] {logging_mixin.py:188} INFO - [2026-08-15T16:11:51.956+0000] {dagbag.py:545} INFO - Filling up the DagBag from /opt/airflow/dags/daily_scrape_and_load.py
[2026-08-15T16:11:53.195+0000] {processor.py:840} INFO - DAG(s) 'daily_scrape_and_load' retrieved from /opt/airflow/dags/daily_scrape_and_load.py
[2026-08-15T16:11:53.258+0000] {logging_mixin.py:188} INFO - [2026-08-15T16:11:53.258+0000] {dag.py:3096} INFO - Sync 1 DAGs
[2026-08-15T16:11:53.288+0000] {logging_mixin.py:188} INFO - [2026-08-15T16:11:53.287+0000] {dag.py:3954} INFO - Setting next_dagrun for daily_scrape_and_load to 2026-08-15 00:00:00+00:00, run_after=2026-08-16 00:00:00+00:00
[2026-08-15T16:11:53.324+0000] {processor.py:183} INFO - Processing /opt/airflow/dags/daily_scrape_and_load.py took 1.384 seconds
[2026-08-15T16:12:23.637+0000] {processor.py:161} INFO - Started process (PID=2000) to work on /opt/airflow/dags/daily_scrape_and_load.py
[2026-08-15T16:12:23.639+0000] {processor.py:830} INFO - Processing file /opt/airflow/dags/daily_scrape_and_load.py for tasks to queue
[2026-08-15T16:12:23.642+0000] {logging_mixin.py:188} INFO - [2026-08-15T16:12:23.641+0000] {dagbag.py:545} INFO - Filling up the DagBag from /opt/airflow/dags/daily_scrape_and_load.py
[2026-08-15T16:12:24.627+0000] {processor.py:840} INFO - DAG(s) 'daily_scrape_and_load' retrieved from /opt/airflow/dags/daily_scrape_and_load.py
[2026-08-15T16:12:24.676+0000] {logging_mixin.py:188} INFO - [2026-08-15T16:12:24.676+0000] {dag.py:3096} INFO - Sync 1 DAGs
[2026-08-15T16:12:24.714+0000] {logging_mixin.py:188} INFO - [2026-08-15T16:12:24.713+0000] {dag.py:3954} INFO - Setting next_dagrun for daily_scrape_and_load to 2026-08-15 00:00:00+00:00, run_after=2026-08-16 00:00:00+00:00
[2026-08-15T16:12:24.782+0000] {processor.py:183} INFO - Processing /opt/airflow/dags/daily_scrape_and_load.py took 1.158 seconds
[2026-08-15T16:12:55.082+0000] {processor.py:161} INFO - Started process (PID=2006) to work on /opt/airflow/dags/daily_scrape_and_load.py
[2026-08-15T16:12:55.083+0000] {processor.py:830} INFO - Processing file /opt/airflow/dags/daily_scrape_and_load.py for tasks to queue
[2026-08-15T16:12:55.085+0000] {logging_mixin.py:188} INFO - [2026-08-15T16:12:55.085+0000] {dagbag.py:545} INFO - Filling up the DagBag from /opt/airflow/dags/daily_scrape_and_load.py
[2026-08-15T16:12:56.318+0000] {processor.py:840} INFO - DAG(s) 'daily_scrape_and_load' retrieved from /opt/airflow/dags/daily_scrape_and_load.py
[2026-08-15T16:12:56.377+0000] {logging_mixin.py:188} INFO - [2026-08-15T16:12:56.377+0000] {dag.py:3096} INFO - Sync 1 DAGs
[2026-08-15T16:12:56.422+0000] {logging_mixin.py:188} INFO - [2026-08-15T16:12:56.421+0000] {dag.py:3954} INFO - Setting next_dagrun for daily_scrape_and_load to 2026-08-15 00:00:00+00:00, run_after=2026-08-16 00:00:00+00:00
[2026-08-15T16:12:56.460+0000] {processor.py:183} INFO - Processing /opt/airflow/dags/daily_scrape_and_load.py took 1.393 seconds
[2026-08-15T16:13:27.476+0000] {processor.py:161} INFO - Started process (PID=2012) to work on /opt/airflow/dags/daily_scrape_and_load.py
[2026-08-15T16:13:27.482+0000] {processor.py:830} INFO - Processing file /opt/airflow/dags/daily_scrape_and_load.py for tasks to queue
[2026-08-15T16:13:27.496+0000] {logging_mixin.py:188} INFO - [2026-08-15T16:13:27.492+0000] {dagbag.py:545} INFO - Filling up the DagBag from /opt/airflow/dags/daily_scrape_and_load.py
[2026-08-15T16:13:30.673+0000] {processor.py:840} INFO - DAG(s) 'daily_scrape_and_load' retrieved from /opt/airflow/dags/daily_scrape_and_load.py
[2026-08-15T16:13:30.783+0000] {logging_mixin.py:188} INFO - [2026-08-15T16:13:30.783+0000] {dag.py:3096} INFO - Sync 1 DAGs
[2026-08-15T16:13:30.817+0000] {logging_mixin.py:188} INFO - [2026-08-15T16:13:30.817+0000] {dag.py:3954} INFO - Setting next_dagrun for daily_scrape_and_load to 2026-08-15 00:00:00+00:00, run_after=2026-08-16 00:00:00+00:00
[2026-08-15T16:13:30.847+0000] {processor.py:183} INFO - Processing /opt/airflow/dags/daily_scrape_and_load.py took 3.452 seconds
[2026-08-15T16:14:01.444+0000] {processor.py:161} INFO - Started process (PID=2018) to work on /opt/airflow/dags/daily_scrape_and_load.py
[2026-08-15T16:14:01.447+0000] {processor.py:830} INFO - Processing file /opt/airflow/dags/daily_scrape_and_load.py for tasks to queue
[2026-08-15T16:14:01.451+0000] {logging_mixin.py:188} INFO - [2026-08-15T16:14:01.449+0000] {dagbag.py:545} INFO - Filling up the DagBag from /opt/airflow/dags/daily_scrape_and_load.py
[2026-08-15T16:14:05.582+0000] {processor.py:840} INFO - DAG(s) 'daily_scrape_and_load' retrieved from /opt/airflow/dags/daily_scrape_and_load.py
[2026-08-15T16:14:05.687+0000] {logging_mixin.py:188} INFO - [2026-08-15T16:14:05.687+0000] {dag.py:3096} INFO - Sync 1 DAGs
[2026-08-15T16:14:05.744+0000] {logging_mixin.py:188} INFO - [2026-08-15T16:14:05.743+0000] {dag.py:3954} INFO - Setting next_dagrun for daily_scrape_and_load to 2026-08-15 00:00:00+00:00, run_after=2026-08-16 00:00:00+00:00
[2026-08-15T16:14:05.792+0000] {processor.py:183} INFO - Processing /opt/airflow/dags/daily_scrape_and_load.py took 4.408 seconds
[2026-08-15T16:14:36.383+0000] {processor.py:161} INFO - Started process (PID=2024) to work on /opt/airflow/dags/daily_scrape_and_load.py
[2026-08-15T16:14:36.385+0000] {processor.py:830} INFO - Processing file /opt/airflow/dags/daily_scrape_and_load.py for tasks to queue
[2026-08-15T16:14:36.390+0000] {logging_mixin.py:188} INFO - [2026-08-15T16:14:36.388+0000] {dagbag.py:545} INFO - Filling up the DagBag from /opt/airflow/dags/daily_scrape_and_load.py
[2026-08-15T16:14:37.684+0000] {processor.py:840} INFO - DAG(s) 'daily_scrape_and_load' retrieved from /opt/airflow/dags/daily_scrape_and_load.py
[2026-08-15T16:14:37.760+0000] {logging_mixin.py:188} INFO - [2026-08-15T16:14:37.759+0000] {dag.py:3096} INFO - Sync 1 DAGs
[2026-08-15T16:14:37.800+0000] {logging_mixin.py:188} INFO - [2026-08-15T16:14:37.799+0000] {dag.py:3954} INFO - Setting next_dagrun for daily_scrape_and_load to 2026-08-15 00:00:00+00:00, run_after=2026-08-16 00:00:00+00:00
[2026-08-15T16:14:37.835+0000] {processor.py:183} INFO - Processing /opt/airflow/dags/daily_scrape_and_load.py took 1.478 seconds
[2026-08-15T16:15:08.309+0000] {processor.py:161} INFO - Started process (PID=2030) to work on /opt/airflow/dags/daily_scrape_and_load.py
[2026-08-15T16:15:08.312+0000] {processor.py:830} INFO - Processing file /opt/airflow/dags/daily_scrape_and_load.py for tasks to queue
[2026-08-15T16:15:08.316+0000] {logging_mixin.py:188} INFO - [2026-08-15T16:15:08.315+0000] {dagbag.py:545} INFO - Filling up the DagBag from /opt/airflow/dags/daily_scrape_and_load.py
[2026-08-15T16:15:09.922+0000] {processor.py:840} INFO - DAG(s) 'daily_scrape_and_load' retrieved from /opt/airflow/dags/daily_scrape_and_load.py
[2026-08-15T16:15:10.059+0000] {logging_mixin.py:188} INFO - [2026-08-15T16:15:10.058+0000] {dag.py:3096} INFO - Sync 1 DAGs
[2026-08-15T16:15:10.158+0000] {logging_mixin.py:188} INFO - [2026-08-15T16:15:10.157+0000] {dag.py:3954} INFO - Setting next_dagrun for daily_scrape_and_load to 2026-08-15 00:00:00+00:00, run_after=2026-08-16 00:00:00+00:00
[2026-08-15T16:15:10.251+0000] {processor.py:183} INFO - Processing /opt/airflow/dags/daily_scrape_and_load.py took 1.965 seconds
[2026-08-15T16:15:40.710+0000] {processor.py:161} INFO - Started process (PID=2036) to work on /opt/airflow/dags/daily_scrape_and_load.py
[2026-08-15T16:15:40.711+0000] {processor.py:830} INFO - Processing file /opt/airflow/dags/daily_scrape_and_load.py for tasks to queue
[2026-08-15T16:15:40.713+0000] {logging_mixin.py:188} INFO - [2026-08-15T16:15:40.712+0000] {dagbag.py:545} INFO - Filling up the DagBag from /opt/airflow/dags/daily_scrape_and_load.py
[2026-08-15T16:15:42.025+0000] {processor.py:840} INFO - DAG(s) 'daily_scrape_and_load' retrieved from /opt/airflow/dags/daily_scrape_and_load.py
[2026-08-15T16:15:42.111+0000] {logging_mixin.py:188} INFO - [2026-08-15T16:15:42.110+0000] {dag.py:3096} INFO - Sync 1 DAGs
[2026-08-15T16:15:42.170+0000] {logging_mixin.py:188} INFO - [2026-08-15T16:15:42.169+0000] {dag.py:3954} INFO - Setting next_dagrun for daily_scrape_and_load to 2026-08-15 00:00:00+00:00, run_after=2026-08-16 00:00:00+00:00
[2026-08-15T16:15:42.218+0000] {processor.py:183} INFO - Processing /opt/airflow/dags/daily_scrape_and_load.py took 1.521 seconds
[2026-08-15T16:16:12.921+0000] {processor.py:161} INFO - Started process (PID=2042) to work on /opt/airflow/dags/daily_scrape_and_load.py
[2026-08-15T16:16:12.923+0000] {processor.py:830} INFO - Processing file /opt/airflow/dags/daily_scrape_and_load.py for tasks to queue
[2026-08-15T16:16:12.926+0000] {logging_mixin.py:188} INFO - [2026-08-15T16:16:12.925+0000] {dagbag.py:545} INFO - Filling up the DagBag from /opt/airflow/dags/daily_scrape_and_load.py
[2026-08-15T16:16:15.122+0000] {processor.py:840} INFO - DAG(s) 'daily_scrape_and_load' retrieved from /opt/airflow/dags/daily_scrape_and_load.py
[2026-08-15T16:16:15.188+0000] {logging_mixin.py:188} INFO - [2026-08-15T16:16:15.188+0000] {dag.py:3096} INFO - Sync 1 DAGs
[2026-08-15T16:16:15.229+0000] {logging_mixin.py:188} INFO - [2026-08-15T16:16:15.229+0000] {dag.py:3954} INFO - Setting next_dagrun for daily_scrape_and_load to 2026-08-15 00:00:00+00:00, run_after=2026-08-16 00:00:00+00:00
[2026-08-15T16:16:15.269+0000] {processor.py:183} INFO - Processing /opt/airflow/dags/daily_scrape_and_load.py took 2.399 seconds
[2026-08-15T16:16:45.857+0000] {processor.py:161} INFO - Started process (PID=2048) to work on /opt/airflow/dags/daily_scrape_and_load.py
[2026-08-15T16:16:45.858+0000] {processor.py:830} INFO - Processing file /opt/airflow/dags/daily_scrape_and_load.py for tasks to queue
[2026-08-15T16:16:45.860+0000] {logging_mixin.py:188} INFO - [2026-08-15T16:16:45.859+0000] {dagbag.py:545} INFO - Filling up the DagBag from /opt/airflow/dags/daily_scrape_and_load.py
[2026-08-15T16:16:47.160+0000] {processor.py:840} INFO - DAG(s) 'daily_scrape_and_load' retrieved from /opt/airflow/dags/daily_scrape_and_load.py
[2026-08-15T16:16:47.220+0000] {logging_mixin.py:188} INFO - [2026-08-15T16:16:47.219+0000] {dag.py:3096} INFO - Sync 1 DAGs
[2026-08-15T16:16:47.269+0000] {logging_mixin.py:188} INFO - [2026-08-15T16:16:47.268+0000] {dag.py:3954} INFO - Setting next_dagrun for daily_scrape_and_load to 2026-08-15 00:00:00+00:00, run_after=2026-08-16 00:00:00+00:00
[2026-08-15T16:16:47.361+0000] {processor.py:183} INFO - Processing /opt/airflow/dags/daily_scrape_and_load.py took 1.520 seconds
[2026-08-15T16:17:18.029+0000] {processor.py:161} INFO - Started process (PID=2054) to work on /opt/airflow/dags/daily_scrape_and_load.py
[2026-08-15T16:17:18.034+0000] {processor.py:830} INFO - Processing file /opt/airflow/dags/daily_scrape_and_load.py for tasks to queue
[2026-08-15T16:17:18.037+0000] {logging_mixin.py:188} INFO - [2026-08-15T16:17:18.036+0000] {dagbag.py:545} INFO - Filling up the DagBag from /opt/airflow/dags/daily_scrape_and_load.py
[2026-08-15T16:17:23.083+0000] {processor.py:840} INFO - DAG(s) 'daily_scrape_and_load' retrieved from /opt/airflow/dags/daily_scrape_and_load.py
[2026-08-15T16:17:23.227+0000] {logging_mixin.py:188} INFO - [2026-08-15T16:17:23.226+0000] {dag.py:3096} INFO - Sync 1 DAGs
[2026-08-15T16:17:23.284+0000] {logging_mixin.py:188} INFO - [2026-08-15T16:17:23.283+0000] {dag.py:3954} INFO - Setting next_dagrun for daily_scrape_and_load to 2026-08-15 00:00:00+00:00, run_after=2026-08-16 00:00:00+00:00
[2026-08-15T16:17:23.343+0000] {processor.py:183} INFO - Processing /opt/airflow/dags/daily_scrape_and_load.py took 5.375 seconds
[2026-08-15T16:17:53.713+0000] {processor.py:161} INFO - Started process (PID=2060) to work on /opt/airflow/dags/daily_scrape_and_load.py
[2026-08-15T16:17:53.715+0000] {processor.py:830} INFO - Processing file /opt/airflow/dags/daily_scrape_and_load.py for tasks to queue
[2026-08-15T16:17:53.717+0000] {logging_mixin.py:188} INFO - [2026-08-15T16:17:53.716+0000] {dagbag.py:545} INFO - Filling up the DagBag from /opt/airflow/dags/daily_scrape_and_load.py
[2026-08-15T16:17:54.994+0000] {processor.py:840} INFO - DAG(s) 'daily_scrape_and_load' retrieved from /opt/airflow/dags/daily_scrape_and_load.py
[2026-08-15T16:17:55.079+0000] {logging_mixin.py:188} INFO - [2026-08-15T16:17:55.078+0000] {dag.py:3096} INFO - Sync 1 DAGs
[2026-08-15T16:17:55.142+0000] {logging_mixin.py:188} INFO - [2026-08-15T16:17:55.141+0000] {dag.py:3954} INFO - Setting next_dagrun for daily_scrape_and_load to 2026-08-15 00:00:00+00:00, run_after=2026-08-16 00:00:00+00:00
[2026-08-15T16:17:55.203+0000] {processor.py:183} INFO - Processing /opt/airflow/dags/daily_scrape_and_load.py took 1.506 seconds
[2026-08-15T16:18:25.687+0000] {processor.py:161} INFO - Started process (PID=2066) to work on /opt/airflow/dags/daily_scrape_and_load.py
[2026-08-15T16:18:25.689+0000] {processor.py:830} INFO - Processing file /opt/airflow/dags/daily_scrape_and_load.py for tasks to queue
[2026-08-15T16:18:25.693+0000] {logging_mixin.py:188} INFO - [2026-08-15T16:18:25.692+0000] {dagbag.py:545} INFO - Filling up the DagBag from /opt/airflow/dags/daily_scrape_and_load.py
[2026-08-15T16:18:27.598+0000] {processor.py:840} INFO - DAG(s) 'daily_scrape_and_load' retrieved from /opt/airflow/dags/daily_scrape_and_load.py
[2026-08-15T16:18:27.710+0000] {logging_mixin.py:188} INFO - [2026-08-15T16:18:27.709+0000] {dag.py:3096} INFO - Sync 1 DAGs
[2026-08-15T16:18:27.783+0000] {logging_mixin.py:188} INFO - [2026-08-15T16:18:27.782+0000] {dag.py:3954} INFO - Setting next_dagrun for daily_scrape_and_load to 2026-08-15 00:00:00+00:00, run_after=2026-08-16 00:00:00+00:00
[2026-08-15T16:18:27.828+0000] {processor.py:183} INFO - Processing /opt/airflow/dags/daily_scrape_and_load.py took 2.162 seconds
[2026-08-15T16:18:58.163+0000] {processor.py:161} INFO - Started process (PID=2072) to work on /opt/airflow/dags/daily_scrape_and_load.py
[2026-08-15T16:18:58.165+0000] {processor.py:830} INFO - Processing file /opt/airflow/dags/daily_scrape_and_load.py for tasks to queue
[2026-08-15T16:18:58.169+0000] {logging_mixin.py:188} INFO - [2026-08-15T16:18:58.168+0000] {dagbag.py:545} INFO - Filling up the DagBag from /opt/airflow/dags/daily_scrape_and_load.py
[2026-08-15T16:19:00.447+0000] {processor.py:840} INFO - DAG(s) 'daily_scrape_and_load' retrieved from /opt/airflow/dags/daily_scrape_and_load.py
[2026-08-15T16:19:00.619+0000] {logging_mixin.py:188} INFO - [2026-08-15T16:19:00.618+0000] {dag.py:3096} INFO - Sync 1 DAGs
[2026-08-15T16:19:00.683+0000] {logging_mixin.py:188} INFO - [2026-08-15T16:19:00.683+0000] {dag.py:3954} INFO - Setting next_dagrun for daily_scrape_and_load to 2026-08-15 00:00:00+00:00, run_after=2026-08-16 00:00:00+00:00
[2026-08-15T16:19:00.733+0000] {processor.py:183} INFO - Processing /opt/airflow/dags/daily_scrape_and_load.py took 2.595 seconds
[2026-08-15T16:19:31.206+0000] {processor.py:161} INFO - Started process (PID=2078) to work on /opt/airflow/dags/daily_scrape_and_load.py
[2026-08-15T16:19:31.208+0000] {processor.py:830} INFO - Processing file /opt/airflow/dags/daily_scrape_and_load.py for tasks to queue
[2026-08-15T16:19:31.212+0000] {logging_mixin.py:188} INFO - [2026-08-15T16:19:31.211+0000] {dagbag.py:545} INFO - Filling up the DagBag from /opt/airflow/dags/daily_scrape_and_load.py
[2026-08-15T16:19:33.227+0000] {processor.py:840} INFO - DAG(s) 'daily_scrape_and_load' retrieved from /opt/airflow/dags/daily_scrape_and_load.py
[2026-08-15T16:19:33.296+0000] {logging_mixin.py:188} INFO - [2026-08-15T16:19:33.296+0000] {dag.py:3096} INFO - Sync 1 DAGs
[2026-08-15T16:19:33.344+0000] {logging_mixin.py:188} INFO - [2026-08-15T16:19:33.343+0000] {dag.py:3954} INFO - Setting next_dagrun for daily_scrape_and_load to 2026-08-15 00:00:00+00:00, run_after=2026-08-16 00:00:00+00:00
[2026-08-15T16:19:33.380+0000] {processor.py:183} INFO - Processing /opt/airflow/dags/daily_scrape_and_load.py took 2.206 seconds
[2026-08-15T16:20:03.828+0000] {processor.py:161} INFO - Started process (PID=2084) to work on /opt/airflow/dags/daily_scrape_and_load.py
[2026-08-15T16:20:03.836+0000] {processor.py:830} INFO - Processing file /opt/airflow/dags/daily_scrape_and_load.py for tasks to queue
[2026-08-15T16:20:03.847+0000] {logging_mixin.py:188} INFO - [2026-08-15T16:20:03.843+0000] {dagbag.py:545} INFO - Filling up the DagBag from /opt/airflow/dags/daily_scrape_and_load.py
[2026-08-15T16:20:05.986+0000] {processor.py:840} INFO - DAG(s) 'daily_scrape_and_load' retrieved from /opt/airflow/dags/daily_scrape_and_load.py
[2026-08-15T16:20:06.076+0000] {logging_mixin.py:188} INFO - [2026-08-15T16:20:06.075+0000] {dag.py:3096} INFO - Sync 1 DAGs
[2026-08-15T16:20:06.180+0000] {logging_mixin.py:188} INFO - [2026-08-15T16:20:06.179+0000] {dag.py:3954} INFO - Setting next_dagrun for daily_scrape_and_load to 2026-08-15 00:00:00+00:00, run_after=2026-08-16 00:00:00+00:00
[2026-08-15T16:20:06.275+0000] {processor.py:183} INFO - Processing /opt/airflow/dags/daily_scrape_and_load.py took 2.489 seconds
[2026-08-15T16:20:36.974+0000] {processor.py:161} INFO - Started process (PID=2090) to work on /opt/airflow/dags/daily_scrape_and_load.py
[2026-08-15T16:20:36.976+0000] {processor.py:830} INFO - Processing file /opt/airflow/dags/daily_scrape_and_load.py for tasks to queue
[2026-08-15T16:20:36.978+0000] {logging_mixin.py:188} INFO - [2026-08-15T16:20:36.977+0000] {dagbag.py:545} INFO - Filling up the DagBag from /opt/airflow/dags/daily_scrape_and_load.py
[2026-08-15T16:20:38.580+0000] {processor.py:840} INFO - DAG(s) 'daily_scrape_and_load' retrieved from /opt/airflow/dags/daily_scrape_and_load.py
[2026-08-15T16:20:38.726+0000] {logging_mixin.py:188} INFO - [2026-08-15T16:20:38.725+0000] {dag.py:3096} INFO - Sync 1 DAGs
[2026-08-15T16:20:38.833+0000] {logging_mixin.py:188} INFO - [2026-08-15T16:20:38.832+0000] {dag.py:3954} INFO - Setting next_dagrun for daily_scrape_and_load to 2026-08-15 00:00:00+00:00, run_after=2026-08-16 00:00:00+00:00
[2026-08-15T16:20:38.938+0000] {processor.py:183} INFO - Processing /opt/airflow/dags/daily_scrape_and_load.py took 1.990 seconds
[2026-08-15T16:21:09.406+0000] {processor.py:161} INFO - Started process (PID=2096) to work on /opt/airflow/dags/daily_scrape_and_load.py
[2026-08-15T16:21:09.409+0000] {processor.py:830} INFO - Processing file /opt/airflow/dags/daily_scrape_and_load.py for tasks to queue
[2026-08-15T16:21:09.412+0000] {logging_mixin.py:188} INFO - [2026-08-15T16:21:09.411+0000] {dagbag.py:545} INFO - Filling up the DagBag from /opt/airflow/dags/daily_scrape_and_load.py
[2026-08-15T16:21:11.071+0000] {processor.py:840} INFO - DAG(s) 'daily_scrape_and_load' retrieved from /opt/airflow/dags/daily_scrape_and_load.py
[2026-08-15T16:21:11.157+0000] {logging_mixin.py:188} INFO - [2026-08-15T16:21:11.156+0000] {dag.py:3096} INFO - Sync 1 DAGs
[2026-08-15T16:21:11.208+0000] {logging_mixin.py:188} INFO - [2026-08-15T16:21:11.207+0000] {dag.py:3954} INFO - Setting next_dagrun for daily_scrape_and_load to 2026-08-15 00:00:00+00:00, run_after=2026-08-16 00:00:00+00:00
[2026-08-15T16:21:11.262+0000] {processor.py:183} INFO - Processing /opt/airflow/dags/daily_scrape_and_load.py took 1.882 seconds
[2026-08-15T16:21:42.077+0000] {processor.py:161} INFO - Started process (PID=2102) to work on /opt/airflow/dags/daily_scrape_and_load.py
[2026-08-15T16:21:42.079+0000] {processor.py:830} INFO - Processing file /opt/airflow/dags/daily_scrape_and_load.py for tasks to queue
[2026-08-15T16:21:42.082+0000] {logging_mixin.py:188} INFO - [2026-08-15T16:21:42.081+0000] {dagbag.py:545} INFO - Filling up the DagBag from /opt/airflow/dags/daily_scrape_and_load.py
[2026-08-15T16:21:43.733+0000] {processor.py:840} INFO - DAG(s) 'daily_scrape_and_load' retrieved from /opt/airflow/dags/daily_scrape_and_load.py
[2026-08-15T16:21:43.865+0000] {logging_mixin.py:188} INFO - [2026-08-15T16:21:43.865+0000] {dag.py:3096} INFO - Sync 1 DAGs
[2026-08-15T16:21:43.940+0000] {logging_mixin.py:188} INFO - [2026-08-15T16:21:43.940+0000] {dag.py:3954} INFO - Setting next_dagrun for daily_scrape_and_load to 2026-08-15 00:00:00+00:00, run_after=2026-08-16 00:00:00+00:00
[2026-08-15T16:21:44.005+0000] {processor.py:183} INFO - Processing /opt/airflow/dags/daily_scrape_and_load.py took 1.955 seconds
[2026-08-15T16:22:14.525+0000] {processor.py:161} INFO - Started process (PID=2108) to work on /opt/airflow/dags/daily_scrape_and_load.py
[2026-08-15T16:22:14.529+0000] {processor.py:830} INFO - Processing file /opt/airflow/dags/daily_scrape_and_load.py for tasks to queue
[2026-08-15T16:22:14.534+0000] {logging_mixin.py:188} INFO - [2026-08-15T16:22:14.533+0000] {dagbag.py:545} INFO - Filling up the DagBag from /opt/airflow/dags/daily_scrape_and_load.py
[2026-08-15T16:22:16.543+0000] {processor.py:840} INFO - DAG(s) 'daily_scrape_and_load' retrieved from /opt/airflow/dags/daily_scrape_and_load.py
[2026-08-15T16:22:16.713+0000] {logging_mixin.py:188} INFO - [2026-08-15T16:22:16.712+0000] {dag.py:3096} INFO - Sync 1 DAGs
[2026-08-15T16:22:16.837+0000] {logging_mixin.py:188} INFO - [2026-08-15T16:22:16.836+0000] {dag.py:3954} INFO - Setting next_dagrun for daily_scrape_and_load to 2026-08-15 00:00:00+00:00, run_after=2026-08-16 00:00:00+00:00
[2026-08-15T16:22:16.938+0000] {processor.py:183} INFO - Processing /opt/airflow/dags/daily_scrape_and_load.py took 2.447 seconds
[2026-08-15T16:22:47.604+0000] {processor.py:161} INFO - Started process (PID=2114) to work on /opt/airflow/dags/daily_scrape_and_load.py
[2026-08-15T16:22:47.607+0000] {processor.py:830} INFO - Processing file /opt/airflow/dags/daily_scrape_and_load.py for tasks to queue
[2026-08-15T16:22:47.613+0000] {logging_mixin.py:188} INFO - [2026-08-15T16:22:47.611+0000] {dagbag.py:545} INFO - Filling up the DagBag from /opt/airflow/dags/daily_scrape_and_load.py
[2026-08-15T16:22:49.790+0000] {processor.py:840} INFO - DAG(s) 'daily_scrape_and_load' retrieved from /opt/airflow/dags/daily_scrape_and_load.py
[2026-08-15T16:22:49.967+0000] {logging_mixin.py:188} INFO - [2026-08-15T16:22:49.967+0000] {dag.py:3096} INFO - Sync 1 DAGs
[2026-08-15T16:22:50.104+0000] {logging_mixin.py:188} INFO - [2026-08-15T16:22:50.103+0000] {dag.py:3954} INFO - Setting next_dagrun for daily_scrape_and_load to 2026-08-15 00:00:00+00:00, run_after=2026-08-16 00:00:00+00:00
[2026-08-15T16:22:50.230+0000] {processor.py:183} INFO - Processing /opt/airflow/dags/daily_scrape_and_load.py took 2.666 seconds
[2026-08-15T16:23:21.007+0000] {processor.py:161} INFO - Started process (PID=2120) to work on /opt/airflow/dags/daily_scrape_and_load.py
[2026-08-15T16:23:21.014+0000] {processor.py:830} INFO - Processing file /opt/airflow/dags/daily_scrape_and_load.py for tasks to queue
[2026-08-15T16:23:21.040+0000] {logging_mixin.py:188} INFO - [2026-08-15T16:23:21.034+0000] {dagbag.py:545} INFO - Filling up the DagBag from /opt/airflow/dags/daily_scrape_and_load.py
[2026-08-15T16:23:29.773+0000] {processor.py:840} INFO - DAG(s) 'daily_scrape_and_load' retrieved from /opt/airflow/dags/daily_scrape_and_load.py
[2026-08-15T16:23:30.329+0000] {logging_mixin.py:188} INFO - [2026-08-15T16:23:30.327+0000] {dag.py:3096} INFO - Sync 1 DAGs
[2026-08-15T16:23:30.484+0000] {logging_mixin.py:188} INFO - [2026-08-15T16:23:30.483+0000] {dag.py:3954} INFO - Setting next_dagrun for daily_scrape_and_load to 2026-08-15 00:00:00+00:00, run_after=2026-08-16 00:00:00+00:00
[2026-08-15T16:23:30.662+0000] {processor.py:183} INFO - Processing /opt/airflow/dags/daily_scrape_and_load.py took 9.855 seconds
[2026-08-15T16:24:01.513+0000] {processor.py:161} INFO - Started process (PID=2126) to work on /opt/airflow/dags/daily_scrape_and_load.py
[2026-08-15T16:24:01.515+0000] {processor.py:830} INFO - Processing file /opt/airflow/dags/daily_scrape_and_load.py for tasks to queue
[2026-08-15T16:24:01.523+0000] {logging_mixin.py:188} INFO - [2026-08-15T16:24:01.519+0000] {dagbag.py:545} INFO - Filling up the DagBag from /opt/airflow/dags/daily_scrape_and_load.py
[2026-08-15T16:24:03.435+0000] {processor.py:840} INFO - DAG(s) 'daily_scrape_and_load' retrieved from /opt/airflow/dags/daily_scrape_and_load.py
[2026-08-15T16:24:03.558+0000] {logging_mixin.py:188} INFO - [2026-08-15T16:24:03.557+0000] {dag.py:3096} INFO - Sync 1 DAGs
[2026-08-15T16:24:03.635+0000] {logging_mixin.py:188} INFO - [2026-08-15T16:24:03.635+0000] {dag.py:3954} INFO - Setting next_dagrun for daily_scrape_and_load to 2026-08-15 00:00:00+00:00, run_after=2026-08-16 00:00:00+00:00
[2026-08-15T16:24:03.673+0000] {processor.py:183} INFO - Processing /opt/airflow/dags/daily_scrape_and_load.py took 2.201 seconds
[2026-08-15T16:24:34.156+0000] {processor.py:161} INFO - Started process (PID=2132) to work on /opt/airflow/dags/daily_scrape_and_load.py
[2026-08-15T16:24:34.160+0000] {processor.py:830} INFO - Processing file /opt/airflow/dags/daily_scrape_and_load.py for tasks to queue
[2026-08-15T16:24:34.163+0000] {logging_mixin.py:188} INFO - [2026-08-15T16:24:34.161+0000] {dagbag.py:545} INFO - Filling up the DagBag from /opt/airflow/dags/daily_scrape_and_load.py
[2026-08-15T16:24:35.690+0000] {processor.py:840} INFO - DAG(s) 'daily_scrape_and_load' retrieved from /opt/airflow/dags/daily_scrape_and_load.py
[2026-08-15T16:24:35.746+0000] {logging_mixin.py:188} INFO - [2026-08-15T16:24:35.746+0000] {dag.py:3096} INFO - Sync 1 DAGs
[2026-08-15T16:24:35.780+0000] {logging_mixin.py:188} INFO - [2026-08-15T16:24:35.779+0000] {dag.py:3954} INFO - Setting next_dagrun for daily_scrape_and_load to 2026-08-15 00:00:00+00:00, run_after=2026-08-16 00:00:00+00:00
[2026-08-15T16:24:35.845+0000] {processor.py:183} INFO - Processing /opt/airflow/dags/daily_scrape_and_load.py took 1.715 seconds
[2026-08-15T16:25:06.614+0000] {processor.py:161} INFO - Started process (PID=2138) to work on /opt/airflow/dags/daily_scrape_and_load.py
[2026-08-15T16:25:06.617+0000] {processor.py:830} INFO - Processing file /opt/airflow/dags/daily_scrape_and_load.py for tasks to queue
[2026-08-15T16:25:06.623+0000] {logging_mixin.py:188} INFO - [2026-08-15T16:25:06.621+0000] {dagbag.py:545} INFO - Filling up the DagBag from /opt/airflow/dags/daily_scrape_and_load.py
[2026-08-15T16:25:08.957+0000] {processor.py:840} INFO - DAG(s) 'daily_scrape_and_load' retrieved from /opt/airflow/dags/daily_scrape_and_load.py
[2026-08-15T16:25:09.335+0000] {logging_mixin.py:188} INFO - [2026-08-15T16:25:09.334+0000] {dag.py:3096} INFO - Sync 1 DAGs
[2026-08-15T16:25:09.416+0000] {logging_mixin.py:188} INFO - [2026-08-15T16:25:09.415+0000] {dag.py:3954} INFO - Setting next_dagrun for daily_scrape_and_load to 2026-08-15 00:00:00+00:00, run_after=2026-08-16 00:00:00+00:00
[2026-08-15T16:25:09.709+0000] {processor.py:183} INFO - Processing /opt/airflow/dags/daily_scrape_and_load.py took 3.134 seconds
[2026-08-15T16:25:40.152+0000] {processor.py:161} INFO - Started process (PID=2144) to work on /opt/airflow/dags/daily_scrape_and_load.py
[2026-08-15T16:25:40.154+0000] {processor.py:830} INFO - Processing file /opt/airflow/dags/daily_scrape_and_load.py for tasks to queue
[2026-08-15T16:25:40.156+0000] {logging_mixin.py:188} INFO - [2026-08-15T16:25:40.155+0000] {dagbag.py:545} INFO - Filling up the DagBag from /opt/airflow/dags/daily_scrape_and_load.py
[2026-08-15T16:25:41.991+0000] {processor.py:840} INFO - DAG(s) 'daily_scrape_and_load' retrieved from /opt/airflow/dags/daily_scrape_and_load.py
[2026-08-15T16:25:42.214+0000] {logging_mixin.py:188} INFO - [2026-08-15T16:25:42.213+0000] {dag.py:3096} INFO - Sync 1 DAGs
[2026-08-15T16:25:42.264+0000] {logging_mixin.py:188} INFO - [2026-08-15T16:25:42.264+0000] {dag.py:3954} INFO - Setting next_dagrun for daily_scrape_and_load to 2026-08-15 00:00:00+00:00, run_after=2026-08-16 00:00:00+00:00
[2026-08-15T16:25:42.301+0000] {processor.py:183} INFO - Processing /opt/airflow/dags/daily_scrape_and_load.py took 2.194 seconds
[2026-08-15T16:26:12.659+0000] {processor.py:161} INFO - Started process (PID=2150) to work on /opt/airflow/dags/daily_scrape_and_load.py
[2026-08-15T16:26:12.662+0000] {processor.py:830} INFO - Processing file /opt/airflow/dags/daily_scrape_and_load.py for tasks to queue
[2026-08-15T16:26:12.665+0000] {logging_mixin.py:188} INFO - [2026-08-15T16:26:12.664+0000] {dagbag.py:545} INFO - Filling up the DagBag from /opt/airflow/dags/daily_scrape_and_load.py
[2026-08-15T16:26:14.885+0000] {processor.py:840} INFO - DAG(s) 'daily_scrape_and_load' retrieved from /opt/airflow/dags/daily_scrape_and_load.py
[2026-08-15T16:26:14.991+0000] {logging_mixin.py:188} INFO - [2026-08-15T16:26:14.991+0000] {dag.py:3096} INFO - Sync 1 DAGs
[2026-08-15T16:26:15.053+0000] {logging_mixin.py:188} INFO - [2026-08-15T16:26:15.052+0000] {dag.py:3954} INFO - Setting next_dagrun for daily_scrape_and_load to 2026-08-15 00:00:00+00:00, run_after=2026-08-16 00:00:00+00:00
[2026-08-15T16:26:15.113+0000] {processor.py:183} INFO - Processing /opt/airflow/dags/daily_scrape_and_load.py took 2.483 seconds
[2026-08-15T16:26:45.864+0000] {processor.py:161} INFO - Started process (PID=2156) to work on /opt/airflow/dags/daily_scrape_and_load.py
[2026-08-15T16:26:45.869+0000] {processor.py:830} INFO - Processing file /opt/airflow/dags/daily_scrape_and_load.py for tasks to queue
[2026-08-15T16:26:45.880+0000] {logging_mixin.py:188} INFO - [2026-08-15T16:26:45.874+0000] {dagbag.py:545} INFO - Filling up the DagBag from /opt/airflow/dags/daily_scrape_and_load.py
[2026-08-15T16:26:48.963+0000] {processor.py:840} INFO - DAG(s) 'daily_scrape_and_load' retrieved from /opt/airflow/dags/daily_scrape_and_load.py
[2026-08-15T16:26:49.072+0000] {logging_mixin.py:188} INFO - [2026-08-15T16:26:49.072+0000] {dag.py:3096} INFO - Sync 1 DAGs
[2026-08-15T16:26:49.138+0000] {logging_mixin.py:188} INFO - [2026-08-15T16:26:49.138+0000] {dag.py:3954} INFO - Setting next_dagrun for daily_scrape_and_load to 2026-08-15 00:00:00+00:00, run_after=2026-08-16 00:00:00+00:00
[2026-08-15T16:26:49.200+0000] {processor.py:183} INFO - Processing /opt/airflow/dags/daily_scrape_and_load.py took 3.406 seconds
[2026-08-15T16:27:19.831+0000] {processor.py:161} INFO - Started process (PID=2162) to work on /opt/airflow/dags/daily_scrape_and_load.py
[2026-08-15T16:27:19.842+0000] {processor.py:830} INFO - Processing file /opt/airflow/dags/daily_scrape_and_load.py for tasks to queue
[2026-08-15T16:27:19.850+0000] {logging_mixin.py:188} INFO - [2026-08-15T16:27:19.847+0000] {dagbag.py:545} INFO - Filling up the DagBag from /opt/airflow/dags/daily_scrape_and_load.py
[2026-08-15T16:27:22.307+0000] {processor.py:840} INFO - DAG(s) 'daily_scrape_and_load' retrieved from /opt/airflow/dags/daily_scrape_and_load.py
[2026-08-15T16:27:22.390+0000] {logging_mixin.py:188} INFO - [2026-08-15T16:27:22.390+0000] {dag.py:3096} INFO - Sync 1 DAGs
[2026-08-15T16:27:22.446+0000] {logging_mixin.py:188} INFO - [2026-08-15T16:27:22.446+0000] {dag.py:3954} INFO - Setting next_dagrun for daily_scrape_and_load to 2026-08-15 00:00:00+00:00, run_after=2026-08-16 00:00:00+00:00
[2026-08-15T16:27:22.494+0000] {processor.py:183} INFO - Processing /opt/airflow/dags/daily_scrape_and_load.py took 2.722 seconds
[2026-08-15T16:27:53.022+0000] {processor.py:161} INFO - Started process (PID=2168) to work on /opt/airflow/dags/daily_scrape_and_load.py
[2026-08-15T16:27:53.024+0000] {processor.py:830} INFO - Processing file /opt/airflow/dags/daily_scrape_and_load.py for tasks to queue
[2026-08-15T16:27:53.026+0000] {logging_mixin.py:188} INFO - [2026-08-15T16:27:53.025+0000] {dagbag.py:545} INFO - Filling up the DagBag from /opt/airflow/dags/daily_scrape_and_load.py
[2026-08-15T16:27:54.501+0000] {processor.py:840} INFO - DAG(s) 'daily_scrape_and_load' retrieved from /opt/airflow/dags/daily_scrape_and_load.py
[2026-08-15T16:27:54.625+0000] {logging_mixin.py:188} INFO - [2026-08-15T16:27:54.625+0000] {dag.py:3096} INFO - Sync 1 DAGs
[2026-08-15T16:27:54.663+0000] {logging_mixin.py:188} INFO - [2026-08-15T16:27:54.663+0000] {dag.py:3954} INFO - Setting next_dagrun for daily_scrape_and_load to 2026-08-15 00:00:00+00:00, run_after=2026-08-16 00:00:00+00:00
[2026-08-15T16:27:54.700+0000] {processor.py:183} INFO - Processing /opt/airflow/dags/daily_scrape_and_load.py took 1.693 seconds
[2026-08-15T16:28:25.137+0000] {processor.py:161} INFO - Started process (PID=2174) to work on /opt/airflow/dags/daily_scrape_and_load.py
[2026-08-15T16:28:25.139+0000] {processor.py:830} INFO - Processing file /opt/airflow/dags/daily_scrape_and_load.py for tasks to queue
[2026-08-15T16:28:25.141+0000] {logging_mixin.py:188} INFO - [2026-08-15T16:28:25.140+0000] {dagbag.py:545} INFO - Filling up the DagBag from /opt/airflow/dags/daily_scrape_and_load.py
[2026-08-15T16:28:27.079+0000] {processor.py:840} INFO - DAG(s) 'daily_scrape_and_load' retrieved from /opt/airflow/dags/daily_scrape_and_load.py
[2026-08-15T16:28:27.249+0000] {logging_mixin.py:188} INFO - [2026-08-15T16:28:27.248+0000] {dag.py:3096} INFO - Sync 1 DAGs
[2026-08-15T16:28:27.364+0000] {logging_mixin.py:188} INFO - [2026-08-15T16:28:27.363+0000] {dag.py:3954} INFO - Setting next_dagrun for daily_scrape_and_load to 2026-08-15 00:00:00+00:00, run_after=2026-08-16 00:00:00+00:00
[2026-08-15T16:28:27.435+0000] {processor.py:183} INFO - Processing /opt/airflow/dags/daily_scrape_and_load.py took 2.311 seconds
[2026-08-15T16:28:57.751+0000] {processor.py:161} INFO - Started process (PID=2180) to work on /opt/airflow/dags/daily_scrape_and_load.py
[2026-08-15T16:28:57.753+0000] {processor.py:830} INFO - Processing file /opt/airflow/dags/daily_scrape_and_load.py for tasks to queue
[2026-08-15T16:28:57.757+0000] {logging_mixin.py:188} INFO - [2026-08-15T16:28:57.755+0000] {dagbag.py:545} INFO - Filling up the DagBag from /opt/airflow/dags/daily_scrape_and_load.py
[2026-08-15T16:28:59.404+0000] {processor.py:840} INFO - DAG(s) 'daily_scrape_and_load' retrieved from /opt/airflow/dags/daily_scrape_and_load.py
[2026-08-15T16:28:59.515+0000] {logging_mixin.py:188} INFO - [2026-08-15T16:28:59.514+0000] {dag.py:3096} INFO - Sync 1 DAGs
[2026-08-15T16:28:59.574+0000] {logging_mixin.py:188} INFO - [2026-08-15T16:28:59.573+0000] {dag.py:3954} INFO - Setting next_dagrun for daily_scrape_and_load to 2026-08-15 00:00:00+00:00, run_after=2026-08-16 00:00:00+00:00
[2026-08-15T16:28:59.637+0000] {processor.py:183} INFO - Processing /opt/airflow/dags/daily_scrape_and_load.py took 1.917 seconds
[2026-08-15T16:29:30.243+0000] {processor.py:161} INFO - Started process (PID=2186) to work on /opt/airflow/dags/daily_scrape_and_load.py
[2026-08-15T16:29:30.246+0000] {processor.py:830} INFO - Processing file /opt/airflow/dags/daily_scrape_and_load.py for tasks to queue
[2026-08-15T16:29:30.253+0000] {logging_mixin.py:188} INFO - [2026-08-15T16:29:30.251+0000] {dagbag.py:545} INFO - Filling up the DagBag from /opt/airflow/dags/daily_scrape_and_load.py
[2026-08-15T16:29:32.742+0000] {processor.py:840} INFO - DAG(s) 'daily_scrape_and_load' retrieved from /opt/airflow/dags/daily_scrape_and_load.py
[2026-08-15T16:29:32.841+0000] {logging_mixin.py:188} INFO - [2026-08-15T16:29:32.840+0000] {dag.py:3096} INFO - Sync 1 DAGs
[2026-08-15T16:29:32.925+0000] {logging_mixin.py:188} INFO - [2026-08-15T16:29:32.924+0000] {dag.py:3954} INFO - Setting next_dagrun for daily_scrape_and_load to 2026-08-15 00:00:00+00:00, run_after=2026-08-16 00:00:00+00:00
[2026-08-15T16:29:32.994+0000] {processor.py:183} INFO - Processing /opt/airflow/dags/daily_scrape_and_load.py took 2.774 seconds
[2026-08-15T16:30:03.686+0000] {processor.py:161} INFO - Started process (PID=2192) to work on /opt/airflow/dags/daily_scrape_and_load.py
[2026-08-15T16:30:03.688+0000] {processor.py:830} INFO - Processing file /opt/airflow/dags/daily_scrape_and_load.py for tasks to queue
[2026-08-15T16:30:03.691+0000] {logging_mixin.py:188} INFO - [2026-08-15T16:30:03.690+0000] {dagbag.py:545} INFO - Filling up the DagBag from /opt/airflow/dags/daily_scrape_and_load.py
[2026-08-15T16:30:05.204+0000] {processor.py:840} INFO - DAG(s) 'daily_scrape_and_load' retrieved from /opt/airflow/dags/daily_scrape_and_load.py
[2026-08-15T16:30:05.264+0000] {logging_mixin.py:188} INFO - [2026-08-15T16:30:05.263+0000] {dag.py:3096} INFO - Sync 1 DAGs
[2026-08-15T16:30:05.309+0000] {logging_mixin.py:188} INFO - [2026-08-15T16:30:05.308+0000] {dag.py:3954} INFO - Setting next_dagrun for daily_scrape_and_load to 2026-08-15 00:00:00+00:00, run_after=2026-08-16 00:00:00+00:00
[2026-08-15T16:30:05.345+0000] {processor.py:183} INFO - Processing /opt/airflow/dags/daily_scrape_and_load.py took 1.675 seconds
[2026-08-15T16:30:36.037+0000] {processor.py:161} INFO - Started process (PID=2198) to work on /opt/airflow/dags/daily_scrape_and_load.py
[2026-08-15T16:30:36.040+0000] {processor.py:830} INFO - Processing file /opt/airflow/dags/daily_scrape_and_load.py for tasks to queue
[2026-08-15T16:30:36.045+0000] {logging_mixin.py:188} INFO - [2026-08-15T16:30:36.043+0000] {dagbag.py:545} INFO - Filling up the DagBag from /opt/airflow/dags/daily_scrape_and_load.py
[2026-08-15T16:30:37.689+0000] {processor.py:840} INFO - DAG(s) 'daily_scrape_and_load' retrieved from /opt/airflow/dags/daily_scrape_and_load.py
[2026-08-15T16:30:37.775+0000] {logging_mixin.py:188} INFO - [2026-08-15T16:30:37.774+0000] {dag.py:3096} INFO - Sync 1 DAGs
[2026-08-15T16:30:37.831+0000] {logging_mixin.py:188} INFO - [2026-08-15T16:30:37.830+0000] {dag.py:3954} INFO - Setting next_dagrun for daily_scrape_and_load to 2026-08-15 00:00:00+00:00, run_after=2026-08-16 00:00:00+00:00
[2026-08-15T16:30:37.880+0000] {processor.py:183} INFO - Processing /opt/airflow/dags/daily_scrape_and_load.py took 1.878 seconds
[2026-08-15T16:31:08.519+0000] {processor.py:161} INFO - Started process (PID=2204) to work on /opt/airflow/dags/daily_scrape_and_load.py
[2026-08-15T16:31:08.520+0000] {processor.py:830} INFO - Processing file /opt/airflow/dags/daily_scrape_and_load.py for tasks to queue
[2026-08-15T16:31:08.522+0000] {logging_mixin.py:188} INFO - [2026-08-15T16:31:08.521+0000] {dagbag.py:545} INFO - Filling up the DagBag from /opt/airflow/dags/daily_scrape_and_load.py
[2026-08-15T16:31:09.806+0000] {processor.py:840} INFO - DAG(s) 'daily_scrape_and_load' retrieved from /opt/airflow/dags/daily_scrape_and_load.py
[2026-08-15T16:31:09.863+0000] {logging_mixin.py:188} INFO - [2026-08-15T16:31:09.862+0000] {dag.py:3096} INFO - Sync 1 DAGs
[2026-08-15T16:31:09.903+0000] {logging_mixin.py:188} INFO - [2026-08-15T16:31:09.903+0000] {dag.py:3954} INFO - Setting next_dagrun for daily_scrape_and_load to 2026-08-15 00:00:00+00:00, run_after=2026-08-16 00:00:00+00:00
[2026-08-15T16:31:09.959+0000] {processor.py:183} INFO - Processing /opt/airflow/dags/daily_scrape_and_load.py took 1.450 seconds
[2026-08-15T16:31:40.703+0000] {processor.py:161} INFO - Started process (PID=2210) to work on /opt/airflow/dags/daily_scrape_and_load.py
[2026-08-15T16:31:40.711+0000] {processor.py:830} INFO - Processing file /opt/airflow/dags/daily_scrape_and_load.py for tasks to queue
[2026-08-15T16:31:40.717+0000] {logging_mixin.py:188} INFO - [2026-08-15T16:31:40.715+0000] {dagbag.py:545} INFO - Filling up the DagBag from /opt/airflow/dags/daily_scrape_and_load.py
[2026-08-15T16:31:42.847+0000] {processor.py:840} INFO - DAG(s) 'daily_scrape_and_load' retrieved from /opt/airflow/dags/daily_scrape_and_load.py
[2026-08-15T16:31:42.937+0000] {logging_mixin.py:188} INFO - [2026-08-15T16:31:42.937+0000] {dag.py:3096} INFO - Sync 1 DAGs
[2026-08-15T16:31:42.994+0000] {logging_mixin.py:188} INFO - [2026-08-15T16:31:42.994+0000] {dag.py:3954} INFO - Setting next_dagrun for daily_scrape_and_load to 2026-08-15 00:00:00+00:00, run_after=2026-08-16 00:00:00+00:00
[2026-08-15T16:31:43.098+0000] {processor.py:183} INFO - Processing /opt/airflow/dags/daily_scrape_and_load.py took 2.447 seconds
[2026-08-15T16:32:13.487+0000] {processor.py:161} INFO - Started process (PID=2216) to work on /opt/airflow/dags/daily_scrape_and_load.py
[2026-08-15T16:32:13.494+0000] {processor.py:830} INFO - Processing file /opt/airflow/dags/daily_scrape_and_load.py for tasks to queue
[2026-08-15T16:32:13.503+0000] {logging_mixin.py:188} INFO - [2026-08-15T16:32:13.500+0000] {dagbag.py:545} INFO - Filling up the DagBag from /opt/airflow/dags/daily_scrape_and_load.py
[2026-08-15T16:32:15.365+0000] {processor.py:840} INFO - DAG(s) 'daily_scrape_and_load' retrieved from /opt/airflow/dags/daily_scrape_and_load.py
[2026-08-15T16:32:15.502+0000] {logging_mixin.py:188} INFO - [2026-08-15T16:32:15.501+0000] {dag.py:3096} INFO - Sync 1 DAGs
[2026-08-15T16:32:15.652+0000] {logging_mixin.py:188} INFO - [2026-08-15T16:32:15.651+0000] {dag.py:3954} INFO - Setting next_dagrun for daily_scrape_and_load to 2026-08-15 00:00:00+00:00, run_after=2026-08-16 00:00:00+00:00
[2026-08-15T16:32:15.709+0000] {processor.py:183} INFO - Processing /opt/airflow/dags/daily_scrape_and_load.py took 2.264 seconds
[2026-08-15T16:32:46.132+0000] {processor.py:161} INFO - Started process (PID=2222) to work on /opt/airflow/dags/daily_scrape_and_load.py
[2026-08-15T16:32:46.134+0000] {processor.py:830} INFO - Processing file /opt/airflow/dags/daily_scrape_and_load.py for tasks to queue
[2026-08-15T16:32:46.136+0000] {logging_mixin.py:188} INFO - [2026-08-15T16:32:46.135+0000] {dagbag.py:545} INFO - Filling up the DagBag from /opt/airflow/dags/daily_scrape_and_load.py
[2026-08-15T16:32:47.899+0000] {processor.py:840} INFO - DAG(s) 'daily_scrape_and_load' retrieved from /opt/airflow/dags/daily_scrape_and_load.py
[2026-08-15T16:32:47.986+0000] {logging_mixin.py:188} INFO - [2026-08-15T16:32:47.985+0000] {dag.py:3096} INFO - Sync 1 DAGs
[2026-08-15T16:32:48.070+0000] {logging_mixin.py:188} INFO - [2026-08-15T16:32:48.069+0000] {dag.py:3954} INFO - Setting next_dagrun for daily_scrape_and_load to 2026-08-15 00:00:00+00:00, run_after=2026-08-16 00:00:00+00:00
[2026-08-15T16:32:48.176+0000] {processor.py:183} INFO - Processing /opt/airflow/dags/daily_scrape_and_load.py took 2.055 seconds
[2026-08-15T16:33:18.801+0000] {processor.py:161} INFO - Started process (PID=2228) to work on /opt/airflow/dags/daily_scrape_and_load.py
[2026-08-15T16:33:18.803+0000] {processor.py:830} INFO - Processing file /opt/airflow/dags/daily_scrape_and_load.py for tasks to queue
[2026-08-15T16:33:18.809+0000] {logging_mixin.py:188} INFO - [2026-08-15T16:33:18.806+0000] {dagbag.py:545} INFO - Filling up the DagBag from /opt/airflow/dags/daily_scrape_and_load.py
[2026-08-15T16:33:20.961+0000] {processor.py:840} INFO - DAG(s) 'daily_scrape_and_load' retrieved from /opt/airflow/dags/daily_scrape_and_load.py
[2026-08-15T16:33:21.204+0000] {logging_mixin.py:188} INFO - [2026-08-15T16:33:21.199+0000] {dag.py:3096} INFO - Sync 1 DAGs
[2026-08-15T16:33:21.325+0000] {logging_mixin.py:188} INFO - [2026-08-15T16:33:21.324+0000] {dag.py:3954} INFO - Setting next_dagrun for daily_scrape_and_load to 2026-08-15 00:00:00+00:00, run_after=2026-08-16 00:00:00+00:00
[2026-08-15T16:33:21.389+0000] {processor.py:183} INFO - Processing /opt/airflow/dags/daily_scrape_and_load.py took 2.617 seconds
[2026-08-15T16:33:51.699+0000] {processor.py:161} INFO - Started process (PID=2234) to work on /opt/airflow/dags/daily_scrape_and_load.py
[2026-08-15T16:33:51.700+0000] {processor.py:830} INFO - Processing file /opt/airflow/dags/daily_scrape_and_load.py for tasks to queue
[2026-08-15T16:33:51.702+0000] {logging_mixin.py:188} INFO - [2026-08-15T16:33:51.701+0000] {dagbag.py:545} INFO - Filling up the DagBag from /opt/airflow/dags/daily_scrape_and_load.py
[2026-08-15T16:33:52.662+0000] {processor.py:840} INFO - DAG(s) 'daily_scrape_and_load' retrieved from /opt/airflow/dags/daily_scrape_and_load.py
[2026-08-15T16:33:52.707+0000] {logging_mixin.py:188} INFO - [2026-08-15T16:33:52.707+0000] {dag.py:3096} INFO - Sync 1 DAGs
[2026-08-15T16:33:52.737+0000] {logging_mixin.py:188} INFO - [2026-08-15T16:33:52.737+0000] {dag.py:3954} INFO - Setting next_dagrun for daily_scrape_and_load to 2026-08-15 00:00:00+00:00, run_after=2026-08-16 00:00:00+00:00
[2026-08-15T16:33:52.765+0000] {processor.py:183} INFO - Processing /opt/airflow/dags/daily_scrape_and_load.py took 1.081 seconds
[2026-08-15T16:34:23.220+0000] {processor.py:161} INFO - Started process (PID=2240) to work on /opt/airflow/dags/daily_scrape_and_load.py
[2026-08-15T16:34:23.221+0000] {processor.py:830} INFO - Processing file /opt/airflow/dags/daily_scrape_and_load.py for tasks to queue
[2026-08-15T16:34:23.223+0000] {logging_mixin.py:188} INFO - [2026-08-15T16:34:23.223+0000] {dagbag.py:545} INFO - Filling up the DagBag from /opt/airflow/dags/daily_scrape_and_load.py
[2026-08-15T16:34:24.119+0000] {processor.py:840} INFO - DAG(s) 'daily_scrape_and_load' retrieved from /opt/airflow/dags/daily_scrape_and_load.py
[2026-08-15T16:34:24.168+0000] {logging_mixin.py:188} INFO - [2026-08-15T16:34:24.167+0000] {dag.py:3096} INFO - Sync 1 DAGs
[2026-08-15T16:34:24.202+0000] {logging_mixin.py:188} INFO - [2026-08-15T16:34:24.201+0000] {dag.py:3954} INFO - Setting next_dagrun for daily_scrape_and_load to 2026-08-15 00:00:00+00:00, run_after=2026-08-16 00:00:00+00:00
[2026-08-15T16:34:24.232+0000] {processor.py:183} INFO - Processing /opt/airflow/dags/daily_scrape_and_load.py took 1.024 seconds
[2026-08-15T16:34:54.783+0000] {processor.py:161} INFO - Started process (PID=2246) to work on /opt/airflow/dags/daily_scrape_and_load.py
[2026-08-15T16:34:54.788+0000] {processor.py:830} INFO - Processing file /opt/airflow/dags/daily_scrape_and_load.py for tasks to queue
[2026-08-15T16:34:54.795+0000] {logging_mixin.py:188} INFO - [2026-08-15T16:34:54.793+0000] {dagbag.py:545} INFO - Filling up the DagBag from /opt/airflow/dags/daily_scrape_and_load.py
[2026-08-15T16:34:56.100+0000] {processor.py:840} INFO - DAG(s) 'daily_scrape_and_load' retrieved from /opt/airflow/dags/daily_scrape_and_load.py
[2026-08-15T16:34:56.161+0000] {logging_mixin.py:188} INFO - [2026-08-15T16:34:56.160+0000] {dag.py:3096} INFO - Sync 1 DAGs
[2026-08-15T16:34:56.190+0000] {logging_mixin.py:188} INFO - [2026-08-15T16:34:56.190+0000] {dag.py:3954} INFO - Setting next_dagrun for daily_scrape_and_load to 2026-08-15 00:00:00+00:00, run_after=2026-08-16 00:00:00+00:00
[2026-08-15T16:34:56.229+0000] {processor.py:183} INFO - Processing /opt/airflow/dags/daily_scrape_and_load.py took 1.473 seconds
