[2026-08-12T16:34:23.379+0000] {processor.py:161} INFO - Started process (PID=164) to work on /opt/airflow/dags/daily_scrape_and_load.py
[2026-08-12T16:34:23.381+0000] {processor.py:830} INFO - Processing file /opt/airflow/dags/daily_scrape_and_load.py for tasks to queue
[2026-08-12T16:34:23.386+0000] {logging_mixin.py:188} INFO - [2026-08-12T16:34:23.384+0000] {dagbag.py:545} INFO - Filling up the DagBag from /opt/airflow/dags/daily_scrape_and_load.py
[2026-08-12T16:34:27.911+0000] {logging_mixin.py:188} INFO - [2026-08-12T16:34:27.898+0000] {dagbag.py:355} ERROR - Failed to import: /opt/airflow/dags/daily_scrape_and_load.py
Traceback (most recent call last):
  File "/home/airflow/.local/lib/python3.12/site-packages/airflow/models/dagbag.py", line 351, in parse
    loader.exec_module(new_module)
  File "<frozen importlib._bootstrap_external>", line 995, in exec_module
  File "<frozen importlib._bootstrap>", line 488, in _call_with_frames_removed
  File "/opt/airflow/dags/daily_scrape_and_load.py", line 12, in <module>
    from bronze.load_bronze import load_current_month_file, metric_columns, final_columns, expected_cols
ImportError: cannot import name 'load_current_month_file' from 'bronze.load_bronze' (/opt/airflow/scripts/bronze/load_bronze.py)
[2026-08-12T16:34:27.915+0000] {processor.py:842} WARNING - No viable dags retrieved from /opt/airflow/dags/daily_scrape_and_load.py
[2026-08-12T16:34:27.998+0000] {processor.py:183} INFO - Processing /opt/airflow/dags/daily_scrape_and_load.py took 4.635 seconds
[2026-08-12T16:34:58.655+0000] {processor.py:161} INFO - Started process (PID=170) to work on /opt/airflow/dags/daily_scrape_and_load.py
[2026-08-12T16:34:58.660+0000] {processor.py:830} INFO - Processing file /opt/airflow/dags/daily_scrape_and_load.py for tasks to queue
[2026-08-12T16:34:58.668+0000] {logging_mixin.py:188} INFO - [2026-08-12T16:34:58.664+0000] {dagbag.py:545} INFO - Filling up the DagBag from /opt/airflow/dags/daily_scrape_and_load.py
[2026-08-12T16:35:00.949+0000] {logging_mixin.py:188} INFO - [2026-08-12T16:35:00.940+0000] {dagbag.py:355} ERROR - Failed to import: /opt/airflow/dags/daily_scrape_and_load.py
Traceback (most recent call last):
  File "/home/airflow/.local/lib/python3.12/site-packages/airflow/models/dagbag.py", line 351, in parse
    loader.exec_module(new_module)
  File "<frozen importlib._bootstrap_external>", line 995, in exec_module
  File "<frozen importlib._bootstrap>", line 488, in _call_with_frames_removed
  File "/opt/airflow/dags/daily_scrape_and_load.py", line 12, in <module>
    from bronze.load_bronze import load_current_month_file, metric_columns, final_columns, expected_cols
ImportError: cannot import name 'load_current_month_file' from 'bronze.load_bronze' (/opt/airflow/scripts/bronze/load_bronze.py)
[2026-08-12T16:35:00.952+0000] {processor.py:842} WARNING - No viable dags retrieved from /opt/airflow/dags/daily_scrape_and_load.py
[2026-08-12T16:35:01.013+0000] {processor.py:183} INFO - Processing /opt/airflow/dags/daily_scrape_and_load.py took 2.426 seconds
[2026-08-12T16:35:31.321+0000] {processor.py:161} INFO - Started process (PID=176) to work on /opt/airflow/dags/daily_scrape_and_load.py
[2026-08-12T16:35:31.322+0000] {processor.py:830} INFO - Processing file /opt/airflow/dags/daily_scrape_and_load.py for tasks to queue
[2026-08-12T16:35:31.325+0000] {logging_mixin.py:188} INFO - [2026-08-12T16:35:31.324+0000] {dagbag.py:545} INFO - Filling up the DagBag from /opt/airflow/dags/daily_scrape_and_load.py
[2026-08-12T16:35:32.838+0000] {logging_mixin.py:188} INFO - [2026-08-12T16:35:32.827+0000] {dagbag.py:355} ERROR - Failed to import: /opt/airflow/dags/daily_scrape_and_load.py
Traceback (most recent call last):
  File "/home/airflow/.local/lib/python3.12/site-packages/airflow/models/dagbag.py", line 351, in parse
    loader.exec_module(new_module)
  File "<frozen importlib._bootstrap_external>", line 995, in exec_module
  File "<frozen importlib._bootstrap>", line 488, in _call_with_frames_removed
  File "/opt/airflow/dags/daily_scrape_and_load.py", line 12, in <module>
    from bronze.load_bronze import load_current_month_file, metric_columns, final_columns, expected_cols
ImportError: cannot import name 'load_current_month_file' from 'bronze.load_bronze' (/opt/airflow/scripts/bronze/load_bronze.py)
[2026-08-12T16:35:32.842+0000] {processor.py:842} WARNING - No viable dags retrieved from /opt/airflow/dags/daily_scrape_and_load.py
[2026-08-12T16:35:32.900+0000] {processor.py:183} INFO - Processing /opt/airflow/dags/daily_scrape_and_load.py took 1.593 seconds
[2026-08-12T16:36:03.442+0000] {processor.py:161} INFO - Started process (PID=182) to work on /opt/airflow/dags/daily_scrape_and_load.py
[2026-08-12T16:36:03.444+0000] {processor.py:830} INFO - Processing file /opt/airflow/dags/daily_scrape_and_load.py for tasks to queue
[2026-08-12T16:36:03.448+0000] {logging_mixin.py:188} INFO - [2026-08-12T16:36:03.446+0000] {dagbag.py:545} INFO - Filling up the DagBag from /opt/airflow/dags/daily_scrape_and_load.py
[2026-08-12T16:36:05.013+0000] {logging_mixin.py:188} INFO - [2026-08-12T16:36:05.008+0000] {dagbag.py:355} ERROR - Failed to import: /opt/airflow/dags/daily_scrape_and_load.py
Traceback (most recent call last):
  File "/home/airflow/.local/lib/python3.12/site-packages/airflow/models/dagbag.py", line 351, in parse
    loader.exec_module(new_module)
  File "<frozen importlib._bootstrap_external>", line 995, in exec_module
  File "<frozen importlib._bootstrap>", line 488, in _call_with_frames_removed
  File "/opt/airflow/dags/daily_scrape_and_load.py", line 12, in <module>
    from bronze.load_bronze import load_current_month_file, metric_columns, final_columns, expected_cols
ImportError: cannot import name 'load_current_month_file' from 'bronze.load_bronze' (/opt/airflow/scripts/bronze/load_bronze.py)
[2026-08-12T16:36:05.015+0000] {processor.py:842} WARNING - No viable dags retrieved from /opt/airflow/dags/daily_scrape_and_load.py
[2026-08-12T16:36:05.056+0000] {processor.py:183} INFO - Processing /opt/airflow/dags/daily_scrape_and_load.py took 1.637 seconds
[2026-08-12T16:36:35.273+0000] {processor.py:161} INFO - Started process (PID=188) to work on /opt/airflow/dags/daily_scrape_and_load.py
[2026-08-12T16:36:35.276+0000] {processor.py:830} INFO - Processing file /opt/airflow/dags/daily_scrape_and_load.py for tasks to queue
[2026-08-12T16:36:35.282+0000] {logging_mixin.py:188} INFO - [2026-08-12T16:36:35.279+0000] {dagbag.py:545} INFO - Filling up the DagBag from /opt/airflow/dags/daily_scrape_and_load.py
[2026-08-12T16:36:36.923+0000] {logging_mixin.py:188} INFO - [2026-08-12T16:36:36.914+0000] {dagbag.py:355} ERROR - Failed to import: /opt/airflow/dags/daily_scrape_and_load.py
Traceback (most recent call last):
  File "/home/airflow/.local/lib/python3.12/site-packages/airflow/models/dagbag.py", line 351, in parse
    loader.exec_module(new_module)
  File "<frozen importlib._bootstrap_external>", line 995, in exec_module
  File "<frozen importlib._bootstrap>", line 488, in _call_with_frames_removed
  File "/opt/airflow/dags/daily_scrape_and_load.py", line 12, in <module>
    from bronze.load_bronze import load_current_month_file, metric_columns, final_columns, expected_cols
ImportError: cannot import name 'load_current_month_file' from 'bronze.load_bronze' (/opt/airflow/scripts/bronze/load_bronze.py)
[2026-08-12T16:36:36.926+0000] {processor.py:842} WARNING - No viable dags retrieved from /opt/airflow/dags/daily_scrape_and_load.py
[2026-08-12T16:36:36.973+0000] {processor.py:183} INFO - Processing /opt/airflow/dags/daily_scrape_and_load.py took 1.729 seconds
[2026-08-12T16:37:07.458+0000] {processor.py:161} INFO - Started process (PID=194) to work on /opt/airflow/dags/daily_scrape_and_load.py
[2026-08-12T16:37:07.460+0000] {processor.py:830} INFO - Processing file /opt/airflow/dags/daily_scrape_and_load.py for tasks to queue
[2026-08-12T16:37:07.464+0000] {logging_mixin.py:188} INFO - [2026-08-12T16:37:07.462+0000] {dagbag.py:545} INFO - Filling up the DagBag from /opt/airflow/dags/daily_scrape_and_load.py
[2026-08-12T16:37:09.129+0000] {logging_mixin.py:188} INFO - [2026-08-12T16:37:09.123+0000] {dagbag.py:355} ERROR - Failed to import: /opt/airflow/dags/daily_scrape_and_load.py
Traceback (most recent call last):
  File "/home/airflow/.local/lib/python3.12/site-packages/airflow/models/dagbag.py", line 351, in parse
    loader.exec_module(new_module)
  File "<frozen importlib._bootstrap_external>", line 995, in exec_module
  File "<frozen importlib._bootstrap>", line 488, in _call_with_frames_removed
  File "/opt/airflow/dags/daily_scrape_and_load.py", line 12, in <module>
    from bronze.load_bronze import load_current_month_file, metric_columns, final_columns, expected_cols
ImportError: cannot import name 'load_current_month_file' from 'bronze.load_bronze' (/opt/airflow/scripts/bronze/load_bronze.py)
[2026-08-12T16:37:09.131+0000] {processor.py:842} WARNING - No viable dags retrieved from /opt/airflow/dags/daily_scrape_and_load.py
[2026-08-12T16:37:09.166+0000] {processor.py:183} INFO - Processing /opt/airflow/dags/daily_scrape_and_load.py took 1.739 seconds
[2026-08-12T16:37:39.469+0000] {processor.py:161} INFO - Started process (PID=200) to work on /opt/airflow/dags/daily_scrape_and_load.py
[2026-08-12T16:37:39.472+0000] {processor.py:830} INFO - Processing file /opt/airflow/dags/daily_scrape_and_load.py for tasks to queue
[2026-08-12T16:37:39.477+0000] {logging_mixin.py:188} INFO - [2026-08-12T16:37:39.476+0000] {dagbag.py:545} INFO - Filling up the DagBag from /opt/airflow/dags/daily_scrape_and_load.py
[2026-08-12T16:37:41.224+0000] {logging_mixin.py:188} INFO - [2026-08-12T16:37:41.216+0000] {dagbag.py:355} ERROR - Failed to import: /opt/airflow/dags/daily_scrape_and_load.py
Traceback (most recent call last):
  File "/home/airflow/.local/lib/python3.12/site-packages/airflow/models/dagbag.py", line 351, in parse
    loader.exec_module(new_module)
  File "<frozen importlib._bootstrap_external>", line 995, in exec_module
  File "<frozen importlib._bootstrap>", line 488, in _call_with_frames_removed
  File "/opt/airflow/dags/daily_scrape_and_load.py", line 12, in <module>
    from bronze.load_bronze import load_current_month_file, metric_columns, final_columns, expected_cols
ImportError: cannot import name 'load_current_month_file' from 'bronze.load_bronze' (/opt/airflow/scripts/bronze/load_bronze.py)
[2026-08-12T16:37:41.226+0000] {processor.py:842} WARNING - No viable dags retrieved from /opt/airflow/dags/daily_scrape_and_load.py
[2026-08-12T16:37:41.265+0000] {processor.py:183} INFO - Processing /opt/airflow/dags/daily_scrape_and_load.py took 1.827 seconds
[2026-08-12T16:38:11.795+0000] {processor.py:161} INFO - Started process (PID=206) to work on /opt/airflow/dags/daily_scrape_and_load.py
[2026-08-12T16:38:11.797+0000] {processor.py:830} INFO - Processing file /opt/airflow/dags/daily_scrape_and_load.py for tasks to queue
[2026-08-12T16:38:11.799+0000] {logging_mixin.py:188} INFO - [2026-08-12T16:38:11.798+0000] {dagbag.py:545} INFO - Filling up the DagBag from /opt/airflow/dags/daily_scrape_and_load.py
[2026-08-12T16:38:13.891+0000] {logging_mixin.py:188} INFO - [2026-08-12T16:38:13.883+0000] {dagbag.py:355} ERROR - Failed to import: /opt/airflow/dags/daily_scrape_and_load.py
Traceback (most recent call last):
  File "/home/airflow/.local/lib/python3.12/site-packages/airflow/models/dagbag.py", line 351, in parse
    loader.exec_module(new_module)
  File "<frozen importlib._bootstrap_external>", line 995, in exec_module
  File "<frozen importlib._bootstrap>", line 488, in _call_with_frames_removed
  File "/opt/airflow/dags/daily_scrape_and_load.py", line 12, in <module>
    from bronze.load_bronze import load_current_month_file, metric_columns, final_columns, expected_cols
ImportError: cannot import name 'load_current_month_file' from 'bronze.load_bronze' (/opt/airflow/scripts/bronze/load_bronze.py)
[2026-08-12T16:38:13.895+0000] {processor.py:842} WARNING - No viable dags retrieved from /opt/airflow/dags/daily_scrape_and_load.py
[2026-08-12T16:38:13.963+0000] {processor.py:183} INFO - Processing /opt/airflow/dags/daily_scrape_and_load.py took 2.186 seconds
[2026-08-12T16:38:44.442+0000] {processor.py:161} INFO - Started process (PID=212) to work on /opt/airflow/dags/daily_scrape_and_load.py
[2026-08-12T16:38:44.446+0000] {processor.py:830} INFO - Processing file /opt/airflow/dags/daily_scrape_and_load.py for tasks to queue
[2026-08-12T16:38:44.453+0000] {logging_mixin.py:188} INFO - [2026-08-12T16:38:44.451+0000] {dagbag.py:545} INFO - Filling up the DagBag from /opt/airflow/dags/daily_scrape_and_load.py
[2026-08-12T16:38:46.930+0000] {logging_mixin.py:188} INFO - [2026-08-12T16:38:46.921+0000] {dagbag.py:355} ERROR - Failed to import: /opt/airflow/dags/daily_scrape_and_load.py
Traceback (most recent call last):
  File "/home/airflow/.local/lib/python3.12/site-packages/airflow/models/dagbag.py", line 351, in parse
    loader.exec_module(new_module)
  File "<frozen importlib._bootstrap_external>", line 995, in exec_module
  File "<frozen importlib._bootstrap>", line 488, in _call_with_frames_removed
  File "/opt/airflow/dags/daily_scrape_and_load.py", line 12, in <module>
    from bronze.load_bronze import load_current_month_file, metric_columns, final_columns, expected_cols
ImportError: cannot import name 'load_current_month_file' from 'bronze.load_bronze' (/opt/airflow/scripts/bronze/load_bronze.py)
[2026-08-12T16:38:46.934+0000] {processor.py:842} WARNING - No viable dags retrieved from /opt/airflow/dags/daily_scrape_and_load.py
[2026-08-12T16:38:47.005+0000] {processor.py:183} INFO - Processing /opt/airflow/dags/daily_scrape_and_load.py took 2.614 seconds
[2026-08-12T16:39:17.526+0000] {processor.py:161} INFO - Started process (PID=218) to work on /opt/airflow/dags/daily_scrape_and_load.py
[2026-08-12T16:39:17.528+0000] {processor.py:830} INFO - Processing file /opt/airflow/dags/daily_scrape_and_load.py for tasks to queue
[2026-08-12T16:39:17.532+0000] {logging_mixin.py:188} INFO - [2026-08-12T16:39:17.530+0000] {dagbag.py:545} INFO - Filling up the DagBag from /opt/airflow/dags/daily_scrape_and_load.py
[2026-08-12T16:39:19.495+0000] {logging_mixin.py:188} INFO - [2026-08-12T16:39:19.483+0000] {dagbag.py:355} ERROR - Failed to import: /opt/airflow/dags/daily_scrape_and_load.py
Traceback (most recent call last):
  File "/home/airflow/.local/lib/python3.12/site-packages/airflow/models/dagbag.py", line 351, in parse
    loader.exec_module(new_module)
  File "<frozen importlib._bootstrap_external>", line 995, in exec_module
  File "<frozen importlib._bootstrap>", line 488, in _call_with_frames_removed
  File "/opt/airflow/dags/daily_scrape_and_load.py", line 12, in <module>
    from bronze.load_bronze import load_current_month_file, metric_columns, final_columns, expected_cols
ImportError: cannot import name 'load_current_month_file' from 'bronze.load_bronze' (/opt/airflow/scripts/bronze/load_bronze.py)
[2026-08-12T16:39:19.499+0000] {processor.py:842} WARNING - No viable dags retrieved from /opt/airflow/dags/daily_scrape_and_load.py
[2026-08-12T16:39:19.564+0000] {processor.py:183} INFO - Processing /opt/airflow/dags/daily_scrape_and_load.py took 2.066 seconds
[2026-08-12T16:39:50.070+0000] {processor.py:161} INFO - Started process (PID=224) to work on /opt/airflow/dags/daily_scrape_and_load.py
[2026-08-12T16:39:50.072+0000] {processor.py:830} INFO - Processing file /opt/airflow/dags/daily_scrape_and_load.py for tasks to queue
[2026-08-12T16:39:50.074+0000] {logging_mixin.py:188} INFO - [2026-08-12T16:39:50.073+0000] {dagbag.py:545} INFO - Filling up the DagBag from /opt/airflow/dags/daily_scrape_and_load.py
[2026-08-12T16:39:51.658+0000] {logging_mixin.py:188} INFO - [2026-08-12T16:39:51.644+0000] {dagbag.py:355} ERROR - Failed to import: /opt/airflow/dags/daily_scrape_and_load.py
Traceback (most recent call last):
  File "/home/airflow/.local/lib/python3.12/site-packages/airflow/models/dagbag.py", line 351, in parse
    loader.exec_module(new_module)
  File "<frozen importlib._bootstrap_external>", line 995, in exec_module
  File "<frozen importlib._bootstrap>", line 488, in _call_with_frames_removed
  File "/opt/airflow/dags/daily_scrape_and_load.py", line 12, in <module>
    from bronze.load_bronze import load_current_month_file, metric_columns, final_columns, expected_cols
ImportError: cannot import name 'load_current_month_file' from 'bronze.load_bronze' (/opt/airflow/scripts/bronze/load_bronze.py)
[2026-08-12T16:39:51.663+0000] {processor.py:842} WARNING - No viable dags retrieved from /opt/airflow/dags/daily_scrape_and_load.py
[2026-08-12T16:39:51.730+0000] {processor.py:183} INFO - Processing /opt/airflow/dags/daily_scrape_and_load.py took 1.678 seconds
[2026-08-12T16:40:22.121+0000] {processor.py:161} INFO - Started process (PID=230) to work on /opt/airflow/dags/daily_scrape_and_load.py
[2026-08-12T16:40:22.122+0000] {processor.py:830} INFO - Processing file /opt/airflow/dags/daily_scrape_and_load.py for tasks to queue
[2026-08-12T16:40:22.123+0000] {logging_mixin.py:188} INFO - [2026-08-12T16:40:22.123+0000] {dagbag.py:545} INFO - Filling up the DagBag from /opt/airflow/dags/daily_scrape_and_load.py
[2026-08-12T16:40:22.805+0000] {logging_mixin.py:188} INFO - [2026-08-12T16:40:22.800+0000] {dagbag.py:355} ERROR - Failed to import: /opt/airflow/dags/daily_scrape_and_load.py
Traceback (most recent call last):
  File "/home/airflow/.local/lib/python3.12/site-packages/airflow/models/dagbag.py", line 351, in parse
    loader.exec_module(new_module)
  File "<frozen importlib._bootstrap_external>", line 995, in exec_module
  File "<frozen importlib._bootstrap>", line 488, in _call_with_frames_removed
  File "/opt/airflow/dags/daily_scrape_and_load.py", line 12, in <module>
    from bronze.load_bronze import load_current_month_file, metric_columns, final_columns, expected_cols
ImportError: cannot import name 'load_current_month_file' from 'bronze.load_bronze' (/opt/airflow/scripts/bronze/load_bronze.py)
[2026-08-12T16:40:22.806+0000] {processor.py:842} WARNING - No viable dags retrieved from /opt/airflow/dags/daily_scrape_and_load.py
[2026-08-12T16:40:22.832+0000] {processor.py:183} INFO - Processing /opt/airflow/dags/daily_scrape_and_load.py took 0.717 seconds
[2026-08-12T16:40:53.134+0000] {processor.py:161} INFO - Started process (PID=236) to work on /opt/airflow/dags/daily_scrape_and_load.py
[2026-08-12T16:40:53.135+0000] {processor.py:830} INFO - Processing file /opt/airflow/dags/daily_scrape_and_load.py for tasks to queue
[2026-08-12T16:40:53.136+0000] {logging_mixin.py:188} INFO - [2026-08-12T16:40:53.136+0000] {dagbag.py:545} INFO - Filling up the DagBag from /opt/airflow/dags/daily_scrape_and_load.py
[2026-08-12T16:40:53.859+0000] {logging_mixin.py:188} INFO - [2026-08-12T16:40:53.854+0000] {dagbag.py:355} ERROR - Failed to import: /opt/airflow/dags/daily_scrape_and_load.py
Traceback (most recent call last):
  File "/home/airflow/.local/lib/python3.12/site-packages/airflow/models/dagbag.py", line 351, in parse
    loader.exec_module(new_module)
  File "<frozen importlib._bootstrap_external>", line 995, in exec_module
  File "<frozen importlib._bootstrap>", line 488, in _call_with_frames_removed
  File "/opt/airflow/dags/daily_scrape_and_load.py", line 12, in <module>
    from bronze.load_bronze import load_current_month_file, metric_columns, final_columns, expected_cols
ImportError: cannot import name 'load_current_month_file' from 'bronze.load_bronze' (/opt/airflow/scripts/bronze/load_bronze.py)
[2026-08-12T16:40:53.861+0000] {processor.py:842} WARNING - No viable dags retrieved from /opt/airflow/dags/daily_scrape_and_load.py
[2026-08-12T16:40:53.892+0000] {processor.py:183} INFO - Processing /opt/airflow/dags/daily_scrape_and_load.py took 0.765 seconds
[2026-08-12T16:41:24.221+0000] {processor.py:161} INFO - Started process (PID=242) to work on /opt/airflow/dags/daily_scrape_and_load.py
[2026-08-12T16:41:24.222+0000] {processor.py:830} INFO - Processing file /opt/airflow/dags/daily_scrape_and_load.py for tasks to queue
[2026-08-12T16:41:24.224+0000] {logging_mixin.py:188} INFO - [2026-08-12T16:41:24.224+0000] {dagbag.py:545} INFO - Filling up the DagBag from /opt/airflow/dags/daily_scrape_and_load.py
[2026-08-12T16:41:24.942+0000] {logging_mixin.py:188} INFO - [2026-08-12T16:41:24.937+0000] {dagbag.py:355} ERROR - Failed to import: /opt/airflow/dags/daily_scrape_and_load.py
Traceback (most recent call last):
  File "/home/airflow/.local/lib/python3.12/site-packages/airflow/models/dagbag.py", line 351, in parse
    loader.exec_module(new_module)
  File "<frozen importlib._bootstrap_external>", line 995, in exec_module
  File "<frozen importlib._bootstrap>", line 488, in _call_with_frames_removed
  File "/opt/airflow/dags/daily_scrape_and_load.py", line 12, in <module>
    from bronze.load_bronze import load_current_month_file, metric_columns, final_columns, expected_cols
ImportError: cannot import name 'load_current_month_file' from 'bronze.load_bronze' (/opt/airflow/scripts/bronze/load_bronze.py)
[2026-08-12T16:41:24.944+0000] {processor.py:842} WARNING - No viable dags retrieved from /opt/airflow/dags/daily_scrape_and_load.py
[2026-08-12T16:41:24.973+0000] {processor.py:183} INFO - Processing /opt/airflow/dags/daily_scrape_and_load.py took 0.762 seconds
[2026-08-12T16:41:55.124+0000] {processor.py:161} INFO - Started process (PID=248) to work on /opt/airflow/dags/daily_scrape_and_load.py
[2026-08-12T16:41:55.126+0000] {processor.py:830} INFO - Processing file /opt/airflow/dags/daily_scrape_and_load.py for tasks to queue
[2026-08-12T16:41:55.127+0000] {logging_mixin.py:188} INFO - [2026-08-12T16:41:55.127+0000] {dagbag.py:545} INFO - Filling up the DagBag from /opt/airflow/dags/daily_scrape_and_load.py
[2026-08-12T16:41:56.103+0000] {logging_mixin.py:188} INFO - [2026-08-12T16:41:56.098+0000] {dagbag.py:355} ERROR - Failed to import: /opt/airflow/dags/daily_scrape_and_load.py
Traceback (most recent call last):
  File "/home/airflow/.local/lib/python3.12/site-packages/airflow/models/dagbag.py", line 351, in parse
    loader.exec_module(new_module)
  File "<frozen importlib._bootstrap_external>", line 995, in exec_module
  File "<frozen importlib._bootstrap>", line 488, in _call_with_frames_removed
  File "/opt/airflow/dags/daily_scrape_and_load.py", line 12, in <module>
    from bronze.load_bronze import load_current_month_file, metric_columns, final_columns, expected_cols
ImportError: cannot import name 'load_current_month_file' from 'bronze.load_bronze' (/opt/airflow/scripts/bronze/load_bronze.py)
[2026-08-12T16:41:56.105+0000] {processor.py:842} WARNING - No viable dags retrieved from /opt/airflow/dags/daily_scrape_and_load.py
[2026-08-12T16:41:56.136+0000] {processor.py:183} INFO - Processing /opt/airflow/dags/daily_scrape_and_load.py took 1.025 seconds
[2026-08-12T16:42:26.448+0000] {processor.py:161} INFO - Started process (PID=254) to work on /opt/airflow/dags/daily_scrape_and_load.py
[2026-08-12T16:42:26.449+0000] {processor.py:830} INFO - Processing file /opt/airflow/dags/daily_scrape_and_load.py for tasks to queue
[2026-08-12T16:42:26.450+0000] {logging_mixin.py:188} INFO - [2026-08-12T16:42:26.450+0000] {dagbag.py:545} INFO - Filling up the DagBag from /opt/airflow/dags/daily_scrape_and_load.py
[2026-08-12T16:42:27.184+0000] {logging_mixin.py:188} INFO - [2026-08-12T16:42:27.180+0000] {dagbag.py:355} ERROR - Failed to import: /opt/airflow/dags/daily_scrape_and_load.py
Traceback (most recent call last):
  File "/home/airflow/.local/lib/python3.12/site-packages/airflow/models/dagbag.py", line 351, in parse
    loader.exec_module(new_module)
  File "<frozen importlib._bootstrap_external>", line 995, in exec_module
  File "<frozen importlib._bootstrap>", line 488, in _call_with_frames_removed
  File "/opt/airflow/dags/daily_scrape_and_load.py", line 12, in <module>
    from bronze.load_bronze import load_current_month_file, metric_columns, final_columns, expected_cols
ImportError: cannot import name 'load_current_month_file' from 'bronze.load_bronze' (/opt/airflow/scripts/bronze/load_bronze.py)
[2026-08-12T16:42:27.186+0000] {processor.py:842} WARNING - No viable dags retrieved from /opt/airflow/dags/daily_scrape_and_load.py
[2026-08-12T16:42:27.212+0000] {processor.py:183} INFO - Processing /opt/airflow/dags/daily_scrape_and_load.py took 0.772 seconds
[2026-08-12T16:42:57.500+0000] {processor.py:161} INFO - Started process (PID=260) to work on /opt/airflow/dags/daily_scrape_and_load.py
[2026-08-12T16:42:57.501+0000] {processor.py:830} INFO - Processing file /opt/airflow/dags/daily_scrape_and_load.py for tasks to queue
[2026-08-12T16:42:57.502+0000] {logging_mixin.py:188} INFO - [2026-08-12T16:42:57.501+0000] {dagbag.py:545} INFO - Filling up the DagBag from /opt/airflow/dags/daily_scrape_and_load.py
[2026-08-12T16:42:58.184+0000] {logging_mixin.py:188} INFO - [2026-08-12T16:42:58.181+0000] {dagbag.py:355} ERROR - Failed to import: /opt/airflow/dags/daily_scrape_and_load.py
Traceback (most recent call last):
  File "/home/airflow/.local/lib/python3.12/site-packages/airflow/models/dagbag.py", line 351, in parse
    loader.exec_module(new_module)
  File "<frozen importlib._bootstrap_external>", line 995, in exec_module
  File "<frozen importlib._bootstrap>", line 488, in _call_with_frames_removed
  File "/opt/airflow/dags/daily_scrape_and_load.py", line 12, in <module>
    from bronze.load_bronze import load_current_month_file, metric_columns, final_columns, expected_cols
ImportError: cannot import name 'load_current_month_file' from 'bronze.load_bronze' (/opt/airflow/scripts/bronze/load_bronze.py)
[2026-08-12T16:42:58.186+0000] {processor.py:842} WARNING - No viable dags retrieved from /opt/airflow/dags/daily_scrape_and_load.py
[2026-08-12T16:42:58.209+0000] {processor.py:183} INFO - Processing /opt/airflow/dags/daily_scrape_and_load.py took 0.716 seconds
[2026-08-12T16:43:28.509+0000] {processor.py:161} INFO - Started process (PID=266) to work on /opt/airflow/dags/daily_scrape_and_load.py
[2026-08-12T16:43:28.510+0000] {processor.py:830} INFO - Processing file /opt/airflow/dags/daily_scrape_and_load.py for tasks to queue
[2026-08-12T16:43:28.511+0000] {logging_mixin.py:188} INFO - [2026-08-12T16:43:28.511+0000] {dagbag.py:545} INFO - Filling up the DagBag from /opt/airflow/dags/daily_scrape_and_load.py
[2026-08-12T16:43:29.717+0000] {logging_mixin.py:188} INFO - [2026-08-12T16:43:29.709+0000] {dagbag.py:355} ERROR - Failed to import: /opt/airflow/dags/daily_scrape_and_load.py
Traceback (most recent call last):
  File "/home/airflow/.local/lib/python3.12/site-packages/airflow/models/dagbag.py", line 351, in parse
    loader.exec_module(new_module)
  File "<frozen importlib._bootstrap_external>", line 995, in exec_module
  File "<frozen importlib._bootstrap>", line 488, in _call_with_frames_removed
  File "/opt/airflow/dags/daily_scrape_and_load.py", line 12, in <module>
    from bronze.load_bronze import load_current_month_file, metric_columns, final_columns, expected_cols
ImportError: cannot import name 'load_current_month_file' from 'bronze.load_bronze' (/opt/airflow/scripts/bronze/load_bronze.py)
[2026-08-12T16:43:29.718+0000] {processor.py:842} WARNING - No viable dags retrieved from /opt/airflow/dags/daily_scrape_and_load.py
[2026-08-12T16:43:29.761+0000] {processor.py:183} INFO - Processing /opt/airflow/dags/daily_scrape_and_load.py took 1.262 seconds
[2026-08-12T16:44:00.051+0000] {processor.py:161} INFO - Started process (PID=272) to work on /opt/airflow/dags/daily_scrape_and_load.py
[2026-08-12T16:44:00.052+0000] {processor.py:830} INFO - Processing file /opt/airflow/dags/daily_scrape_and_load.py for tasks to queue
[2026-08-12T16:44:00.054+0000] {logging_mixin.py:188} INFO - [2026-08-12T16:44:00.053+0000] {dagbag.py:545} INFO - Filling up the DagBag from /opt/airflow/dags/daily_scrape_and_load.py
[2026-08-12T16:44:00.812+0000] {logging_mixin.py:188} INFO - [2026-08-12T16:44:00.808+0000] {dagbag.py:355} ERROR - Failed to import: /opt/airflow/dags/daily_scrape_and_load.py
Traceback (most recent call last):
  File "/home/airflow/.local/lib/python3.12/site-packages/airflow/models/dagbag.py", line 351, in parse
    loader.exec_module(new_module)
  File "<frozen importlib._bootstrap_external>", line 995, in exec_module
  File "<frozen importlib._bootstrap>", line 488, in _call_with_frames_removed
  File "/opt/airflow/dags/daily_scrape_and_load.py", line 12, in <module>
    from bronze.load_bronze import load_current_month_file, metric_columns, final_columns, expected_cols
ImportError: cannot import name 'load_current_month_file' from 'bronze.load_bronze' (/opt/airflow/scripts/bronze/load_bronze.py)
[2026-08-12T16:44:00.813+0000] {processor.py:842} WARNING - No viable dags retrieved from /opt/airflow/dags/daily_scrape_and_load.py
[2026-08-12T16:44:00.841+0000] {processor.py:183} INFO - Processing /opt/airflow/dags/daily_scrape_and_load.py took 0.798 seconds
[2026-08-12T16:44:08.837+0000] {processor.py:161} INFO - Started process (PID=278) to work on /opt/airflow/dags/daily_scrape_and_load.py
[2026-08-12T16:44:08.838+0000] {processor.py:830} INFO - Processing file /opt/airflow/dags/daily_scrape_and_load.py for tasks to queue
[2026-08-12T16:44:08.839+0000] {logging_mixin.py:188} INFO - [2026-08-12T16:44:08.839+0000] {dagbag.py:545} INFO - Filling up the DagBag from /opt/airflow/dags/daily_scrape_and_load.py
[2026-08-12T16:44:10.087+0000] {processor.py:840} INFO - DAG(s) 'daily_scrape_and_load' retrieved from /opt/airflow/dags/daily_scrape_and_load.py
[2026-08-12T16:44:10.667+0000] {logging_mixin.py:188} INFO - [2026-08-12T16:44:10.665+0000] {override.py:1829} INFO - Created Permission View: can read on DAG:daily_scrape_and_load
[2026-08-12T16:44:10.687+0000] {logging_mixin.py:188} INFO - [2026-08-12T16:44:10.687+0000] {override.py:1829} INFO - Created Permission View: can edit on DAG:daily_scrape_and_load
[2026-08-12T16:44:10.700+0000] {logging_mixin.py:188} INFO - [2026-08-12T16:44:10.699+0000] {override.py:1829} INFO - Created Permission View: can delete on DAG:daily_scrape_and_load
[2026-08-12T16:44:10.700+0000] {logging_mixin.py:188} INFO - [2026-08-12T16:44:10.700+0000] {dag.py:3096} INFO - Sync 1 DAGs
[2026-08-12T16:44:10.712+0000] {logging_mixin.py:188} INFO - [2026-08-12T16:44:10.712+0000] {dag.py:3118} INFO - Creating ORM DAG for daily_scrape_and_load
[2026-08-12T16:44:10.725+0000] {logging_mixin.py:188} INFO - [2026-08-12T16:44:10.725+0000] {dag.py:3954} INFO - Setting next_dagrun for daily_scrape_and_load to 2026-08-11 00:00:00+00:00, run_after=2026-08-12 00:00:00+00:00
[2026-08-12T16:44:10.764+0000] {processor.py:183} INFO - Processing /opt/airflow/dags/daily_scrape_and_load.py took 1.938 seconds
[2026-08-12T16:44:41.139+0000] {processor.py:161} INFO - Started process (PID=284) to work on /opt/airflow/dags/daily_scrape_and_load.py
[2026-08-12T16:44:41.140+0000] {processor.py:830} INFO - Processing file /opt/airflow/dags/daily_scrape_and_load.py for tasks to queue
[2026-08-12T16:44:41.142+0000] {logging_mixin.py:188} INFO - [2026-08-12T16:44:41.142+0000] {dagbag.py:545} INFO - Filling up the DagBag from /opt/airflow/dags/daily_scrape_and_load.py
[2026-08-12T16:44:41.937+0000] {processor.py:840} INFO - DAG(s) 'daily_scrape_and_load' retrieved from /opt/airflow/dags/daily_scrape_and_load.py
[2026-08-12T16:44:41.972+0000] {logging_mixin.py:188} INFO - [2026-08-12T16:44:41.972+0000] {dag.py:3096} INFO - Sync 1 DAGs
[2026-08-12T16:44:41.995+0000] {logging_mixin.py:188} INFO - [2026-08-12T16:44:41.995+0000] {dag.py:3954} INFO - Setting next_dagrun for daily_scrape_and_load to 2026-08-11 00:00:00+00:00, run_after=2026-08-12 00:00:00+00:00
[2026-08-12T16:44:42.018+0000] {processor.py:183} INFO - Processing /opt/airflow/dags/daily_scrape_and_load.py took 0.888 seconds
[2026-08-12T16:45:12.352+0000] {processor.py:161} INFO - Started process (PID=290) to work on /opt/airflow/dags/daily_scrape_and_load.py
[2026-08-12T16:45:12.354+0000] {processor.py:830} INFO - Processing file /opt/airflow/dags/daily_scrape_and_load.py for tasks to queue
[2026-08-12T16:45:12.355+0000] {logging_mixin.py:188} INFO - [2026-08-12T16:45:12.355+0000] {dagbag.py:545} INFO - Filling up the DagBag from /opt/airflow/dags/daily_scrape_and_load.py
[2026-08-12T16:45:13.079+0000] {processor.py:840} INFO - DAG(s) 'daily_scrape_and_load' retrieved from /opt/airflow/dags/daily_scrape_and_load.py
[2026-08-12T16:45:13.112+0000] {logging_mixin.py:188} INFO - [2026-08-12T16:45:13.112+0000] {dag.py:3096} INFO - Sync 1 DAGs
[2026-08-12T16:45:13.135+0000] {logging_mixin.py:188} INFO - [2026-08-12T16:45:13.135+0000] {dag.py:3954} INFO - Setting next_dagrun for daily_scrape_and_load to 2026-08-11 00:00:00+00:00, run_after=2026-08-12 00:00:00+00:00
[2026-08-12T16:45:13.159+0000] {processor.py:183} INFO - Processing /opt/airflow/dags/daily_scrape_and_load.py took 0.814 seconds
[2026-08-12T16:45:43.548+0000] {processor.py:161} INFO - Started process (PID=296) to work on /opt/airflow/dags/daily_scrape_and_load.py
[2026-08-12T16:45:43.549+0000] {processor.py:830} INFO - Processing file /opt/airflow/dags/daily_scrape_and_load.py for tasks to queue
[2026-08-12T16:45:43.551+0000] {logging_mixin.py:188} INFO - [2026-08-12T16:45:43.550+0000] {dagbag.py:545} INFO - Filling up the DagBag from /opt/airflow/dags/daily_scrape_and_load.py
[2026-08-12T16:45:44.271+0000] {processor.py:840} INFO - DAG(s) 'daily_scrape_and_load' retrieved from /opt/airflow/dags/daily_scrape_and_load.py
[2026-08-12T16:45:44.303+0000] {logging_mixin.py:188} INFO - [2026-08-12T16:45:44.303+0000] {dag.py:3096} INFO - Sync 1 DAGs
[2026-08-12T16:45:44.325+0000] {logging_mixin.py:188} INFO - [2026-08-12T16:45:44.325+0000] {dag.py:3954} INFO - Setting next_dagrun for daily_scrape_and_load to 2026-08-11 00:00:00+00:00, run_after=2026-08-12 00:00:00+00:00
[2026-08-12T16:45:44.351+0000] {processor.py:183} INFO - Processing /opt/airflow/dags/daily_scrape_and_load.py took 0.811 seconds
[2026-08-12T16:46:14.694+0000] {processor.py:161} INFO - Started process (PID=302) to work on /opt/airflow/dags/daily_scrape_and_load.py
[2026-08-12T16:46:14.695+0000] {processor.py:830} INFO - Processing file /opt/airflow/dags/daily_scrape_and_load.py for tasks to queue
[2026-08-12T16:46:14.696+0000] {logging_mixin.py:188} INFO - [2026-08-12T16:46:14.696+0000] {dagbag.py:545} INFO - Filling up the DagBag from /opt/airflow/dags/daily_scrape_and_load.py
[2026-08-12T16:46:15.468+0000] {processor.py:840} INFO - DAG(s) 'daily_scrape_and_load' retrieved from /opt/airflow/dags/daily_scrape_and_load.py
[2026-08-12T16:46:15.503+0000] {logging_mixin.py:188} INFO - [2026-08-12T16:46:15.502+0000] {dag.py:3096} INFO - Sync 1 DAGs
[2026-08-12T16:46:15.528+0000] {logging_mixin.py:188} INFO - [2026-08-12T16:46:15.528+0000] {dag.py:3954} INFO - Setting next_dagrun for daily_scrape_and_load to 2026-08-11 00:00:00+00:00, run_after=2026-08-12 00:00:00+00:00
[2026-08-12T16:46:15.553+0000] {processor.py:183} INFO - Processing /opt/airflow/dags/daily_scrape_and_load.py took 0.872 seconds
[2026-08-12T16:46:45.885+0000] {processor.py:161} INFO - Started process (PID=308) to work on /opt/airflow/dags/daily_scrape_and_load.py
[2026-08-12T16:46:45.886+0000] {processor.py:830} INFO - Processing file /opt/airflow/dags/daily_scrape_and_load.py for tasks to queue
[2026-08-12T16:46:45.888+0000] {logging_mixin.py:188} INFO - [2026-08-12T16:46:45.888+0000] {dagbag.py:545} INFO - Filling up the DagBag from /opt/airflow/dags/daily_scrape_and_load.py
[2026-08-12T16:46:46.652+0000] {processor.py:840} INFO - DAG(s) 'daily_scrape_and_load' retrieved from /opt/airflow/dags/daily_scrape_and_load.py
[2026-08-12T16:46:46.689+0000] {logging_mixin.py:188} INFO - [2026-08-12T16:46:46.688+0000] {dag.py:3096} INFO - Sync 1 DAGs
[2026-08-12T16:46:46.713+0000] {logging_mixin.py:188} INFO - [2026-08-12T16:46:46.713+0000] {dag.py:3954} INFO - Setting next_dagrun for daily_scrape_and_load to 2026-08-11 00:00:00+00:00, run_after=2026-08-12 00:00:00+00:00
[2026-08-12T16:46:46.742+0000] {processor.py:183} INFO - Processing /opt/airflow/dags/daily_scrape_and_load.py took 0.867 seconds
[2026-08-12T16:47:16.958+0000] {processor.py:161} INFO - Started process (PID=314) to work on /opt/airflow/dags/daily_scrape_and_load.py
[2026-08-12T16:47:16.960+0000] {processor.py:830} INFO - Processing file /opt/airflow/dags/daily_scrape_and_load.py for tasks to queue
[2026-08-12T16:47:16.962+0000] {logging_mixin.py:188} INFO - [2026-08-12T16:47:16.961+0000] {dagbag.py:545} INFO - Filling up the DagBag from /opt/airflow/dags/daily_scrape_and_load.py
[2026-08-12T16:47:17.777+0000] {processor.py:840} INFO - DAG(s) 'daily_scrape_and_load' retrieved from /opt/airflow/dags/daily_scrape_and_load.py
[2026-08-12T16:47:17.818+0000] {logging_mixin.py:188} INFO - [2026-08-12T16:47:17.818+0000] {dag.py:3096} INFO - Sync 1 DAGs
[2026-08-12T16:47:17.846+0000] {logging_mixin.py:188} INFO - [2026-08-12T16:47:17.846+0000] {dag.py:3954} INFO - Setting next_dagrun for daily_scrape_and_load to 2026-08-11 00:00:00+00:00, run_after=2026-08-12 00:00:00+00:00
[2026-08-12T16:47:17.872+0000] {processor.py:183} INFO - Processing /opt/airflow/dags/daily_scrape_and_load.py took 0.923 seconds
[2026-08-12T16:47:48.306+0000] {processor.py:161} INFO - Started process (PID=320) to work on /opt/airflow/dags/daily_scrape_and_load.py
[2026-08-12T16:47:48.307+0000] {processor.py:830} INFO - Processing file /opt/airflow/dags/daily_scrape_and_load.py for tasks to queue
[2026-08-12T16:47:48.308+0000] {logging_mixin.py:188} INFO - [2026-08-12T16:47:48.307+0000] {dagbag.py:545} INFO - Filling up the DagBag from /opt/airflow/dags/daily_scrape_and_load.py
[2026-08-12T16:47:49.000+0000] {processor.py:840} INFO - DAG(s) 'daily_scrape_and_load' retrieved from /opt/airflow/dags/daily_scrape_and_load.py
[2026-08-12T16:47:49.032+0000] {logging_mixin.py:188} INFO - [2026-08-12T16:47:49.032+0000] {dag.py:3096} INFO - Sync 1 DAGs
[2026-08-12T16:47:49.055+0000] {logging_mixin.py:188} INFO - [2026-08-12T16:47:49.054+0000] {dag.py:3954} INFO - Setting next_dagrun for daily_scrape_and_load to 2026-08-11 00:00:00+00:00, run_after=2026-08-12 00:00:00+00:00
[2026-08-12T16:47:49.081+0000] {processor.py:183} INFO - Processing /opt/airflow/dags/daily_scrape_and_load.py took 0.789 seconds
[2026-08-12T16:48:19.187+0000] {processor.py:161} INFO - Started process (PID=326) to work on /opt/airflow/dags/daily_scrape_and_load.py
[2026-08-12T16:48:19.188+0000] {processor.py:830} INFO - Processing file /opt/airflow/dags/daily_scrape_and_load.py for tasks to queue
[2026-08-12T16:48:19.189+0000] {logging_mixin.py:188} INFO - [2026-08-12T16:48:19.189+0000] {dagbag.py:545} INFO - Filling up the DagBag from /opt/airflow/dags/daily_scrape_and_load.py
[2026-08-12T16:48:19.975+0000] {processor.py:840} INFO - DAG(s) 'daily_scrape_and_load' retrieved from /opt/airflow/dags/daily_scrape_and_load.py
[2026-08-12T16:48:20.010+0000] {logging_mixin.py:188} INFO - [2026-08-12T16:48:20.009+0000] {dag.py:3096} INFO - Sync 1 DAGs
[2026-08-12T16:48:20.035+0000] {logging_mixin.py:188} INFO - [2026-08-12T16:48:20.035+0000] {dag.py:3954} INFO - Setting next_dagrun for daily_scrape_and_load to 2026-08-11 00:00:00+00:00, run_after=2026-08-12 00:00:00+00:00
[2026-08-12T16:48:20.065+0000] {processor.py:183} INFO - Processing /opt/airflow/dags/daily_scrape_and_load.py took 0.884 seconds
[2026-08-12T16:48:50.602+0000] {processor.py:161} INFO - Started process (PID=332) to work on /opt/airflow/dags/daily_scrape_and_load.py
[2026-08-12T16:48:50.603+0000] {processor.py:830} INFO - Processing file /opt/airflow/dags/daily_scrape_and_load.py for tasks to queue
[2026-08-12T16:48:50.604+0000] {logging_mixin.py:188} INFO - [2026-08-12T16:48:50.604+0000] {dagbag.py:545} INFO - Filling up the DagBag from /opt/airflow/dags/daily_scrape_and_load.py
[2026-08-12T16:48:51.272+0000] {processor.py:840} INFO - DAG(s) 'daily_scrape_and_load' retrieved from /opt/airflow/dags/daily_scrape_and_load.py
[2026-08-12T16:48:51.307+0000] {logging_mixin.py:188} INFO - [2026-08-12T16:48:51.307+0000] {dag.py:3096} INFO - Sync 1 DAGs
[2026-08-12T16:48:51.329+0000] {logging_mixin.py:188} INFO - [2026-08-12T16:48:51.329+0000] {dag.py:3954} INFO - Setting next_dagrun for daily_scrape_and_load to 2026-08-11 00:00:00+00:00, run_after=2026-08-12 00:00:00+00:00
[2026-08-12T16:48:51.358+0000] {processor.py:183} INFO - Processing /opt/airflow/dags/daily_scrape_and_load.py took 0.764 seconds
[2026-08-12T16:49:21.697+0000] {processor.py:161} INFO - Started process (PID=338) to work on /opt/airflow/dags/daily_scrape_and_load.py
[2026-08-12T16:49:21.697+0000] {processor.py:830} INFO - Processing file /opt/airflow/dags/daily_scrape_and_load.py for tasks to queue
[2026-08-12T16:49:21.699+0000] {logging_mixin.py:188} INFO - [2026-08-12T16:49:21.698+0000] {dagbag.py:545} INFO - Filling up the DagBag from /opt/airflow/dags/daily_scrape_and_load.py
[2026-08-12T16:49:22.389+0000] {processor.py:840} INFO - DAG(s) 'daily_scrape_and_load' retrieved from /opt/airflow/dags/daily_scrape_and_load.py
[2026-08-12T16:49:22.421+0000] {logging_mixin.py:188} INFO - [2026-08-12T16:49:22.421+0000] {dag.py:3096} INFO - Sync 1 DAGs
[2026-08-12T16:49:22.445+0000] {logging_mixin.py:188} INFO - [2026-08-12T16:49:22.445+0000] {dag.py:3954} INFO - Setting next_dagrun for daily_scrape_and_load to 2026-08-11 00:00:00+00:00, run_after=2026-08-12 00:00:00+00:00
[2026-08-12T16:49:22.471+0000] {processor.py:183} INFO - Processing /opt/airflow/dags/daily_scrape_and_load.py took 0.781 seconds
[2026-08-12T16:49:52.871+0000] {processor.py:161} INFO - Started process (PID=344) to work on /opt/airflow/dags/daily_scrape_and_load.py
[2026-08-12T16:49:52.872+0000] {processor.py:830} INFO - Processing file /opt/airflow/dags/daily_scrape_and_load.py for tasks to queue
[2026-08-12T16:49:52.877+0000] {logging_mixin.py:188} INFO - [2026-08-12T16:49:52.876+0000] {dagbag.py:545} INFO - Filling up the DagBag from /opt/airflow/dags/daily_scrape_and_load.py
[2026-08-12T16:49:53.610+0000] {processor.py:840} INFO - DAG(s) 'daily_scrape_and_load' retrieved from /opt/airflow/dags/daily_scrape_and_load.py
[2026-08-12T16:49:53.649+0000] {logging_mixin.py:188} INFO - [2026-08-12T16:49:53.649+0000] {dag.py:3096} INFO - Sync 1 DAGs
[2026-08-12T16:49:53.678+0000] {logging_mixin.py:188} INFO - [2026-08-12T16:49:53.677+0000] {dag.py:3954} INFO - Setting next_dagrun for daily_scrape_and_load to 2026-08-11 00:00:00+00:00, run_after=2026-08-12 00:00:00+00:00
[2026-08-12T16:49:53.707+0000] {processor.py:183} INFO - Processing /opt/airflow/dags/daily_scrape_and_load.py took 0.845 seconds
[2026-08-12T16:50:23.854+0000] {processor.py:161} INFO - Started process (PID=350) to work on /opt/airflow/dags/daily_scrape_and_load.py
[2026-08-12T16:50:23.855+0000] {processor.py:830} INFO - Processing file /opt/airflow/dags/daily_scrape_and_load.py for tasks to queue
[2026-08-12T16:50:23.856+0000] {logging_mixin.py:188} INFO - [2026-08-12T16:50:23.856+0000] {dagbag.py:545} INFO - Filling up the DagBag from /opt/airflow/dags/daily_scrape_and_load.py
[2026-08-12T16:50:24.605+0000] {processor.py:840} INFO - DAG(s) 'daily_scrape_and_load' retrieved from /opt/airflow/dags/daily_scrape_and_load.py
[2026-08-12T16:50:24.641+0000] {logging_mixin.py:188} INFO - [2026-08-12T16:50:24.640+0000] {dag.py:3096} INFO - Sync 1 DAGs
[2026-08-12T16:50:24.668+0000] {logging_mixin.py:188} INFO - [2026-08-12T16:50:24.668+0000] {dag.py:3954} INFO - Setting next_dagrun for daily_scrape_and_load to 2026-08-11 00:00:00+00:00, run_after=2026-08-12 00:00:00+00:00
[2026-08-12T16:50:24.692+0000] {processor.py:183} INFO - Processing /opt/airflow/dags/daily_scrape_and_load.py took 0.847 seconds
[2026-08-12T16:50:55.184+0000] {processor.py:161} INFO - Started process (PID=356) to work on /opt/airflow/dags/daily_scrape_and_load.py
[2026-08-12T16:50:55.185+0000] {processor.py:830} INFO - Processing file /opt/airflow/dags/daily_scrape_and_load.py for tasks to queue
[2026-08-12T16:50:55.186+0000] {logging_mixin.py:188} INFO - [2026-08-12T16:50:55.186+0000] {dagbag.py:545} INFO - Filling up the DagBag from /opt/airflow/dags/daily_scrape_and_load.py
[2026-08-12T16:50:55.865+0000] {processor.py:840} INFO - DAG(s) 'daily_scrape_and_load' retrieved from /opt/airflow/dags/daily_scrape_and_load.py
[2026-08-12T16:50:55.897+0000] {logging_mixin.py:188} INFO - [2026-08-12T16:50:55.896+0000] {dag.py:3096} INFO - Sync 1 DAGs
[2026-08-12T16:50:55.920+0000] {logging_mixin.py:188} INFO - [2026-08-12T16:50:55.920+0000] {dag.py:3954} INFO - Setting next_dagrun for daily_scrape_and_load to 2026-08-11 00:00:00+00:00, run_after=2026-08-12 00:00:00+00:00
[2026-08-12T16:50:55.943+0000] {processor.py:183} INFO - Processing /opt/airflow/dags/daily_scrape_and_load.py took 0.776 seconds
[2026-08-12T16:51:26.256+0000] {processor.py:161} INFO - Started process (PID=362) to work on /opt/airflow/dags/daily_scrape_and_load.py
[2026-08-12T16:51:26.270+0000] {processor.py:830} INFO - Processing file /opt/airflow/dags/daily_scrape_and_load.py for tasks to queue
[2026-08-12T16:51:26.278+0000] {logging_mixin.py:188} INFO - [2026-08-12T16:51:26.277+0000] {dagbag.py:545} INFO - Filling up the DagBag from /opt/airflow/dags/daily_scrape_and_load.py
[2026-08-12T16:51:27.077+0000] {processor.py:840} INFO - DAG(s) 'daily_scrape_and_load' retrieved from /opt/airflow/dags/daily_scrape_and_load.py
[2026-08-12T16:51:27.113+0000] {logging_mixin.py:188} INFO - [2026-08-12T16:51:27.112+0000] {dag.py:3096} INFO - Sync 1 DAGs
[2026-08-12T16:51:27.135+0000] {logging_mixin.py:188} INFO - [2026-08-12T16:51:27.135+0000] {dag.py:3954} INFO - Setting next_dagrun for daily_scrape_and_load to 2026-08-11 00:00:00+00:00, run_after=2026-08-12 00:00:00+00:00
[2026-08-12T16:51:27.167+0000] {processor.py:183} INFO - Processing /opt/airflow/dags/daily_scrape_and_load.py took 0.956 seconds
[2026-08-12T16:51:57.563+0000] {processor.py:161} INFO - Started process (PID=368) to work on /opt/airflow/dags/daily_scrape_and_load.py
[2026-08-12T16:51:57.564+0000] {processor.py:830} INFO - Processing file /opt/airflow/dags/daily_scrape_and_load.py for tasks to queue
[2026-08-12T16:51:57.566+0000] {logging_mixin.py:188} INFO - [2026-08-12T16:51:57.565+0000] {dagbag.py:545} INFO - Filling up the DagBag from /opt/airflow/dags/daily_scrape_and_load.py
[2026-08-12T16:51:58.207+0000] {processor.py:840} INFO - DAG(s) 'daily_scrape_and_load' retrieved from /opt/airflow/dags/daily_scrape_and_load.py
[2026-08-12T16:51:58.237+0000] {logging_mixin.py:188} INFO - [2026-08-12T16:51:58.237+0000] {dag.py:3096} INFO - Sync 1 DAGs
[2026-08-12T16:51:58.259+0000] {logging_mixin.py:188} INFO - [2026-08-12T16:51:58.259+0000] {dag.py:3954} INFO - Setting next_dagrun for daily_scrape_and_load to 2026-08-11 00:00:00+00:00, run_after=2026-08-12 00:00:00+00:00
[2026-08-12T16:51:58.282+0000] {processor.py:183} INFO - Processing /opt/airflow/dags/daily_scrape_and_load.py took 0.728 seconds
[2026-08-12T16:52:08.425+0000] {processor.py:161} INFO - Started process (PID=374) to work on /opt/airflow/dags/daily_scrape_and_load.py
[2026-08-12T16:52:08.426+0000] {processor.py:830} INFO - Processing file /opt/airflow/dags/daily_scrape_and_load.py for tasks to queue
[2026-08-12T16:52:08.427+0000] {logging_mixin.py:188} INFO - [2026-08-12T16:52:08.427+0000] {dagbag.py:545} INFO - Filling up the DagBag from /opt/airflow/dags/daily_scrape_and_load.py
[2026-08-12T16:52:09.161+0000] {processor.py:840} INFO - DAG(s) 'daily_scrape_and_load' retrieved from /opt/airflow/dags/daily_scrape_and_load.py
[2026-08-12T16:52:09.195+0000] {logging_mixin.py:188} INFO - [2026-08-12T16:52:09.194+0000] {dag.py:3096} INFO - Sync 1 DAGs
[2026-08-12T16:52:09.219+0000] {logging_mixin.py:188} INFO - [2026-08-12T16:52:09.218+0000] {dag.py:3954} INFO - Setting next_dagrun for daily_scrape_and_load to 2026-08-11 00:00:00+00:00, run_after=2026-08-12 00:00:00+00:00
[2026-08-12T16:52:09.248+0000] {processor.py:183} INFO - Processing /opt/airflow/dags/daily_scrape_and_load.py took 0.830 seconds
[2026-08-12T16:52:39.501+0000] {processor.py:161} INFO - Started process (PID=380) to work on /opt/airflow/dags/daily_scrape_and_load.py
[2026-08-12T16:52:39.502+0000] {processor.py:830} INFO - Processing file /opt/airflow/dags/daily_scrape_and_load.py for tasks to queue
[2026-08-12T16:52:39.503+0000] {logging_mixin.py:188} INFO - [2026-08-12T16:52:39.503+0000] {dagbag.py:545} INFO - Filling up the DagBag from /opt/airflow/dags/daily_scrape_and_load.py
[2026-08-12T16:52:40.196+0000] {processor.py:840} INFO - DAG(s) 'daily_scrape_and_load' retrieved from /opt/airflow/dags/daily_scrape_and_load.py
[2026-08-12T16:52:40.228+0000] {logging_mixin.py:188} INFO - [2026-08-12T16:52:40.227+0000] {dag.py:3096} INFO - Sync 1 DAGs
[2026-08-12T16:52:40.251+0000] {logging_mixin.py:188} INFO - [2026-08-12T16:52:40.250+0000] {dag.py:3954} INFO - Setting next_dagrun for daily_scrape_and_load to 2026-08-11 00:00:00+00:00, run_after=2026-08-12 00:00:00+00:00
[2026-08-12T16:52:40.274+0000] {processor.py:183} INFO - Processing /opt/airflow/dags/daily_scrape_and_load.py took 0.780 seconds
[2026-08-12T16:53:10.626+0000] {processor.py:161} INFO - Started process (PID=386) to work on /opt/airflow/dags/daily_scrape_and_load.py
[2026-08-12T16:53:10.627+0000] {processor.py:830} INFO - Processing file /opt/airflow/dags/daily_scrape_and_load.py for tasks to queue
[2026-08-12T16:53:10.630+0000] {logging_mixin.py:188} INFO - [2026-08-12T16:53:10.629+0000] {dagbag.py:545} INFO - Filling up the DagBag from /opt/airflow/dags/daily_scrape_and_load.py
[2026-08-12T16:53:11.471+0000] {processor.py:840} INFO - DAG(s) 'daily_scrape_and_load' retrieved from /opt/airflow/dags/daily_scrape_and_load.py
[2026-08-12T16:53:11.504+0000] {logging_mixin.py:188} INFO - [2026-08-12T16:53:11.504+0000] {dag.py:3096} INFO - Sync 1 DAGs
[2026-08-12T16:53:11.527+0000] {logging_mixin.py:188} INFO - [2026-08-12T16:53:11.527+0000] {dag.py:3954} INFO - Setting next_dagrun for daily_scrape_and_load to 2026-08-11 00:00:00+00:00, run_after=2026-08-12 00:00:00+00:00
[2026-08-12T16:53:11.551+0000] {processor.py:183} INFO - Processing /opt/airflow/dags/daily_scrape_and_load.py took 0.941 seconds
[2026-08-12T16:53:41.867+0000] {processor.py:161} INFO - Started process (PID=398) to work on /opt/airflow/dags/daily_scrape_and_load.py
[2026-08-12T16:53:41.868+0000] {processor.py:830} INFO - Processing file /opt/airflow/dags/daily_scrape_and_load.py for tasks to queue
[2026-08-12T16:53:41.869+0000] {logging_mixin.py:188} INFO - [2026-08-12T16:53:41.869+0000] {dagbag.py:545} INFO - Filling up the DagBag from /opt/airflow/dags/daily_scrape_and_load.py
[2026-08-12T16:53:42.687+0000] {processor.py:840} INFO - DAG(s) 'daily_scrape_and_load' retrieved from /opt/airflow/dags/daily_scrape_and_load.py
[2026-08-12T16:53:42.718+0000] {logging_mixin.py:188} INFO - [2026-08-12T16:53:42.718+0000] {dag.py:3096} INFO - Sync 1 DAGs
[2026-08-12T16:53:42.742+0000] {logging_mixin.py:188} INFO - [2026-08-12T16:53:42.741+0000] {dag.py:3954} INFO - Setting next_dagrun for daily_scrape_and_load to 2026-08-12 00:00:00+00:00, run_after=2026-08-13 00:00:00+00:00
[2026-08-12T16:53:42.771+0000] {processor.py:183} INFO - Processing /opt/airflow/dags/daily_scrape_and_load.py took 0.913 seconds
[2026-08-12T16:54:13.100+0000] {processor.py:161} INFO - Started process (PID=442) to work on /opt/airflow/dags/daily_scrape_and_load.py
[2026-08-12T16:54:13.101+0000] {processor.py:830} INFO - Processing file /opt/airflow/dags/daily_scrape_and_load.py for tasks to queue
[2026-08-12T16:54:13.102+0000] {logging_mixin.py:188} INFO - [2026-08-12T16:54:13.102+0000] {dagbag.py:545} INFO - Filling up the DagBag from /opt/airflow/dags/daily_scrape_and_load.py
[2026-08-12T16:54:13.764+0000] {processor.py:840} INFO - DAG(s) 'daily_scrape_and_load' retrieved from /opt/airflow/dags/daily_scrape_and_load.py
[2026-08-12T16:54:13.795+0000] {logging_mixin.py:188} INFO - [2026-08-12T16:54:13.795+0000] {dag.py:3096} INFO - Sync 1 DAGs
[2026-08-12T16:54:13.817+0000] {logging_mixin.py:188} INFO - [2026-08-12T16:54:13.817+0000] {dag.py:3954} INFO - Setting next_dagrun for daily_scrape_and_load to 2026-08-12 00:00:00+00:00, run_after=2026-08-13 00:00:00+00:00
[2026-08-12T16:54:13.851+0000] {processor.py:183} INFO - Processing /opt/airflow/dags/daily_scrape_and_load.py took 0.759 seconds
[2026-08-12T16:54:44.179+0000] {processor.py:161} INFO - Started process (PID=448) to work on /opt/airflow/dags/daily_scrape_and_load.py
[2026-08-12T16:54:44.180+0000] {processor.py:830} INFO - Processing file /opt/airflow/dags/daily_scrape_and_load.py for tasks to queue
[2026-08-12T16:54:44.181+0000] {logging_mixin.py:188} INFO - [2026-08-12T16:54:44.180+0000] {dagbag.py:545} INFO - Filling up the DagBag from /opt/airflow/dags/daily_scrape_and_load.py
[2026-08-12T16:54:44.815+0000] {processor.py:840} INFO - DAG(s) 'daily_scrape_and_load' retrieved from /opt/airflow/dags/daily_scrape_and_load.py
[2026-08-12T16:54:44.846+0000] {logging_mixin.py:188} INFO - [2026-08-12T16:54:44.846+0000] {dag.py:3096} INFO - Sync 1 DAGs
[2026-08-12T16:54:44.869+0000] {logging_mixin.py:188} INFO - [2026-08-12T16:54:44.869+0000] {dag.py:3954} INFO - Setting next_dagrun for daily_scrape_and_load to 2026-08-12 00:00:00+00:00, run_after=2026-08-13 00:00:00+00:00
[2026-08-12T16:54:44.893+0000] {processor.py:183} INFO - Processing /opt/airflow/dags/daily_scrape_and_load.py took 0.721 seconds
[2026-08-12T16:55:15.229+0000] {processor.py:161} INFO - Started process (PID=454) to work on /opt/airflow/dags/daily_scrape_and_load.py
[2026-08-12T16:55:15.230+0000] {processor.py:830} INFO - Processing file /opt/airflow/dags/daily_scrape_and_load.py for tasks to queue
[2026-08-12T16:55:15.233+0000] {logging_mixin.py:188} INFO - [2026-08-12T16:55:15.232+0000] {dagbag.py:545} INFO - Filling up the DagBag from /opt/airflow/dags/daily_scrape_and_load.py
[2026-08-12T16:55:16.265+0000] {processor.py:840} INFO - DAG(s) 'daily_scrape_and_load' retrieved from /opt/airflow/dags/daily_scrape_and_load.py
[2026-08-12T16:55:16.352+0000] {logging_mixin.py:188} INFO - [2026-08-12T16:55:16.352+0000] {dag.py:3096} INFO - Sync 1 DAGs
[2026-08-12T16:55:16.413+0000] {logging_mixin.py:188} INFO - [2026-08-12T16:55:16.412+0000] {dag.py:3954} INFO - Setting next_dagrun for daily_scrape_and_load to 2026-08-12 00:00:00+00:00, run_after=2026-08-13 00:00:00+00:00
[2026-08-12T16:55:16.463+0000] {processor.py:183} INFO - Processing /opt/airflow/dags/daily_scrape_and_load.py took 1.249 seconds
[2026-08-12T16:55:46.677+0000] {processor.py:161} INFO - Started process (PID=460) to work on /opt/airflow/dags/daily_scrape_and_load.py
[2026-08-12T16:55:46.680+0000] {processor.py:830} INFO - Processing file /opt/airflow/dags/daily_scrape_and_load.py for tasks to queue
[2026-08-12T16:55:46.683+0000] {logging_mixin.py:188} INFO - [2026-08-12T16:55:46.682+0000] {dagbag.py:545} INFO - Filling up the DagBag from /opt/airflow/dags/daily_scrape_and_load.py
[2026-08-12T16:55:47.887+0000] {processor.py:840} INFO - DAG(s) 'daily_scrape_and_load' retrieved from /opt/airflow/dags/daily_scrape_and_load.py
[2026-08-12T16:55:47.934+0000] {logging_mixin.py:188} INFO - [2026-08-12T16:55:47.933+0000] {dag.py:3096} INFO - Sync 1 DAGs
[2026-08-12T16:55:47.971+0000] {logging_mixin.py:188} INFO - [2026-08-12T16:55:47.970+0000] {dag.py:3954} INFO - Setting next_dagrun for daily_scrape_and_load to 2026-08-12 00:00:00+00:00, run_after=2026-08-13 00:00:00+00:00
[2026-08-12T16:55:48.008+0000] {processor.py:183} INFO - Processing /opt/airflow/dags/daily_scrape_and_load.py took 1.350 seconds
[2026-08-12T16:56:18.390+0000] {processor.py:161} INFO - Started process (PID=466) to work on /opt/airflow/dags/daily_scrape_and_load.py
[2026-08-12T16:56:18.393+0000] {processor.py:830} INFO - Processing file /opt/airflow/dags/daily_scrape_and_load.py for tasks to queue
[2026-08-12T16:56:18.396+0000] {logging_mixin.py:188} INFO - [2026-08-12T16:56:18.395+0000] {dagbag.py:545} INFO - Filling up the DagBag from /opt/airflow/dags/daily_scrape_and_load.py
[2026-08-12T16:56:20.066+0000] {processor.py:840} INFO - DAG(s) 'daily_scrape_and_load' retrieved from /opt/airflow/dags/daily_scrape_and_load.py
[2026-08-12T16:56:20.114+0000] {logging_mixin.py:188} INFO - [2026-08-12T16:56:20.114+0000] {dag.py:3096} INFO - Sync 1 DAGs
[2026-08-12T16:56:20.145+0000] {logging_mixin.py:188} INFO - [2026-08-12T16:56:20.145+0000] {dag.py:3954} INFO - Setting next_dagrun for daily_scrape_and_load to 2026-08-12 00:00:00+00:00, run_after=2026-08-13 00:00:00+00:00
[2026-08-12T16:56:20.178+0000] {processor.py:183} INFO - Processing /opt/airflow/dags/daily_scrape_and_load.py took 1.810 seconds
[2026-08-12T16:56:50.801+0000] {processor.py:161} INFO - Started process (PID=472) to work on /opt/airflow/dags/daily_scrape_and_load.py
[2026-08-12T16:56:50.805+0000] {processor.py:830} INFO - Processing file /opt/airflow/dags/daily_scrape_and_load.py for tasks to queue
[2026-08-12T16:56:50.810+0000] {logging_mixin.py:188} INFO - [2026-08-12T16:56:50.808+0000] {dagbag.py:545} INFO - Filling up the DagBag from /opt/airflow/dags/daily_scrape_and_load.py
[2026-08-12T16:56:52.974+0000] {processor.py:840} INFO - DAG(s) 'daily_scrape_and_load' retrieved from /opt/airflow/dags/daily_scrape_and_load.py
[2026-08-12T16:56:53.039+0000] {logging_mixin.py:188} INFO - [2026-08-12T16:56:53.038+0000] {dag.py:3096} INFO - Sync 1 DAGs
[2026-08-12T16:56:53.136+0000] {logging_mixin.py:188} INFO - [2026-08-12T16:56:53.135+0000] {dag.py:3954} INFO - Setting next_dagrun for daily_scrape_and_load to 2026-08-12 00:00:00+00:00, run_after=2026-08-13 00:00:00+00:00
[2026-08-12T16:56:53.231+0000] {processor.py:183} INFO - Processing /opt/airflow/dags/daily_scrape_and_load.py took 2.464 seconds
[2026-08-12T16:57:23.769+0000] {processor.py:161} INFO - Started process (PID=478) to work on /opt/airflow/dags/daily_scrape_and_load.py
[2026-08-12T16:57:23.771+0000] {processor.py:830} INFO - Processing file /opt/airflow/dags/daily_scrape_and_load.py for tasks to queue
[2026-08-12T16:57:23.773+0000] {logging_mixin.py:188} INFO - [2026-08-12T16:57:23.772+0000] {dagbag.py:545} INFO - Filling up the DagBag from /opt/airflow/dags/daily_scrape_and_load.py
[2026-08-12T16:57:24.957+0000] {processor.py:840} INFO - DAG(s) 'daily_scrape_and_load' retrieved from /opt/airflow/dags/daily_scrape_and_load.py
[2026-08-12T16:57:25.031+0000] {logging_mixin.py:188} INFO - [2026-08-12T16:57:25.030+0000] {dag.py:3096} INFO - Sync 1 DAGs
[2026-08-12T16:57:25.081+0000] {logging_mixin.py:188} INFO - [2026-08-12T16:57:25.080+0000] {dag.py:3954} INFO - Setting next_dagrun for daily_scrape_and_load to 2026-08-12 00:00:00+00:00, run_after=2026-08-13 00:00:00+00:00
[2026-08-12T16:57:25.134+0000] {processor.py:183} INFO - Processing /opt/airflow/dags/daily_scrape_and_load.py took 1.379 seconds
[2026-08-12T16:57:55.531+0000] {processor.py:161} INFO - Started process (PID=484) to work on /opt/airflow/dags/daily_scrape_and_load.py
[2026-08-12T16:57:55.532+0000] {processor.py:830} INFO - Processing file /opt/airflow/dags/daily_scrape_and_load.py for tasks to queue
[2026-08-12T16:57:55.535+0000] {logging_mixin.py:188} INFO - [2026-08-12T16:57:55.534+0000] {dagbag.py:545} INFO - Filling up the DagBag from /opt/airflow/dags/daily_scrape_and_load.py
[2026-08-12T16:57:56.396+0000] {processor.py:840} INFO - DAG(s) 'daily_scrape_and_load' retrieved from /opt/airflow/dags/daily_scrape_and_load.py
[2026-08-12T16:57:56.437+0000] {logging_mixin.py:188} INFO - [2026-08-12T16:57:56.436+0000] {dag.py:3096} INFO - Sync 1 DAGs
[2026-08-12T16:57:56.464+0000] {logging_mixin.py:188} INFO - [2026-08-12T16:57:56.464+0000] {dag.py:3954} INFO - Setting next_dagrun for daily_scrape_and_load to 2026-08-12 00:00:00+00:00, run_after=2026-08-13 00:00:00+00:00
[2026-08-12T16:57:56.493+0000] {processor.py:183} INFO - Processing /opt/airflow/dags/daily_scrape_and_load.py took 0.975 seconds
[2026-08-12T16:58:26.834+0000] {processor.py:161} INFO - Started process (PID=490) to work on /opt/airflow/dags/daily_scrape_and_load.py
[2026-08-12T16:58:26.835+0000] {processor.py:830} INFO - Processing file /opt/airflow/dags/daily_scrape_and_load.py for tasks to queue
[2026-08-12T16:58:26.836+0000] {logging_mixin.py:188} INFO - [2026-08-12T16:58:26.835+0000] {dagbag.py:545} INFO - Filling up the DagBag from /opt/airflow/dags/daily_scrape_and_load.py
[2026-08-12T16:58:27.512+0000] {processor.py:840} INFO - DAG(s) 'daily_scrape_and_load' retrieved from /opt/airflow/dags/daily_scrape_and_load.py
[2026-08-12T16:58:27.544+0000] {logging_mixin.py:188} INFO - [2026-08-12T16:58:27.544+0000] {dag.py:3096} INFO - Sync 1 DAGs
[2026-08-12T16:58:27.568+0000] {logging_mixin.py:188} INFO - [2026-08-12T16:58:27.568+0000] {dag.py:3954} INFO - Setting next_dagrun for daily_scrape_and_load to 2026-08-12 00:00:00+00:00, run_after=2026-08-13 00:00:00+00:00
[2026-08-12T16:58:27.591+0000] {processor.py:183} INFO - Processing /opt/airflow/dags/daily_scrape_and_load.py took 0.764 seconds
[2026-08-12T16:58:57.878+0000] {processor.py:161} INFO - Started process (PID=496) to work on /opt/airflow/dags/daily_scrape_and_load.py
[2026-08-12T16:58:57.878+0000] {processor.py:830} INFO - Processing file /opt/airflow/dags/daily_scrape_and_load.py for tasks to queue
[2026-08-12T16:58:57.880+0000] {logging_mixin.py:188} INFO - [2026-08-12T16:58:57.879+0000] {dagbag.py:545} INFO - Filling up the DagBag from /opt/airflow/dags/daily_scrape_and_load.py
[2026-08-12T16:58:58.606+0000] {processor.py:840} INFO - DAG(s) 'daily_scrape_and_load' retrieved from /opt/airflow/dags/daily_scrape_and_load.py
[2026-08-12T16:58:58.640+0000] {logging_mixin.py:188} INFO - [2026-08-12T16:58:58.640+0000] {dag.py:3096} INFO - Sync 1 DAGs
[2026-08-12T16:58:58.668+0000] {logging_mixin.py:188} INFO - [2026-08-12T16:58:58.667+0000] {dag.py:3954} INFO - Setting next_dagrun for daily_scrape_and_load to 2026-08-12 00:00:00+00:00, run_after=2026-08-13 00:00:00+00:00
[2026-08-12T16:58:58.694+0000] {processor.py:183} INFO - Processing /opt/airflow/dags/daily_scrape_and_load.py took 0.826 seconds
[2026-08-12T16:59:29.096+0000] {processor.py:161} INFO - Started process (PID=534) to work on /opt/airflow/dags/daily_scrape_and_load.py
[2026-08-12T16:59:29.100+0000] {processor.py:830} INFO - Processing file /opt/airflow/dags/daily_scrape_and_load.py for tasks to queue
[2026-08-12T16:59:29.104+0000] {logging_mixin.py:188} INFO - [2026-08-12T16:59:29.102+0000] {dagbag.py:545} INFO - Filling up the DagBag from /opt/airflow/dags/daily_scrape_and_load.py
[2026-08-12T16:59:31.050+0000] {processor.py:840} INFO - DAG(s) 'daily_scrape_and_load' retrieved from /opt/airflow/dags/daily_scrape_and_load.py
[2026-08-12T16:59:31.137+0000] {logging_mixin.py:188} INFO - [2026-08-12T16:59:31.137+0000] {dag.py:3096} INFO - Sync 1 DAGs
[2026-08-12T16:59:31.206+0000] {logging_mixin.py:188} INFO - [2026-08-12T16:59:31.206+0000] {dag.py:3954} INFO - Setting next_dagrun for daily_scrape_and_load to 2026-08-12 00:00:00+00:00, run_after=2026-08-13 00:00:00+00:00
[2026-08-12T16:59:31.269+0000] {processor.py:183} INFO - Processing /opt/airflow/dags/daily_scrape_and_load.py took 2.208 seconds
[2026-08-12T17:00:01.615+0000] {processor.py:161} INFO - Started process (PID=540) to work on /opt/airflow/dags/daily_scrape_and_load.py
[2026-08-12T17:00:01.616+0000] {processor.py:830} INFO - Processing file /opt/airflow/dags/daily_scrape_and_load.py for tasks to queue
[2026-08-12T17:00:01.618+0000] {logging_mixin.py:188} INFO - [2026-08-12T17:00:01.617+0000] {dagbag.py:545} INFO - Filling up the DagBag from /opt/airflow/dags/daily_scrape_and_load.py
[2026-08-12T17:00:02.415+0000] {processor.py:840} INFO - DAG(s) 'daily_scrape_and_load' retrieved from /opt/airflow/dags/daily_scrape_and_load.py
[2026-08-12T17:00:02.450+0000] {logging_mixin.py:188} INFO - [2026-08-12T17:00:02.449+0000] {dag.py:3096} INFO - Sync 1 DAGs
[2026-08-12T17:00:02.472+0000] {logging_mixin.py:188} INFO - [2026-08-12T17:00:02.472+0000] {dag.py:3954} INFO - Setting next_dagrun for daily_scrape_and_load to 2026-08-12 00:00:00+00:00, run_after=2026-08-13 00:00:00+00:00
[2026-08-12T17:00:02.500+0000] {processor.py:183} INFO - Processing /opt/airflow/dags/daily_scrape_and_load.py took 0.894 seconds
[2026-08-12T17:00:32.780+0000] {processor.py:161} INFO - Started process (PID=546) to work on /opt/airflow/dags/daily_scrape_and_load.py
[2026-08-12T17:00:32.781+0000] {processor.py:830} INFO - Processing file /opt/airflow/dags/daily_scrape_and_load.py for tasks to queue
[2026-08-12T17:00:32.783+0000] {logging_mixin.py:188} INFO - [2026-08-12T17:00:32.783+0000] {dagbag.py:545} INFO - Filling up the DagBag from /opt/airflow/dags/daily_scrape_and_load.py
[2026-08-12T17:00:33.569+0000] {processor.py:840} INFO - DAG(s) 'daily_scrape_and_load' retrieved from /opt/airflow/dags/daily_scrape_and_load.py
[2026-08-12T17:00:33.604+0000] {logging_mixin.py:188} INFO - [2026-08-12T17:00:33.604+0000] {dag.py:3096} INFO - Sync 1 DAGs
[2026-08-12T17:00:33.628+0000] {logging_mixin.py:188} INFO - [2026-08-12T17:00:33.628+0000] {dag.py:3954} INFO - Setting next_dagrun for daily_scrape_and_load to 2026-08-12 00:00:00+00:00, run_after=2026-08-13 00:00:00+00:00
[2026-08-12T17:00:33.656+0000] {processor.py:183} INFO - Processing /opt/airflow/dags/daily_scrape_and_load.py took 0.885 seconds
[2026-08-12T17:01:03.960+0000] {processor.py:161} INFO - Started process (PID=552) to work on /opt/airflow/dags/daily_scrape_and_load.py
[2026-08-12T17:01:03.961+0000] {processor.py:830} INFO - Processing file /opt/airflow/dags/daily_scrape_and_load.py for tasks to queue
[2026-08-12T17:01:03.964+0000] {logging_mixin.py:188} INFO - [2026-08-12T17:01:03.963+0000] {dagbag.py:545} INFO - Filling up the DagBag from /opt/airflow/dags/daily_scrape_and_load.py
[2026-08-12T17:01:07.010+0000] {processor.py:840} INFO - DAG(s) 'daily_scrape_and_load' retrieved from /opt/airflow/dags/daily_scrape_and_load.py
[2026-08-12T17:01:07.250+0000] {logging_mixin.py:188} INFO - [2026-08-12T17:01:07.248+0000] {dag.py:3096} INFO - Sync 1 DAGs
[2026-08-12T17:01:07.379+0000] {logging_mixin.py:188} INFO - [2026-08-12T17:01:07.378+0000] {dag.py:3954} INFO - Setting next_dagrun for daily_scrape_and_load to 2026-08-12 00:00:00+00:00, run_after=2026-08-13 00:00:00+00:00
[2026-08-12T17:01:07.484+0000] {processor.py:183} INFO - Processing /opt/airflow/dags/daily_scrape_and_load.py took 3.544 seconds
[2026-08-12T17:01:37.975+0000] {processor.py:161} INFO - Started process (PID=558) to work on /opt/airflow/dags/daily_scrape_and_load.py
[2026-08-12T17:01:37.976+0000] {processor.py:830} INFO - Processing file /opt/airflow/dags/daily_scrape_and_load.py for tasks to queue
[2026-08-12T17:01:37.979+0000] {logging_mixin.py:188} INFO - [2026-08-12T17:01:37.978+0000] {dagbag.py:545} INFO - Filling up the DagBag from /opt/airflow/dags/daily_scrape_and_load.py
[2026-08-12T17:01:38.909+0000] {processor.py:840} INFO - DAG(s) 'daily_scrape_and_load' retrieved from /opt/airflow/dags/daily_scrape_and_load.py
[2026-08-12T17:01:38.945+0000] {logging_mixin.py:188} INFO - [2026-08-12T17:01:38.944+0000] {dag.py:3096} INFO - Sync 1 DAGs
[2026-08-12T17:01:38.967+0000] {logging_mixin.py:188} INFO - [2026-08-12T17:01:38.967+0000] {dag.py:3954} INFO - Setting next_dagrun for daily_scrape_and_load to 2026-08-12 00:00:00+00:00, run_after=2026-08-13 00:00:00+00:00
[2026-08-12T17:01:38.998+0000] {processor.py:183} INFO - Processing /opt/airflow/dags/daily_scrape_and_load.py took 1.036 seconds
[2026-08-12T17:02:09.329+0000] {processor.py:161} INFO - Started process (PID=564) to work on /opt/airflow/dags/daily_scrape_and_load.py
[2026-08-12T17:02:09.331+0000] {processor.py:830} INFO - Processing file /opt/airflow/dags/daily_scrape_and_load.py for tasks to queue
[2026-08-12T17:02:09.334+0000] {logging_mixin.py:188} INFO - [2026-08-12T17:02:09.332+0000] {dagbag.py:545} INFO - Filling up the DagBag from /opt/airflow/dags/daily_scrape_and_load.py
[2026-08-12T17:02:10.077+0000] {processor.py:840} INFO - DAG(s) 'daily_scrape_and_load' retrieved from /opt/airflow/dags/daily_scrape_and_load.py
[2026-08-12T17:02:10.120+0000] {logging_mixin.py:188} INFO - [2026-08-12T17:02:10.120+0000] {dag.py:3096} INFO - Sync 1 DAGs
[2026-08-12T17:02:10.164+0000] {logging_mixin.py:188} INFO - [2026-08-12T17:02:10.163+0000] {dag.py:3954} INFO - Setting next_dagrun for daily_scrape_and_load to 2026-08-12 00:00:00+00:00, run_after=2026-08-13 00:00:00+00:00
[2026-08-12T17:02:10.207+0000] {processor.py:183} INFO - Processing /opt/airflow/dags/daily_scrape_and_load.py took 0.889 seconds
[2026-08-12T17:02:40.655+0000] {processor.py:161} INFO - Started process (PID=570) to work on /opt/airflow/dags/daily_scrape_and_load.py
[2026-08-12T17:02:40.656+0000] {processor.py:830} INFO - Processing file /opt/airflow/dags/daily_scrape_and_load.py for tasks to queue
[2026-08-12T17:02:40.657+0000] {logging_mixin.py:188} INFO - [2026-08-12T17:02:40.657+0000] {dagbag.py:545} INFO - Filling up the DagBag from /opt/airflow/dags/daily_scrape_and_load.py
[2026-08-12T17:02:41.368+0000] {processor.py:840} INFO - DAG(s) 'daily_scrape_and_load' retrieved from /opt/airflow/dags/daily_scrape_and_load.py
[2026-08-12T17:02:41.399+0000] {logging_mixin.py:188} INFO - [2026-08-12T17:02:41.399+0000] {dag.py:3096} INFO - Sync 1 DAGs
[2026-08-12T17:02:41.424+0000] {logging_mixin.py:188} INFO - [2026-08-12T17:02:41.424+0000] {dag.py:3954} INFO - Setting next_dagrun for daily_scrape_and_load to 2026-08-12 00:00:00+00:00, run_after=2026-08-13 00:00:00+00:00
[2026-08-12T17:02:41.449+0000] {processor.py:183} INFO - Processing /opt/airflow/dags/daily_scrape_and_load.py took 0.801 seconds
[2026-08-12T17:03:11.810+0000] {processor.py:161} INFO - Started process (PID=576) to work on /opt/airflow/dags/daily_scrape_and_load.py
[2026-08-12T17:03:11.811+0000] {processor.py:830} INFO - Processing file /opt/airflow/dags/daily_scrape_and_load.py for tasks to queue
[2026-08-12T17:03:11.813+0000] {logging_mixin.py:188} INFO - [2026-08-12T17:03:11.812+0000] {dagbag.py:545} INFO - Filling up the DagBag from /opt/airflow/dags/daily_scrape_and_load.py
[2026-08-12T17:03:13.060+0000] {processor.py:840} INFO - DAG(s) 'daily_scrape_and_load' retrieved from /opt/airflow/dags/daily_scrape_and_load.py
[2026-08-12T17:03:13.096+0000] {logging_mixin.py:188} INFO - [2026-08-12T17:03:13.095+0000] {dag.py:3096} INFO - Sync 1 DAGs
[2026-08-12T17:03:13.121+0000] {logging_mixin.py:188} INFO - [2026-08-12T17:03:13.120+0000] {dag.py:3954} INFO - Setting next_dagrun for daily_scrape_and_load to 2026-08-12 00:00:00+00:00, run_after=2026-08-13 00:00:00+00:00
[2026-08-12T17:03:13.156+0000] {processor.py:183} INFO - Processing /opt/airflow/dags/daily_scrape_and_load.py took 1.356 seconds
[2026-08-12T17:03:43.234+0000] {processor.py:161} INFO - Started process (PID=582) to work on /opt/airflow/dags/daily_scrape_and_load.py
[2026-08-12T17:03:43.236+0000] {processor.py:830} INFO - Processing file /opt/airflow/dags/daily_scrape_and_load.py for tasks to queue
[2026-08-12T17:03:43.238+0000] {logging_mixin.py:188} INFO - [2026-08-12T17:03:43.237+0000] {dagbag.py:545} INFO - Filling up the DagBag from /opt/airflow/dags/daily_scrape_and_load.py
[2026-08-12T17:03:43.998+0000] {processor.py:840} INFO - DAG(s) 'daily_scrape_and_load' retrieved from /opt/airflow/dags/daily_scrape_and_load.py
[2026-08-12T17:03:44.044+0000] {logging_mixin.py:188} INFO - [2026-08-12T17:03:44.044+0000] {dag.py:3096} INFO - Sync 1 DAGs
[2026-08-12T17:03:44.075+0000] {logging_mixin.py:188} INFO - [2026-08-12T17:03:44.074+0000] {dag.py:3954} INFO - Setting next_dagrun for daily_scrape_and_load to 2026-08-12 00:00:00+00:00, run_after=2026-08-13 00:00:00+00:00
[2026-08-12T17:03:44.102+0000] {processor.py:183} INFO - Processing /opt/airflow/dags/daily_scrape_and_load.py took 0.877 seconds
[2026-08-12T17:04:14.545+0000] {processor.py:161} INFO - Started process (PID=620) to work on /opt/airflow/dags/daily_scrape_and_load.py
[2026-08-12T17:04:14.546+0000] {processor.py:830} INFO - Processing file /opt/airflow/dags/daily_scrape_and_load.py for tasks to queue
[2026-08-12T17:04:14.845+0000] {logging_mixin.py:188} INFO - [2026-08-12T17:04:14.547+0000] {dagbag.py:545} INFO - Filling up the DagBag from /opt/airflow/dags/daily_scrape_and_load.py
[2026-08-12T17:04:17.100+0000] {processor.py:840} INFO - DAG(s) 'daily_scrape_and_load' retrieved from /opt/airflow/dags/daily_scrape_and_load.py
[2026-08-12T17:04:17.201+0000] {logging_mixin.py:188} INFO - [2026-08-12T17:04:17.200+0000] {dag.py:3096} INFO - Sync 1 DAGs
[2026-08-12T17:04:17.260+0000] {logging_mixin.py:188} INFO - [2026-08-12T17:04:17.260+0000] {dag.py:3954} INFO - Setting next_dagrun for daily_scrape_and_load to 2026-08-12 00:00:00+00:00, run_after=2026-08-13 00:00:00+00:00
[2026-08-12T17:04:17.305+0000] {processor.py:183} INFO - Processing /opt/airflow/dags/daily_scrape_and_load.py took 2.771 seconds
[2026-08-12T17:04:47.697+0000] {processor.py:161} INFO - Started process (PID=626) to work on /opt/airflow/dags/daily_scrape_and_load.py
[2026-08-12T17:04:47.698+0000] {processor.py:830} INFO - Processing file /opt/airflow/dags/daily_scrape_and_load.py for tasks to queue
[2026-08-12T17:04:47.700+0000] {logging_mixin.py:188} INFO - [2026-08-12T17:04:47.699+0000] {dagbag.py:545} INFO - Filling up the DagBag from /opt/airflow/dags/daily_scrape_and_load.py
[2026-08-12T17:04:48.401+0000] {processor.py:840} INFO - DAG(s) 'daily_scrape_and_load' retrieved from /opt/airflow/dags/daily_scrape_and_load.py
[2026-08-12T17:04:48.431+0000] {logging_mixin.py:188} INFO - [2026-08-12T17:04:48.431+0000] {dag.py:3096} INFO - Sync 1 DAGs
[2026-08-12T17:04:48.454+0000] {logging_mixin.py:188} INFO - [2026-08-12T17:04:48.453+0000] {dag.py:3954} INFO - Setting next_dagrun for daily_scrape_and_load to 2026-08-12 00:00:00+00:00, run_after=2026-08-13 00:00:00+00:00
[2026-08-12T17:04:48.477+0000] {processor.py:183} INFO - Processing /opt/airflow/dags/daily_scrape_and_load.py took 0.797 seconds
[2026-08-12T17:05:18.858+0000] {processor.py:161} INFO - Started process (PID=632) to work on /opt/airflow/dags/daily_scrape_and_load.py
[2026-08-12T17:05:18.858+0000] {processor.py:830} INFO - Processing file /opt/airflow/dags/daily_scrape_and_load.py for tasks to queue
[2026-08-12T17:05:18.859+0000] {logging_mixin.py:188} INFO - [2026-08-12T17:05:18.859+0000] {dagbag.py:545} INFO - Filling up the DagBag from /opt/airflow/dags/daily_scrape_and_load.py
[2026-08-12T17:05:19.535+0000] {processor.py:840} INFO - DAG(s) 'daily_scrape_and_load' retrieved from /opt/airflow/dags/daily_scrape_and_load.py
[2026-08-12T17:05:19.566+0000] {logging_mixin.py:188} INFO - [2026-08-12T17:05:19.566+0000] {dag.py:3096} INFO - Sync 1 DAGs
[2026-08-12T17:05:19.589+0000] {logging_mixin.py:188} INFO - [2026-08-12T17:05:19.588+0000] {dag.py:3954} INFO - Setting next_dagrun for daily_scrape_and_load to 2026-08-12 00:00:00+00:00, run_after=2026-08-13 00:00:00+00:00
[2026-08-12T17:05:19.612+0000] {processor.py:183} INFO - Processing /opt/airflow/dags/daily_scrape_and_load.py took 0.762 seconds
[2026-08-12T17:05:49.924+0000] {processor.py:161} INFO - Started process (PID=638) to work on /opt/airflow/dags/daily_scrape_and_load.py
[2026-08-12T17:05:49.925+0000] {processor.py:830} INFO - Processing file /opt/airflow/dags/daily_scrape_and_load.py for tasks to queue
[2026-08-12T17:05:49.927+0000] {logging_mixin.py:188} INFO - [2026-08-12T17:05:49.926+0000] {dagbag.py:545} INFO - Filling up the DagBag from /opt/airflow/dags/daily_scrape_and_load.py
[2026-08-12T17:05:50.658+0000] {processor.py:840} INFO - DAG(s) 'daily_scrape_and_load' retrieved from /opt/airflow/dags/daily_scrape_and_load.py
[2026-08-12T17:05:50.690+0000] {logging_mixin.py:188} INFO - [2026-08-12T17:05:50.690+0000] {dag.py:3096} INFO - Sync 1 DAGs
[2026-08-12T17:05:50.713+0000] {logging_mixin.py:188} INFO - [2026-08-12T17:05:50.713+0000] {dag.py:3954} INFO - Setting next_dagrun for daily_scrape_and_load to 2026-08-12 00:00:00+00:00, run_after=2026-08-13 00:00:00+00:00
[2026-08-12T17:05:50.739+0000] {processor.py:183} INFO - Processing /opt/airflow/dags/daily_scrape_and_load.py took 0.823 seconds
[2026-08-12T17:06:21.017+0000] {processor.py:161} INFO - Started process (PID=644) to work on /opt/airflow/dags/daily_scrape_and_load.py
[2026-08-12T17:06:21.018+0000] {processor.py:830} INFO - Processing file /opt/airflow/dags/daily_scrape_and_load.py for tasks to queue
[2026-08-12T17:06:21.019+0000] {logging_mixin.py:188} INFO - [2026-08-12T17:06:21.019+0000] {dagbag.py:545} INFO - Filling up the DagBag from /opt/airflow/dags/daily_scrape_and_load.py
[2026-08-12T17:06:21.753+0000] {processor.py:840} INFO - DAG(s) 'daily_scrape_and_load' retrieved from /opt/airflow/dags/daily_scrape_and_load.py
[2026-08-12T17:06:21.786+0000] {logging_mixin.py:188} INFO - [2026-08-12T17:06:21.786+0000] {dag.py:3096} INFO - Sync 1 DAGs
[2026-08-12T17:06:21.811+0000] {logging_mixin.py:188} INFO - [2026-08-12T17:06:21.811+0000] {dag.py:3954} INFO - Setting next_dagrun for daily_scrape_and_load to 2026-08-12 00:00:00+00:00, run_after=2026-08-13 00:00:00+00:00
[2026-08-12T17:06:21.834+0000] {processor.py:183} INFO - Processing /opt/airflow/dags/daily_scrape_and_load.py took 0.826 seconds
[2026-08-12T17:06:51.998+0000] {processor.py:161} INFO - Started process (PID=650) to work on /opt/airflow/dags/daily_scrape_and_load.py
[2026-08-12T17:06:51.998+0000] {processor.py:830} INFO - Processing file /opt/airflow/dags/daily_scrape_and_load.py for tasks to queue
[2026-08-12T17:06:52.000+0000] {logging_mixin.py:188} INFO - [2026-08-12T17:06:51.999+0000] {dagbag.py:545} INFO - Filling up the DagBag from /opt/airflow/dags/daily_scrape_and_load.py
[2026-08-12T17:06:52.704+0000] {processor.py:840} INFO - DAG(s) 'daily_scrape_and_load' retrieved from /opt/airflow/dags/daily_scrape_and_load.py
[2026-08-12T17:06:52.735+0000] {logging_mixin.py:188} INFO - [2026-08-12T17:06:52.735+0000] {dag.py:3096} INFO - Sync 1 DAGs
[2026-08-12T17:06:52.760+0000] {logging_mixin.py:188} INFO - [2026-08-12T17:06:52.760+0000] {dag.py:3954} INFO - Setting next_dagrun for daily_scrape_and_load to 2026-08-12 00:00:00+00:00, run_after=2026-08-13 00:00:00+00:00
[2026-08-12T17:06:52.785+0000] {processor.py:183} INFO - Processing /opt/airflow/dags/daily_scrape_and_load.py took 0.795 seconds
[2026-08-12T17:07:23.080+0000] {processor.py:161} INFO - Started process (PID=656) to work on /opt/airflow/dags/daily_scrape_and_load.py
[2026-08-12T17:07:23.081+0000] {processor.py:830} INFO - Processing file /opt/airflow/dags/daily_scrape_and_load.py for tasks to queue
[2026-08-12T17:07:23.083+0000] {logging_mixin.py:188} INFO - [2026-08-12T17:07:23.082+0000] {dagbag.py:545} INFO - Filling up the DagBag from /opt/airflow/dags/daily_scrape_and_load.py
[2026-08-12T17:07:23.949+0000] {processor.py:840} INFO - DAG(s) 'daily_scrape_and_load' retrieved from /opt/airflow/dags/daily_scrape_and_load.py
[2026-08-12T17:07:23.983+0000] {logging_mixin.py:188} INFO - [2026-08-12T17:07:23.982+0000] {dag.py:3096} INFO - Sync 1 DAGs
[2026-08-12T17:07:24.005+0000] {logging_mixin.py:188} INFO - [2026-08-12T17:07:24.005+0000] {dag.py:3954} INFO - Setting next_dagrun for daily_scrape_and_load to 2026-08-12 00:00:00+00:00, run_after=2026-08-13 00:00:00+00:00
[2026-08-12T17:07:24.027+0000] {processor.py:183} INFO - Processing /opt/airflow/dags/daily_scrape_and_load.py took 0.955 seconds
[2026-08-12T17:07:54.492+0000] {processor.py:161} INFO - Started process (PID=662) to work on /opt/airflow/dags/daily_scrape_and_load.py
[2026-08-12T17:07:54.493+0000] {processor.py:830} INFO - Processing file /opt/airflow/dags/daily_scrape_and_load.py for tasks to queue
[2026-08-12T17:07:54.494+0000] {logging_mixin.py:188} INFO - [2026-08-12T17:07:54.494+0000] {dagbag.py:545} INFO - Filling up the DagBag from /opt/airflow/dags/daily_scrape_and_load.py
[2026-08-12T17:07:55.203+0000] {processor.py:840} INFO - DAG(s) 'daily_scrape_and_load' retrieved from /opt/airflow/dags/daily_scrape_and_load.py
[2026-08-12T17:07:55.238+0000] {logging_mixin.py:188} INFO - [2026-08-12T17:07:55.237+0000] {dag.py:3096} INFO - Sync 1 DAGs
[2026-08-12T17:07:55.261+0000] {logging_mixin.py:188} INFO - [2026-08-12T17:07:55.260+0000] {dag.py:3954} INFO - Setting next_dagrun for daily_scrape_and_load to 2026-08-12 00:00:00+00:00, run_after=2026-08-13 00:00:00+00:00
[2026-08-12T17:07:55.299+0000] {processor.py:183} INFO - Processing /opt/airflow/dags/daily_scrape_and_load.py took 0.814 seconds
[2026-08-12T17:08:25.633+0000] {processor.py:161} INFO - Started process (PID=668) to work on /opt/airflow/dags/daily_scrape_and_load.py
[2026-08-12T17:08:25.634+0000] {processor.py:830} INFO - Processing file /opt/airflow/dags/daily_scrape_and_load.py for tasks to queue
[2026-08-12T17:08:25.635+0000] {logging_mixin.py:188} INFO - [2026-08-12T17:08:25.634+0000] {dagbag.py:545} INFO - Filling up the DagBag from /opt/airflow/dags/daily_scrape_and_load.py
[2026-08-12T17:08:26.317+0000] {processor.py:840} INFO - DAG(s) 'daily_scrape_and_load' retrieved from /opt/airflow/dags/daily_scrape_and_load.py
[2026-08-12T17:08:26.347+0000] {logging_mixin.py:188} INFO - [2026-08-12T17:08:26.347+0000] {dag.py:3096} INFO - Sync 1 DAGs
[2026-08-12T17:08:26.369+0000] {logging_mixin.py:188} INFO - [2026-08-12T17:08:26.369+0000] {dag.py:3954} INFO - Setting next_dagrun for daily_scrape_and_load to 2026-08-12 00:00:00+00:00, run_after=2026-08-13 00:00:00+00:00
[2026-08-12T17:08:26.393+0000] {processor.py:183} INFO - Processing /opt/airflow/dags/daily_scrape_and_load.py took 0.768 seconds
[2026-08-12T17:08:57.275+0000] {processor.py:161} INFO - Started process (PID=674) to work on /opt/airflow/dags/daily_scrape_and_load.py
[2026-08-12T17:08:57.287+0000] {processor.py:830} INFO - Processing file /opt/airflow/dags/daily_scrape_and_load.py for tasks to queue
[2026-08-12T17:08:57.294+0000] {logging_mixin.py:188} INFO - [2026-08-12T17:08:57.290+0000] {dagbag.py:545} INFO - Filling up the DagBag from /opt/airflow/dags/daily_scrape_and_load.py
[2026-08-12T17:09:03.326+0000] {processor.py:840} INFO - DAG(s) 'daily_scrape_and_load' retrieved from /opt/airflow/dags/daily_scrape_and_load.py
[2026-08-12T17:09:03.642+0000] {logging_mixin.py:188} INFO - [2026-08-12T17:09:03.641+0000] {dag.py:3096} INFO - Sync 1 DAGs
[2026-08-12T17:09:03.772+0000] {logging_mixin.py:188} INFO - [2026-08-12T17:09:03.771+0000] {dag.py:3954} INFO - Setting next_dagrun for daily_scrape_and_load to 2026-08-12 00:00:00+00:00, run_after=2026-08-13 00:00:00+00:00
[2026-08-12T17:09:03.878+0000] {processor.py:183} INFO - Processing /opt/airflow/dags/daily_scrape_and_load.py took 6.642 seconds
[2026-08-12T17:09:34.502+0000] {processor.py:161} INFO - Started process (PID=680) to work on /opt/airflow/dags/daily_scrape_and_load.py
[2026-08-12T17:09:34.503+0000] {processor.py:830} INFO - Processing file /opt/airflow/dags/daily_scrape_and_load.py for tasks to queue
[2026-08-12T17:09:34.505+0000] {logging_mixin.py:188} INFO - [2026-08-12T17:09:34.504+0000] {dagbag.py:545} INFO - Filling up the DagBag from /opt/airflow/dags/daily_scrape_and_load.py
[2026-08-12T17:09:35.424+0000] {processor.py:840} INFO - DAG(s) 'daily_scrape_and_load' retrieved from /opt/airflow/dags/daily_scrape_and_load.py
[2026-08-12T17:09:35.463+0000] {logging_mixin.py:188} INFO - [2026-08-12T17:09:35.462+0000] {dag.py:3096} INFO - Sync 1 DAGs
[2026-08-12T17:09:35.488+0000] {logging_mixin.py:188} INFO - [2026-08-12T17:09:35.488+0000] {dag.py:3954} INFO - Setting next_dagrun for daily_scrape_and_load to 2026-08-12 00:00:00+00:00, run_after=2026-08-13 00:00:00+00:00
[2026-08-12T17:09:35.514+0000] {processor.py:183} INFO - Processing /opt/airflow/dags/daily_scrape_and_load.py took 1.022 seconds
[2026-08-12T17:10:05.771+0000] {processor.py:161} INFO - Started process (PID=686) to work on /opt/airflow/dags/daily_scrape_and_load.py
[2026-08-12T17:10:05.772+0000] {processor.py:830} INFO - Processing file /opt/airflow/dags/daily_scrape_and_load.py for tasks to queue
[2026-08-12T17:10:05.773+0000] {logging_mixin.py:188} INFO - [2026-08-12T17:10:05.772+0000] {dagbag.py:545} INFO - Filling up the DagBag from /opt/airflow/dags/daily_scrape_and_load.py
[2026-08-12T17:10:06.481+0000] {processor.py:840} INFO - DAG(s) 'daily_scrape_and_load' retrieved from /opt/airflow/dags/daily_scrape_and_load.py
[2026-08-12T17:10:06.519+0000] {logging_mixin.py:188} INFO - [2026-08-12T17:10:06.519+0000] {dag.py:3096} INFO - Sync 1 DAGs
[2026-08-12T17:10:06.542+0000] {logging_mixin.py:188} INFO - [2026-08-12T17:10:06.541+0000] {dag.py:3954} INFO - Setting next_dagrun for daily_scrape_and_load to 2026-08-12 00:00:00+00:00, run_after=2026-08-13 00:00:00+00:00
[2026-08-12T17:10:06.565+0000] {processor.py:183} INFO - Processing /opt/airflow/dags/daily_scrape_and_load.py took 0.801 seconds
[2026-08-12T17:10:36.931+0000] {processor.py:161} INFO - Started process (PID=692) to work on /opt/airflow/dags/daily_scrape_and_load.py
[2026-08-12T17:10:36.932+0000] {processor.py:830} INFO - Processing file /opt/airflow/dags/daily_scrape_and_load.py for tasks to queue
[2026-08-12T17:10:36.933+0000] {logging_mixin.py:188} INFO - [2026-08-12T17:10:36.933+0000] {dagbag.py:545} INFO - Filling up the DagBag from /opt/airflow/dags/daily_scrape_and_load.py
[2026-08-12T17:10:37.598+0000] {processor.py:840} INFO - DAG(s) 'daily_scrape_and_load' retrieved from /opt/airflow/dags/daily_scrape_and_load.py
[2026-08-12T17:10:37.628+0000] {logging_mixin.py:188} INFO - [2026-08-12T17:10:37.628+0000] {dag.py:3096} INFO - Sync 1 DAGs
[2026-08-12T17:10:37.649+0000] {logging_mixin.py:188} INFO - [2026-08-12T17:10:37.649+0000] {dag.py:3954} INFO - Setting next_dagrun for daily_scrape_and_load to 2026-08-12 00:00:00+00:00, run_after=2026-08-13 00:00:00+00:00
[2026-08-12T17:10:37.671+0000] {processor.py:183} INFO - Processing /opt/airflow/dags/daily_scrape_and_load.py took 0.747 seconds
[2026-08-12T17:11:07.995+0000] {processor.py:161} INFO - Started process (PID=698) to work on /opt/airflow/dags/daily_scrape_and_load.py
[2026-08-12T17:11:07.996+0000] {processor.py:830} INFO - Processing file /opt/airflow/dags/daily_scrape_and_load.py for tasks to queue
[2026-08-12T17:11:07.997+0000] {logging_mixin.py:188} INFO - [2026-08-12T17:11:07.997+0000] {dagbag.py:545} INFO - Filling up the DagBag from /opt/airflow/dags/daily_scrape_and_load.py
[2026-08-12T17:11:08.657+0000] {processor.py:840} INFO - DAG(s) 'daily_scrape_and_load' retrieved from /opt/airflow/dags/daily_scrape_and_load.py
[2026-08-12T17:11:08.690+0000] {logging_mixin.py:188} INFO - [2026-08-12T17:11:08.690+0000] {dag.py:3096} INFO - Sync 1 DAGs
[2026-08-12T17:11:08.712+0000] {logging_mixin.py:188} INFO - [2026-08-12T17:11:08.712+0000] {dag.py:3954} INFO - Setting next_dagrun for daily_scrape_and_load to 2026-08-12 00:00:00+00:00, run_after=2026-08-13 00:00:00+00:00
[2026-08-12T17:11:08.735+0000] {processor.py:183} INFO - Processing /opt/airflow/dags/daily_scrape_and_load.py took 0.749 seconds
[2026-08-12T17:11:39.073+0000] {processor.py:161} INFO - Started process (PID=704) to work on /opt/airflow/dags/daily_scrape_and_load.py
[2026-08-12T17:11:39.074+0000] {processor.py:830} INFO - Processing file /opt/airflow/dags/daily_scrape_and_load.py for tasks to queue
[2026-08-12T17:11:39.076+0000] {logging_mixin.py:188} INFO - [2026-08-12T17:11:39.075+0000] {dagbag.py:545} INFO - Filling up the DagBag from /opt/airflow/dags/daily_scrape_and_load.py
[2026-08-12T17:11:39.769+0000] {processor.py:840} INFO - DAG(s) 'daily_scrape_and_load' retrieved from /opt/airflow/dags/daily_scrape_and_load.py
[2026-08-12T17:11:39.799+0000] {logging_mixin.py:188} INFO - [2026-08-12T17:11:39.799+0000] {dag.py:3096} INFO - Sync 1 DAGs
[2026-08-12T17:11:39.821+0000] {logging_mixin.py:188} INFO - [2026-08-12T17:11:39.821+0000] {dag.py:3954} INFO - Setting next_dagrun for daily_scrape_and_load to 2026-08-12 00:00:00+00:00, run_after=2026-08-13 00:00:00+00:00
[2026-08-12T17:11:39.846+0000] {processor.py:183} INFO - Processing /opt/airflow/dags/daily_scrape_and_load.py took 0.780 seconds
[2026-08-12T17:12:09.932+0000] {processor.py:161} INFO - Started process (PID=710) to work on /opt/airflow/dags/daily_scrape_and_load.py
[2026-08-12T17:12:09.933+0000] {processor.py:830} INFO - Processing file /opt/airflow/dags/daily_scrape_and_load.py for tasks to queue
[2026-08-12T17:12:09.934+0000] {logging_mixin.py:188} INFO - [2026-08-12T17:12:09.933+0000] {dagbag.py:545} INFO - Filling up the DagBag from /opt/airflow/dags/daily_scrape_and_load.py
[2026-08-12T17:12:10.576+0000] {processor.py:840} INFO - DAG(s) 'daily_scrape_and_load' retrieved from /opt/airflow/dags/daily_scrape_and_load.py
[2026-08-12T17:12:10.607+0000] {logging_mixin.py:188} INFO - [2026-08-12T17:12:10.607+0000] {dag.py:3096} INFO - Sync 1 DAGs
[2026-08-12T17:12:10.630+0000] {logging_mixin.py:188} INFO - [2026-08-12T17:12:10.630+0000] {dag.py:3954} INFO - Setting next_dagrun for daily_scrape_and_load to 2026-08-12 00:00:00+00:00, run_after=2026-08-13 00:00:00+00:00
[2026-08-12T17:12:10.653+0000] {processor.py:183} INFO - Processing /opt/airflow/dags/daily_scrape_and_load.py took 0.728 seconds
[2026-08-12T17:12:40.977+0000] {processor.py:161} INFO - Started process (PID=716) to work on /opt/airflow/dags/daily_scrape_and_load.py
[2026-08-12T17:12:40.978+0000] {processor.py:830} INFO - Processing file /opt/airflow/dags/daily_scrape_and_load.py for tasks to queue
[2026-08-12T17:12:40.980+0000] {logging_mixin.py:188} INFO - [2026-08-12T17:12:40.979+0000] {dagbag.py:545} INFO - Filling up the DagBag from /opt/airflow/dags/daily_scrape_and_load.py
[2026-08-12T17:12:41.639+0000] {processor.py:840} INFO - DAG(s) 'daily_scrape_and_load' retrieved from /opt/airflow/dags/daily_scrape_and_load.py
[2026-08-12T17:12:41.670+0000] {logging_mixin.py:188} INFO - [2026-08-12T17:12:41.670+0000] {dag.py:3096} INFO - Sync 1 DAGs
[2026-08-12T17:12:41.692+0000] {logging_mixin.py:188} INFO - [2026-08-12T17:12:41.692+0000] {dag.py:3954} INFO - Setting next_dagrun for daily_scrape_and_load to 2026-08-12 00:00:00+00:00, run_after=2026-08-13 00:00:00+00:00
[2026-08-12T17:12:41.716+0000] {processor.py:183} INFO - Processing /opt/airflow/dags/daily_scrape_and_load.py took 0.746 seconds
[2026-08-12T17:13:11.906+0000] {processor.py:161} INFO - Started process (PID=722) to work on /opt/airflow/dags/daily_scrape_and_load.py
[2026-08-12T17:13:11.906+0000] {processor.py:830} INFO - Processing file /opt/airflow/dags/daily_scrape_and_load.py for tasks to queue
[2026-08-12T17:13:11.907+0000] {logging_mixin.py:188} INFO - [2026-08-12T17:13:11.907+0000] {dagbag.py:545} INFO - Filling up the DagBag from /opt/airflow/dags/daily_scrape_and_load.py
[2026-08-12T17:13:12.559+0000] {processor.py:840} INFO - DAG(s) 'daily_scrape_and_load' retrieved from /opt/airflow/dags/daily_scrape_and_load.py
[2026-08-12T17:13:12.589+0000] {logging_mixin.py:188} INFO - [2026-08-12T17:13:12.589+0000] {dag.py:3096} INFO - Sync 1 DAGs
[2026-08-12T17:13:12.610+0000] {logging_mixin.py:188} INFO - [2026-08-12T17:13:12.610+0000] {dag.py:3954} INFO - Setting next_dagrun for daily_scrape_and_load to 2026-08-12 00:00:00+00:00, run_after=2026-08-13 00:00:00+00:00
[2026-08-12T17:13:12.632+0000] {processor.py:183} INFO - Processing /opt/airflow/dags/daily_scrape_and_load.py took 0.734 seconds
[2026-08-12T17:13:43.019+0000] {processor.py:161} INFO - Started process (PID=728) to work on /opt/airflow/dags/daily_scrape_and_load.py
[2026-08-12T17:13:43.020+0000] {processor.py:830} INFO - Processing file /opt/airflow/dags/daily_scrape_and_load.py for tasks to queue
[2026-08-12T17:13:43.021+0000] {logging_mixin.py:188} INFO - [2026-08-12T17:13:43.021+0000] {dagbag.py:545} INFO - Filling up the DagBag from /opt/airflow/dags/daily_scrape_and_load.py
[2026-08-12T17:13:43.667+0000] {processor.py:840} INFO - DAG(s) 'daily_scrape_and_load' retrieved from /opt/airflow/dags/daily_scrape_and_load.py
[2026-08-12T17:13:43.701+0000] {logging_mixin.py:188} INFO - [2026-08-12T17:13:43.701+0000] {dag.py:3096} INFO - Sync 1 DAGs
[2026-08-12T17:13:43.723+0000] {logging_mixin.py:188} INFO - [2026-08-12T17:13:43.723+0000] {dag.py:3954} INFO - Setting next_dagrun for daily_scrape_and_load to 2026-08-12 00:00:00+00:00, run_after=2026-08-13 00:00:00+00:00
[2026-08-12T17:13:43.746+0000] {processor.py:183} INFO - Processing /opt/airflow/dags/daily_scrape_and_load.py took 0.734 seconds
[2026-08-12T17:14:14.195+0000] {processor.py:161} INFO - Started process (PID=734) to work on /opt/airflow/dags/daily_scrape_and_load.py
[2026-08-12T17:14:14.195+0000] {processor.py:830} INFO - Processing file /opt/airflow/dags/daily_scrape_and_load.py for tasks to queue
[2026-08-12T17:14:14.197+0000] {logging_mixin.py:188} INFO - [2026-08-12T17:14:14.196+0000] {dagbag.py:545} INFO - Filling up the DagBag from /opt/airflow/dags/daily_scrape_and_load.py
[2026-08-12T17:14:14.833+0000] {processor.py:840} INFO - DAG(s) 'daily_scrape_and_load' retrieved from /opt/airflow/dags/daily_scrape_and_load.py
[2026-08-12T17:14:14.869+0000] {logging_mixin.py:188} INFO - [2026-08-12T17:14:14.868+0000] {dag.py:3096} INFO - Sync 1 DAGs
[2026-08-12T17:14:14.899+0000] {logging_mixin.py:188} INFO - [2026-08-12T17:14:14.898+0000] {dag.py:3954} INFO - Setting next_dagrun for daily_scrape_and_load to 2026-08-12 00:00:00+00:00, run_after=2026-08-13 00:00:00+00:00
[2026-08-12T17:14:14.923+0000] {processor.py:183} INFO - Processing /opt/airflow/dags/daily_scrape_and_load.py took 0.736 seconds
[2026-08-12T17:14:45.187+0000] {processor.py:161} INFO - Started process (PID=740) to work on /opt/airflow/dags/daily_scrape_and_load.py
[2026-08-12T17:14:45.187+0000] {processor.py:830} INFO - Processing file /opt/airflow/dags/daily_scrape_and_load.py for tasks to queue
[2026-08-12T17:14:45.188+0000] {logging_mixin.py:188} INFO - [2026-08-12T17:14:45.188+0000] {dagbag.py:545} INFO - Filling up the DagBag from /opt/airflow/dags/daily_scrape_and_load.py
[2026-08-12T17:14:45.833+0000] {processor.py:840} INFO - DAG(s) 'daily_scrape_and_load' retrieved from /opt/airflow/dags/daily_scrape_and_load.py
[2026-08-12T17:14:45.868+0000] {logging_mixin.py:188} INFO - [2026-08-12T17:14:45.867+0000] {dag.py:3096} INFO - Sync 1 DAGs
[2026-08-12T17:14:45.901+0000] {logging_mixin.py:188} INFO - [2026-08-12T17:14:45.901+0000] {dag.py:3954} INFO - Setting next_dagrun for daily_scrape_and_load to 2026-08-12 00:00:00+00:00, run_after=2026-08-13 00:00:00+00:00
[2026-08-12T17:14:45.935+0000] {processor.py:183} INFO - Processing /opt/airflow/dags/daily_scrape_and_load.py took 0.755 seconds
[2026-08-12T17:15:16.371+0000] {processor.py:161} INFO - Started process (PID=746) to work on /opt/airflow/dags/daily_scrape_and_load.py
[2026-08-12T17:15:16.371+0000] {processor.py:830} INFO - Processing file /opt/airflow/dags/daily_scrape_and_load.py for tasks to queue
[2026-08-12T17:15:16.373+0000] {logging_mixin.py:188} INFO - [2026-08-12T17:15:16.372+0000] {dagbag.py:545} INFO - Filling up the DagBag from /opt/airflow/dags/daily_scrape_and_load.py
[2026-08-12T17:15:17.004+0000] {processor.py:840} INFO - DAG(s) 'daily_scrape_and_load' retrieved from /opt/airflow/dags/daily_scrape_and_load.py
[2026-08-12T17:15:17.035+0000] {logging_mixin.py:188} INFO - [2026-08-12T17:15:17.035+0000] {dag.py:3096} INFO - Sync 1 DAGs
[2026-08-12T17:15:17.058+0000] {logging_mixin.py:188} INFO - [2026-08-12T17:15:17.058+0000] {dag.py:3954} INFO - Setting next_dagrun for daily_scrape_and_load to 2026-08-12 00:00:00+00:00, run_after=2026-08-13 00:00:00+00:00
[2026-08-12T17:15:17.081+0000] {processor.py:183} INFO - Processing /opt/airflow/dags/daily_scrape_and_load.py took 0.718 seconds
[2026-08-12T17:15:47.589+0000] {processor.py:161} INFO - Started process (PID=752) to work on /opt/airflow/dags/daily_scrape_and_load.py
[2026-08-12T17:15:47.590+0000] {processor.py:830} INFO - Processing file /opt/airflow/dags/daily_scrape_and_load.py for tasks to queue
[2026-08-12T17:15:47.591+0000] {logging_mixin.py:188} INFO - [2026-08-12T17:15:47.591+0000] {dagbag.py:545} INFO - Filling up the DagBag from /opt/airflow/dags/daily_scrape_and_load.py
[2026-08-12T17:15:48.261+0000] {processor.py:840} INFO - DAG(s) 'daily_scrape_and_load' retrieved from /opt/airflow/dags/daily_scrape_and_load.py
[2026-08-12T17:15:48.293+0000] {logging_mixin.py:188} INFO - [2026-08-12T17:15:48.293+0000] {dag.py:3096} INFO - Sync 1 DAGs
[2026-08-12T17:15:48.316+0000] {logging_mixin.py:188} INFO - [2026-08-12T17:15:48.316+0000] {dag.py:3954} INFO - Setting next_dagrun for daily_scrape_and_load to 2026-08-12 00:00:00+00:00, run_after=2026-08-13 00:00:00+00:00
[2026-08-12T17:15:48.340+0000] {processor.py:183} INFO - Processing /opt/airflow/dags/daily_scrape_and_load.py took 0.758 seconds
[2026-08-12T17:16:18.757+0000] {processor.py:161} INFO - Started process (PID=758) to work on /opt/airflow/dags/daily_scrape_and_load.py
[2026-08-12T17:16:18.758+0000] {processor.py:830} INFO - Processing file /opt/airflow/dags/daily_scrape_and_load.py for tasks to queue
[2026-08-12T17:16:18.759+0000] {logging_mixin.py:188} INFO - [2026-08-12T17:16:18.759+0000] {dagbag.py:545} INFO - Filling up the DagBag from /opt/airflow/dags/daily_scrape_and_load.py
[2026-08-12T17:16:19.403+0000] {processor.py:840} INFO - DAG(s) 'daily_scrape_and_load' retrieved from /opt/airflow/dags/daily_scrape_and_load.py
[2026-08-12T17:16:19.434+0000] {logging_mixin.py:188} INFO - [2026-08-12T17:16:19.433+0000] {dag.py:3096} INFO - Sync 1 DAGs
[2026-08-12T17:16:19.456+0000] {logging_mixin.py:188} INFO - [2026-08-12T17:16:19.455+0000] {dag.py:3954} INFO - Setting next_dagrun for daily_scrape_and_load to 2026-08-12 00:00:00+00:00, run_after=2026-08-13 00:00:00+00:00
[2026-08-12T17:16:19.479+0000] {processor.py:183} INFO - Processing /opt/airflow/dags/daily_scrape_and_load.py took 0.730 seconds
[2026-08-12T17:16:49.878+0000] {processor.py:161} INFO - Started process (PID=764) to work on /opt/airflow/dags/daily_scrape_and_load.py
[2026-08-12T17:16:49.879+0000] {processor.py:830} INFO - Processing file /opt/airflow/dags/daily_scrape_and_load.py for tasks to queue
[2026-08-12T17:16:49.880+0000] {logging_mixin.py:188} INFO - [2026-08-12T17:16:49.879+0000] {dagbag.py:545} INFO - Filling up the DagBag from /opt/airflow/dags/daily_scrape_and_load.py
[2026-08-12T17:16:50.520+0000] {processor.py:840} INFO - DAG(s) 'daily_scrape_and_load' retrieved from /opt/airflow/dags/daily_scrape_and_load.py
[2026-08-12T17:16:50.550+0000] {logging_mixin.py:188} INFO - [2026-08-12T17:16:50.550+0000] {dag.py:3096} INFO - Sync 1 DAGs
[2026-08-12T17:16:50.571+0000] {logging_mixin.py:188} INFO - [2026-08-12T17:16:50.571+0000] {dag.py:3954} INFO - Setting next_dagrun for daily_scrape_and_load to 2026-08-12 00:00:00+00:00, run_after=2026-08-13 00:00:00+00:00
[2026-08-12T17:16:50.595+0000] {processor.py:183} INFO - Processing /opt/airflow/dags/daily_scrape_and_load.py took 0.724 seconds
[2026-08-12T17:17:20.791+0000] {processor.py:161} INFO - Started process (PID=770) to work on /opt/airflow/dags/daily_scrape_and_load.py
[2026-08-12T17:17:20.792+0000] {processor.py:830} INFO - Processing file /opt/airflow/dags/daily_scrape_and_load.py for tasks to queue
[2026-08-12T17:17:20.794+0000] {logging_mixin.py:188} INFO - [2026-08-12T17:17:20.793+0000] {dagbag.py:545} INFO - Filling up the DagBag from /opt/airflow/dags/daily_scrape_and_load.py
[2026-08-12T17:17:21.485+0000] {processor.py:840} INFO - DAG(s) 'daily_scrape_and_load' retrieved from /opt/airflow/dags/daily_scrape_and_load.py
[2026-08-12T17:17:21.516+0000] {logging_mixin.py:188} INFO - [2026-08-12T17:17:21.516+0000] {dag.py:3096} INFO - Sync 1 DAGs
[2026-08-12T17:17:21.538+0000] {logging_mixin.py:188} INFO - [2026-08-12T17:17:21.537+0000] {dag.py:3954} INFO - Setting next_dagrun for daily_scrape_and_load to 2026-08-12 00:00:00+00:00, run_after=2026-08-13 00:00:00+00:00
[2026-08-12T17:17:21.561+0000] {processor.py:183} INFO - Processing /opt/airflow/dags/daily_scrape_and_load.py took 0.778 seconds
[2026-08-12T17:17:51.975+0000] {processor.py:161} INFO - Started process (PID=776) to work on /opt/airflow/dags/daily_scrape_and_load.py
[2026-08-12T17:17:51.976+0000] {processor.py:830} INFO - Processing file /opt/airflow/dags/daily_scrape_and_load.py for tasks to queue
[2026-08-12T17:17:51.978+0000] {logging_mixin.py:188} INFO - [2026-08-12T17:17:51.977+0000] {dagbag.py:545} INFO - Filling up the DagBag from /opt/airflow/dags/daily_scrape_and_load.py
[2026-08-12T17:17:52.721+0000] {processor.py:840} INFO - DAG(s) 'daily_scrape_and_load' retrieved from /opt/airflow/dags/daily_scrape_and_load.py
[2026-08-12T17:17:52.756+0000] {logging_mixin.py:188} INFO - [2026-08-12T17:17:52.756+0000] {dag.py:3096} INFO - Sync 1 DAGs
[2026-08-12T17:17:52.781+0000] {logging_mixin.py:188} INFO - [2026-08-12T17:17:52.780+0000] {dag.py:3954} INFO - Setting next_dagrun for daily_scrape_and_load to 2026-08-12 00:00:00+00:00, run_after=2026-08-13 00:00:00+00:00
[2026-08-12T17:17:52.807+0000] {processor.py:183} INFO - Processing /opt/airflow/dags/daily_scrape_and_load.py took 0.842 seconds
[2026-08-12T17:18:23.109+0000] {processor.py:161} INFO - Started process (PID=782) to work on /opt/airflow/dags/daily_scrape_and_load.py
[2026-08-12T17:18:23.110+0000] {processor.py:830} INFO - Processing file /opt/airflow/dags/daily_scrape_and_load.py for tasks to queue
[2026-08-12T17:18:23.111+0000] {logging_mixin.py:188} INFO - [2026-08-12T17:18:23.111+0000] {dagbag.py:545} INFO - Filling up the DagBag from /opt/airflow/dags/daily_scrape_and_load.py
[2026-08-12T17:18:24.008+0000] {processor.py:840} INFO - DAG(s) 'daily_scrape_and_load' retrieved from /opt/airflow/dags/daily_scrape_and_load.py
[2026-08-12T17:18:24.058+0000] {logging_mixin.py:188} INFO - [2026-08-12T17:18:24.057+0000] {dag.py:3096} INFO - Sync 1 DAGs
[2026-08-12T17:18:24.093+0000] {logging_mixin.py:188} INFO - [2026-08-12T17:18:24.092+0000] {dag.py:3954} INFO - Setting next_dagrun for daily_scrape_and_load to 2026-08-12 00:00:00+00:00, run_after=2026-08-13 00:00:00+00:00
[2026-08-12T17:18:24.123+0000] {processor.py:183} INFO - Processing /opt/airflow/dags/daily_scrape_and_load.py took 1.022 seconds
[2026-08-12T17:18:54.395+0000] {processor.py:161} INFO - Started process (PID=800) to work on /opt/airflow/dags/daily_scrape_and_load.py
[2026-08-12T17:18:54.397+0000] {processor.py:830} INFO - Processing file /opt/airflow/dags/daily_scrape_and_load.py for tasks to queue
[2026-08-12T17:18:54.398+0000] {logging_mixin.py:188} INFO - [2026-08-12T17:18:54.398+0000] {dagbag.py:545} INFO - Filling up the DagBag from /opt/airflow/dags/daily_scrape_and_load.py
[2026-08-12T17:18:55.238+0000] {processor.py:840} INFO - DAG(s) 'daily_scrape_and_load' retrieved from /opt/airflow/dags/daily_scrape_and_load.py
[2026-08-12T17:18:55.275+0000] {logging_mixin.py:188} INFO - [2026-08-12T17:18:55.275+0000] {dag.py:3096} INFO - Sync 1 DAGs
[2026-08-12T17:18:55.303+0000] {logging_mixin.py:188} INFO - [2026-08-12T17:18:55.303+0000] {dag.py:3954} INFO - Setting next_dagrun for daily_scrape_and_load to 2026-08-12 00:00:00+00:00, run_after=2026-08-13 00:00:00+00:00
[2026-08-12T17:18:55.329+0000] {processor.py:183} INFO - Processing /opt/airflow/dags/daily_scrape_and_load.py took 0.945 seconds
[2026-08-12T17:19:25.625+0000] {processor.py:161} INFO - Started process (PID=819) to work on /opt/airflow/dags/daily_scrape_and_load.py
[2026-08-12T17:19:25.626+0000] {processor.py:830} INFO - Processing file /opt/airflow/dags/daily_scrape_and_load.py for tasks to queue
[2026-08-12T17:19:25.627+0000] {logging_mixin.py:188} INFO - [2026-08-12T17:19:25.627+0000] {dagbag.py:545} INFO - Filling up the DagBag from /opt/airflow/dags/daily_scrape_and_load.py
[2026-08-12T17:19:26.399+0000] {processor.py:840} INFO - DAG(s) 'daily_scrape_and_load' retrieved from /opt/airflow/dags/daily_scrape_and_load.py
[2026-08-12T17:19:26.434+0000] {logging_mixin.py:188} INFO - [2026-08-12T17:19:26.434+0000] {dag.py:3096} INFO - Sync 1 DAGs
[2026-08-12T17:19:26.458+0000] {logging_mixin.py:188} INFO - [2026-08-12T17:19:26.458+0000] {dag.py:3954} INFO - Setting next_dagrun for daily_scrape_and_load to 2026-08-12 00:00:00+00:00, run_after=2026-08-13 00:00:00+00:00
[2026-08-12T17:19:26.481+0000] {processor.py:183} INFO - Processing /opt/airflow/dags/daily_scrape_and_load.py took 0.866 seconds
[2026-08-12T17:19:56.913+0000] {processor.py:161} INFO - Started process (PID=831) to work on /opt/airflow/dags/daily_scrape_and_load.py
[2026-08-12T17:19:56.914+0000] {processor.py:830} INFO - Processing file /opt/airflow/dags/daily_scrape_and_load.py for tasks to queue
[2026-08-12T17:19:56.915+0000] {logging_mixin.py:188} INFO - [2026-08-12T17:19:56.915+0000] {dagbag.py:545} INFO - Filling up the DagBag from /opt/airflow/dags/daily_scrape_and_load.py
[2026-08-12T17:19:57.662+0000] {processor.py:840} INFO - DAG(s) 'daily_scrape_and_load' retrieved from /opt/airflow/dags/daily_scrape_and_load.py
[2026-08-12T17:19:57.703+0000] {logging_mixin.py:188} INFO - [2026-08-12T17:19:57.702+0000] {dag.py:3096} INFO - Sync 1 DAGs
[2026-08-12T17:19:57.733+0000] {logging_mixin.py:188} INFO - [2026-08-12T17:19:57.733+0000] {dag.py:3954} INFO - Setting next_dagrun for daily_scrape_and_load to 2026-08-12 00:00:00+00:00, run_after=2026-08-13 00:00:00+00:00
[2026-08-12T17:19:57.761+0000] {processor.py:183} INFO - Processing /opt/airflow/dags/daily_scrape_and_load.py took 0.856 seconds
[2026-08-12T17:20:28.075+0000] {processor.py:161} INFO - Started process (PID=837) to work on /opt/airflow/dags/daily_scrape_and_load.py
[2026-08-12T17:20:28.076+0000] {processor.py:830} INFO - Processing file /opt/airflow/dags/daily_scrape_and_load.py for tasks to queue
[2026-08-12T17:20:28.077+0000] {logging_mixin.py:188} INFO - [2026-08-12T17:20:28.077+0000] {dagbag.py:545} INFO - Filling up the DagBag from /opt/airflow/dags/daily_scrape_and_load.py
[2026-08-12T17:20:28.931+0000] {processor.py:840} INFO - DAG(s) 'daily_scrape_and_load' retrieved from /opt/airflow/dags/daily_scrape_and_load.py
[2026-08-12T17:20:28.963+0000] {logging_mixin.py:188} INFO - [2026-08-12T17:20:28.963+0000] {dag.py:3096} INFO - Sync 1 DAGs
[2026-08-12T17:20:28.986+0000] {logging_mixin.py:188} INFO - [2026-08-12T17:20:28.986+0000] {dag.py:3954} INFO - Setting next_dagrun for daily_scrape_and_load to 2026-08-12 00:00:00+00:00, run_after=2026-08-13 00:00:00+00:00
[2026-08-12T17:20:29.008+0000] {processor.py:183} INFO - Processing /opt/airflow/dags/daily_scrape_and_load.py took 0.942 seconds
[2026-08-12T17:20:59.335+0000] {processor.py:161} INFO - Started process (PID=843) to work on /opt/airflow/dags/daily_scrape_and_load.py
[2026-08-12T17:20:59.336+0000] {processor.py:830} INFO - Processing file /opt/airflow/dags/daily_scrape_and_load.py for tasks to queue
[2026-08-12T17:20:59.337+0000] {logging_mixin.py:188} INFO - [2026-08-12T17:20:59.337+0000] {dagbag.py:545} INFO - Filling up the DagBag from /opt/airflow/dags/daily_scrape_and_load.py
[2026-08-12T17:21:00.182+0000] {processor.py:840} INFO - DAG(s) 'daily_scrape_and_load' retrieved from /opt/airflow/dags/daily_scrape_and_load.py
[2026-08-12T17:21:00.247+0000] {logging_mixin.py:188} INFO - [2026-08-12T17:21:00.246+0000] {dag.py:3096} INFO - Sync 1 DAGs
[2026-08-12T17:21:00.285+0000] {logging_mixin.py:188} INFO - [2026-08-12T17:21:00.284+0000] {dag.py:3954} INFO - Setting next_dagrun for daily_scrape_and_load to 2026-08-12 00:00:00+00:00, run_after=2026-08-13 00:00:00+00:00
[2026-08-12T17:21:00.314+0000] {processor.py:183} INFO - Processing /opt/airflow/dags/daily_scrape_and_load.py took 0.987 seconds
[2026-08-12T17:21:30.573+0000] {processor.py:161} INFO - Started process (PID=849) to work on /opt/airflow/dags/daily_scrape_and_load.py
[2026-08-12T17:21:30.573+0000] {processor.py:830} INFO - Processing file /opt/airflow/dags/daily_scrape_and_load.py for tasks to queue
[2026-08-12T17:21:30.574+0000] {logging_mixin.py:188} INFO - [2026-08-12T17:21:30.574+0000] {dagbag.py:545} INFO - Filling up the DagBag from /opt/airflow/dags/daily_scrape_and_load.py
[2026-08-12T17:21:31.221+0000] {processor.py:840} INFO - DAG(s) 'daily_scrape_and_load' retrieved from /opt/airflow/dags/daily_scrape_and_load.py
[2026-08-12T17:21:31.253+0000] {logging_mixin.py:188} INFO - [2026-08-12T17:21:31.253+0000] {dag.py:3096} INFO - Sync 1 DAGs
[2026-08-12T17:21:31.277+0000] {logging_mixin.py:188} INFO - [2026-08-12T17:21:31.277+0000] {dag.py:3954} INFO - Setting next_dagrun for daily_scrape_and_load to 2026-08-12 00:00:00+00:00, run_after=2026-08-13 00:00:00+00:00
[2026-08-12T17:21:31.300+0000] {processor.py:183} INFO - Processing /opt/airflow/dags/daily_scrape_and_load.py took 0.735 seconds
[2026-08-12T17:22:01.683+0000] {processor.py:161} INFO - Started process (PID=855) to work on /opt/airflow/dags/daily_scrape_and_load.py
[2026-08-12T17:22:01.684+0000] {processor.py:830} INFO - Processing file /opt/airflow/dags/daily_scrape_and_load.py for tasks to queue
[2026-08-12T17:22:01.685+0000] {logging_mixin.py:188} INFO - [2026-08-12T17:22:01.685+0000] {dagbag.py:545} INFO - Filling up the DagBag from /opt/airflow/dags/daily_scrape_and_load.py
[2026-08-12T17:22:02.393+0000] {processor.py:840} INFO - DAG(s) 'daily_scrape_and_load' retrieved from /opt/airflow/dags/daily_scrape_and_load.py
[2026-08-12T17:22:02.425+0000] {logging_mixin.py:188} INFO - [2026-08-12T17:22:02.425+0000] {dag.py:3096} INFO - Sync 1 DAGs
[2026-08-12T17:22:02.452+0000] {logging_mixin.py:188} INFO - [2026-08-12T17:22:02.452+0000] {dag.py:3954} INFO - Setting next_dagrun for daily_scrape_and_load to 2026-08-12 00:00:00+00:00, run_after=2026-08-13 00:00:00+00:00
[2026-08-12T17:22:02.476+0000] {processor.py:183} INFO - Processing /opt/airflow/dags/daily_scrape_and_load.py took 0.804 seconds
[2026-08-12T17:22:32.858+0000] {processor.py:161} INFO - Started process (PID=861) to work on /opt/airflow/dags/daily_scrape_and_load.py
[2026-08-12T17:22:32.860+0000] {processor.py:830} INFO - Processing file /opt/airflow/dags/daily_scrape_and_load.py for tasks to queue
[2026-08-12T17:22:32.862+0000] {logging_mixin.py:188} INFO - [2026-08-12T17:22:32.861+0000] {dagbag.py:545} INFO - Filling up the DagBag from /opt/airflow/dags/daily_scrape_and_load.py
[2026-08-12T17:22:33.698+0000] {processor.py:840} INFO - DAG(s) 'daily_scrape_and_load' retrieved from /opt/airflow/dags/daily_scrape_and_load.py
[2026-08-12T17:22:33.746+0000] {logging_mixin.py:188} INFO - [2026-08-12T17:22:33.746+0000] {dag.py:3096} INFO - Sync 1 DAGs
[2026-08-12T17:22:33.775+0000] {logging_mixin.py:188} INFO - [2026-08-12T17:22:33.774+0000] {dag.py:3954} INFO - Setting next_dagrun for daily_scrape_and_load to 2026-08-12 00:00:00+00:00, run_after=2026-08-13 00:00:00+00:00
[2026-08-12T17:22:33.799+0000] {processor.py:183} INFO - Processing /opt/airflow/dags/daily_scrape_and_load.py took 0.954 seconds
[2026-08-12T17:23:04.053+0000] {processor.py:161} INFO - Started process (PID=867) to work on /opt/airflow/dags/daily_scrape_and_load.py
[2026-08-12T17:23:04.054+0000] {processor.py:830} INFO - Processing file /opt/airflow/dags/daily_scrape_and_load.py for tasks to queue
[2026-08-12T17:23:04.056+0000] {logging_mixin.py:188} INFO - [2026-08-12T17:23:04.055+0000] {dagbag.py:545} INFO - Filling up the DagBag from /opt/airflow/dags/daily_scrape_and_load.py
[2026-08-12T17:23:05.448+0000] {processor.py:840} INFO - DAG(s) 'daily_scrape_and_load' retrieved from /opt/airflow/dags/daily_scrape_and_load.py
[2026-08-12T17:23:05.507+0000] {logging_mixin.py:188} INFO - [2026-08-12T17:23:05.507+0000] {dag.py:3096} INFO - Sync 1 DAGs
[2026-08-12T17:23:05.538+0000] {logging_mixin.py:188} INFO - [2026-08-12T17:23:05.538+0000] {dag.py:3954} INFO - Setting next_dagrun for daily_scrape_and_load to 2026-08-12 00:00:00+00:00, run_after=2026-08-13 00:00:00+00:00
[2026-08-12T17:23:05.576+0000] {processor.py:183} INFO - Processing /opt/airflow/dags/daily_scrape_and_load.py took 1.533 seconds
[2026-08-12T17:23:35.914+0000] {processor.py:161} INFO - Started process (PID=873) to work on /opt/airflow/dags/daily_scrape_and_load.py
[2026-08-12T17:23:35.916+0000] {processor.py:830} INFO - Processing file /opt/airflow/dags/daily_scrape_and_load.py for tasks to queue
[2026-08-12T17:23:35.919+0000] {logging_mixin.py:188} INFO - [2026-08-12T17:23:35.918+0000] {dagbag.py:545} INFO - Filling up the DagBag from /opt/airflow/dags/daily_scrape_and_load.py
[2026-08-12T17:23:40.696+0000] {processor.py:840} INFO - DAG(s) 'daily_scrape_and_load' retrieved from /opt/airflow/dags/daily_scrape_and_load.py
[2026-08-12T17:23:40.885+0000] {logging_mixin.py:188} INFO - [2026-08-12T17:23:40.883+0000] {dag.py:3096} INFO - Sync 1 DAGs
[2026-08-12T17:23:41.050+0000] {logging_mixin.py:188} INFO - [2026-08-12T17:23:41.049+0000] {dag.py:3954} INFO - Setting next_dagrun for daily_scrape_and_load to 2026-08-12 00:00:00+00:00, run_after=2026-08-13 00:00:00+00:00
[2026-08-12T17:23:41.131+0000] {processor.py:183} INFO - Processing /opt/airflow/dags/daily_scrape_and_load.py took 5.240 seconds
[2026-08-12T17:24:12.107+0000] {processor.py:161} INFO - Started process (PID=879) to work on /opt/airflow/dags/daily_scrape_and_load.py
[2026-08-12T17:24:12.113+0000] {processor.py:830} INFO - Processing file /opt/airflow/dags/daily_scrape_and_load.py for tasks to queue
[2026-08-12T17:24:12.123+0000] {logging_mixin.py:188} INFO - [2026-08-12T17:24:12.115+0000] {dagbag.py:545} INFO - Filling up the DagBag from /opt/airflow/dags/daily_scrape_and_load.py
[2026-08-12T17:24:19.044+0000] {processor.py:840} INFO - DAG(s) 'daily_scrape_and_load' retrieved from /opt/airflow/dags/daily_scrape_and_load.py
[2026-08-12T17:24:19.169+0000] {logging_mixin.py:188} INFO - [2026-08-12T17:24:19.168+0000] {dag.py:3096} INFO - Sync 1 DAGs
[2026-08-12T17:24:19.255+0000] {logging_mixin.py:188} INFO - [2026-08-12T17:24:19.254+0000] {dag.py:3954} INFO - Setting next_dagrun for daily_scrape_and_load to 2026-08-12 00:00:00+00:00, run_after=2026-08-13 00:00:00+00:00
[2026-08-12T17:24:19.307+0000] {processor.py:183} INFO - Processing /opt/airflow/dags/daily_scrape_and_load.py took 7.226 seconds
[2026-08-12T17:24:49.674+0000] {processor.py:161} INFO - Started process (PID=885) to work on /opt/airflow/dags/daily_scrape_and_load.py
[2026-08-12T17:24:49.679+0000] {processor.py:830} INFO - Processing file /opt/airflow/dags/daily_scrape_and_load.py for tasks to queue
[2026-08-12T17:24:49.683+0000] {logging_mixin.py:188} INFO - [2026-08-12T17:24:49.683+0000] {dagbag.py:545} INFO - Filling up the DagBag from /opt/airflow/dags/daily_scrape_and_load.py
[2026-08-12T17:24:53.512+0000] {processor.py:840} INFO - DAG(s) 'daily_scrape_and_load' retrieved from /opt/airflow/dags/daily_scrape_and_load.py
[2026-08-12T17:24:54.555+0000] {logging_mixin.py:188} INFO - [2026-08-12T17:24:54.555+0000] {dag.py:3096} INFO - Sync 1 DAGs
[2026-08-12T17:24:55.903+0000] {logging_mixin.py:188} INFO - [2026-08-12T17:24:55.903+0000] {dag.py:3954} INFO - Setting next_dagrun for daily_scrape_and_load to 2026-08-12 00:00:00+00:00, run_after=2026-08-13 00:00:00+00:00
[2026-08-12T17:24:55.947+0000] {processor.py:183} INFO - Processing /opt/airflow/dags/daily_scrape_and_load.py took 6.311 seconds
[2026-08-12T17:25:26.219+0000] {processor.py:161} INFO - Started process (PID=891) to work on /opt/airflow/dags/daily_scrape_and_load.py
[2026-08-12T17:25:26.220+0000] {processor.py:830} INFO - Processing file /opt/airflow/dags/daily_scrape_and_load.py for tasks to queue
[2026-08-12T17:25:26.222+0000] {logging_mixin.py:188} INFO - [2026-08-12T17:25:26.221+0000] {dagbag.py:545} INFO - Filling up the DagBag from /opt/airflow/dags/daily_scrape_and_load.py
[2026-08-12T17:25:27.498+0000] {processor.py:840} INFO - DAG(s) 'daily_scrape_and_load' retrieved from /opt/airflow/dags/daily_scrape_and_load.py
[2026-08-12T17:25:27.605+0000] {logging_mixin.py:188} INFO - [2026-08-12T17:25:27.605+0000] {dag.py:3096} INFO - Sync 1 DAGs
[2026-08-12T17:25:27.638+0000] {logging_mixin.py:188} INFO - [2026-08-12T17:25:27.638+0000] {dag.py:3954} INFO - Setting next_dagrun for daily_scrape_and_load to 2026-08-12 00:00:00+00:00, run_after=2026-08-13 00:00:00+00:00
[2026-08-12T17:25:27.769+0000] {processor.py:183} INFO - Processing /opt/airflow/dags/daily_scrape_and_load.py took 1.562 seconds
[2026-08-12T17:25:58.193+0000] {processor.py:161} INFO - Started process (PID=897) to work on /opt/airflow/dags/daily_scrape_and_load.py
[2026-08-12T17:25:58.209+0000] {processor.py:830} INFO - Processing file /opt/airflow/dags/daily_scrape_and_load.py for tasks to queue
[2026-08-12T17:25:58.212+0000] {logging_mixin.py:188} INFO - [2026-08-12T17:25:58.211+0000] {dagbag.py:545} INFO - Filling up the DagBag from /opt/airflow/dags/daily_scrape_and_load.py
[2026-08-12T17:26:03.087+0000] {processor.py:840} INFO - DAG(s) 'daily_scrape_and_load' retrieved from /opt/airflow/dags/daily_scrape_and_load.py
[2026-08-12T17:26:03.253+0000] {logging_mixin.py:188} INFO - [2026-08-12T17:26:03.253+0000] {dag.py:3096} INFO - Sync 1 DAGs
[2026-08-12T17:26:03.588+0000] {logging_mixin.py:188} INFO - [2026-08-12T17:26:03.587+0000] {dag.py:3954} INFO - Setting next_dagrun for daily_scrape_and_load to 2026-08-12 00:00:00+00:00, run_after=2026-08-13 00:00:00+00:00
[2026-08-12T17:26:03.668+0000] {processor.py:183} INFO - Processing /opt/airflow/dags/daily_scrape_and_load.py took 5.549 seconds
[2026-08-12T17:26:34.751+0000] {processor.py:161} INFO - Started process (PID=903) to work on /opt/airflow/dags/daily_scrape_and_load.py
[2026-08-12T17:26:34.754+0000] {processor.py:830} INFO - Processing file /opt/airflow/dags/daily_scrape_and_load.py for tasks to queue
[2026-08-12T17:26:34.759+0000] {logging_mixin.py:188} INFO - [2026-08-12T17:26:34.756+0000] {dagbag.py:545} INFO - Filling up the DagBag from /opt/airflow/dags/daily_scrape_and_load.py
[2026-08-12T17:26:35.946+0000] {processor.py:840} INFO - DAG(s) 'daily_scrape_and_load' retrieved from /opt/airflow/dags/daily_scrape_and_load.py
[2026-08-12T17:26:35.980+0000] {logging_mixin.py:188} INFO - [2026-08-12T17:26:35.980+0000] {dag.py:3096} INFO - Sync 1 DAGs
[2026-08-12T17:26:36.004+0000] {logging_mixin.py:188} INFO - [2026-08-12T17:26:36.004+0000] {dag.py:3954} INFO - Setting next_dagrun for daily_scrape_and_load to 2026-08-12 00:00:00+00:00, run_after=2026-08-13 00:00:00+00:00
[2026-08-12T17:26:36.027+0000] {processor.py:183} INFO - Processing /opt/airflow/dags/daily_scrape_and_load.py took 1.293 seconds
[2026-08-12T17:27:06.118+0000] {processor.py:161} INFO - Started process (PID=909) to work on /opt/airflow/dags/daily_scrape_and_load.py
[2026-08-12T17:27:06.119+0000] {processor.py:830} INFO - Processing file /opt/airflow/dags/daily_scrape_and_load.py for tasks to queue
[2026-08-12T17:27:06.120+0000] {logging_mixin.py:188} INFO - [2026-08-12T17:27:06.120+0000] {dagbag.py:545} INFO - Filling up the DagBag from /opt/airflow/dags/daily_scrape_and_load.py
[2026-08-12T17:27:06.841+0000] {processor.py:840} INFO - DAG(s) 'daily_scrape_and_load' retrieved from /opt/airflow/dags/daily_scrape_and_load.py
[2026-08-12T17:27:06.873+0000] {logging_mixin.py:188} INFO - [2026-08-12T17:27:06.872+0000] {dag.py:3096} INFO - Sync 1 DAGs
[2026-08-12T17:27:06.895+0000] {logging_mixin.py:188} INFO - [2026-08-12T17:27:06.895+0000] {dag.py:3954} INFO - Setting next_dagrun for daily_scrape_and_load to 2026-08-12 00:00:00+00:00, run_after=2026-08-13 00:00:00+00:00
[2026-08-12T17:27:06.919+0000] {processor.py:183} INFO - Processing /opt/airflow/dags/daily_scrape_and_load.py took 0.808 seconds
[2026-08-12T17:27:37.259+0000] {processor.py:161} INFO - Started process (PID=915) to work on /opt/airflow/dags/daily_scrape_and_load.py
[2026-08-12T17:27:37.260+0000] {processor.py:830} INFO - Processing file /opt/airflow/dags/daily_scrape_and_load.py for tasks to queue
[2026-08-12T17:27:37.261+0000] {logging_mixin.py:188} INFO - [2026-08-12T17:27:37.261+0000] {dagbag.py:545} INFO - Filling up the DagBag from /opt/airflow/dags/daily_scrape_and_load.py
[2026-08-12T17:27:37.963+0000] {processor.py:840} INFO - DAG(s) 'daily_scrape_and_load' retrieved from /opt/airflow/dags/daily_scrape_and_load.py
[2026-08-12T17:27:37.999+0000] {logging_mixin.py:188} INFO - [2026-08-12T17:27:37.998+0000] {dag.py:3096} INFO - Sync 1 DAGs
[2026-08-12T17:27:38.022+0000] {logging_mixin.py:188} INFO - [2026-08-12T17:27:38.021+0000] {dag.py:3954} INFO - Setting next_dagrun for daily_scrape_and_load to 2026-08-12 00:00:00+00:00, run_after=2026-08-13 00:00:00+00:00
[2026-08-12T17:27:38.044+0000] {processor.py:183} INFO - Processing /opt/airflow/dags/daily_scrape_and_load.py took 0.792 seconds
[2026-08-12T17:28:08.411+0000] {processor.py:161} INFO - Started process (PID=921) to work on /opt/airflow/dags/daily_scrape_and_load.py
[2026-08-12T17:28:08.412+0000] {processor.py:830} INFO - Processing file /opt/airflow/dags/daily_scrape_and_load.py for tasks to queue
[2026-08-12T17:28:08.413+0000] {logging_mixin.py:188} INFO - [2026-08-12T17:28:08.412+0000] {dagbag.py:545} INFO - Filling up the DagBag from /opt/airflow/dags/daily_scrape_and_load.py
[2026-08-12T17:28:09.113+0000] {processor.py:840} INFO - DAG(s) 'daily_scrape_and_load' retrieved from /opt/airflow/dags/daily_scrape_and_load.py
[2026-08-12T17:28:09.146+0000] {logging_mixin.py:188} INFO - [2026-08-12T17:28:09.146+0000] {dag.py:3096} INFO - Sync 1 DAGs
[2026-08-12T17:28:09.167+0000] {logging_mixin.py:188} INFO - [2026-08-12T17:28:09.167+0000] {dag.py:3954} INFO - Setting next_dagrun for daily_scrape_and_load to 2026-08-12 00:00:00+00:00, run_after=2026-08-13 00:00:00+00:00
[2026-08-12T17:28:09.189+0000] {processor.py:183} INFO - Processing /opt/airflow/dags/daily_scrape_and_load.py took 0.786 seconds
[2026-08-12T17:28:39.330+0000] {processor.py:161} INFO - Started process (PID=927) to work on /opt/airflow/dags/daily_scrape_and_load.py
[2026-08-12T17:28:39.331+0000] {processor.py:830} INFO - Processing file /opt/airflow/dags/daily_scrape_and_load.py for tasks to queue
[2026-08-12T17:28:39.332+0000] {logging_mixin.py:188} INFO - [2026-08-12T17:28:39.332+0000] {dagbag.py:545} INFO - Filling up the DagBag from /opt/airflow/dags/daily_scrape_and_load.py
[2026-08-12T17:28:39.984+0000] {processor.py:840} INFO - DAG(s) 'daily_scrape_and_load' retrieved from /opt/airflow/dags/daily_scrape_and_load.py
[2026-08-12T17:28:40.014+0000] {logging_mixin.py:188} INFO - [2026-08-12T17:28:40.014+0000] {dag.py:3096} INFO - Sync 1 DAGs
[2026-08-12T17:28:40.037+0000] {logging_mixin.py:188} INFO - [2026-08-12T17:28:40.036+0000] {dag.py:3954} INFO - Setting next_dagrun for daily_scrape_and_load to 2026-08-12 00:00:00+00:00, run_after=2026-08-13 00:00:00+00:00
[2026-08-12T17:28:40.060+0000] {processor.py:183} INFO - Processing /opt/airflow/dags/daily_scrape_and_load.py took 0.738 seconds
[2026-08-12T17:29:10.428+0000] {processor.py:161} INFO - Started process (PID=933) to work on /opt/airflow/dags/daily_scrape_and_load.py
[2026-08-12T17:29:10.429+0000] {processor.py:830} INFO - Processing file /opt/airflow/dags/daily_scrape_and_load.py for tasks to queue
[2026-08-12T17:29:10.430+0000] {logging_mixin.py:188} INFO - [2026-08-12T17:29:10.430+0000] {dagbag.py:545} INFO - Filling up the DagBag from /opt/airflow/dags/daily_scrape_and_load.py
[2026-08-12T17:29:11.215+0000] {processor.py:840} INFO - DAG(s) 'daily_scrape_and_load' retrieved from /opt/airflow/dags/daily_scrape_and_load.py
[2026-08-12T17:29:11.254+0000] {logging_mixin.py:188} INFO - [2026-08-12T17:29:11.254+0000] {dag.py:3096} INFO - Sync 1 DAGs
[2026-08-12T17:29:11.283+0000] {logging_mixin.py:188} INFO - [2026-08-12T17:29:11.283+0000] {dag.py:3954} INFO - Setting next_dagrun for daily_scrape_and_load to 2026-08-12 00:00:00+00:00, run_after=2026-08-13 00:00:00+00:00
[2026-08-12T17:29:11.313+0000] {processor.py:183} INFO - Processing /opt/airflow/dags/daily_scrape_and_load.py took 0.892 seconds
[2026-08-12T17:30:26.760+0000] {processor.py:161} INFO - Started process (PID=164) to work on /opt/airflow/dags/daily_scrape_and_load.py
[2026-08-12T17:30:26.762+0000] {processor.py:830} INFO - Processing file /opt/airflow/dags/daily_scrape_and_load.py for tasks to queue
[2026-08-12T17:30:26.768+0000] {logging_mixin.py:188} INFO - [2026-08-12T17:30:26.765+0000] {dagbag.py:545} INFO - Filling up the DagBag from /opt/airflow/dags/daily_scrape_and_load.py
[2026-08-12T17:30:29.529+0000] {processor.py:840} INFO - DAG(s) 'daily_scrape_and_load' retrieved from /opt/airflow/dags/daily_scrape_and_load.py
[2026-08-12T17:30:30.446+0000] {logging_mixin.py:188} INFO - [2026-08-12T17:30:30.445+0000] {dag.py:3096} INFO - Sync 1 DAGs
[2026-08-12T17:30:30.503+0000] {logging_mixin.py:188} INFO - [2026-08-12T17:30:30.502+0000] {dag.py:3954} INFO - Setting next_dagrun for daily_scrape_and_load to 2026-08-12 00:00:00+00:00, run_after=2026-08-13 00:00:00+00:00
[2026-08-12T17:30:30.555+0000] {processor.py:183} INFO - Processing /opt/airflow/dags/daily_scrape_and_load.py took 3.850 seconds
[2026-08-12T17:31:01.122+0000] {processor.py:161} INFO - Started process (PID=170) to work on /opt/airflow/dags/daily_scrape_and_load.py
[2026-08-12T17:31:01.123+0000] {processor.py:830} INFO - Processing file /opt/airflow/dags/daily_scrape_and_load.py for tasks to queue
[2026-08-12T17:31:01.126+0000] {logging_mixin.py:188} INFO - [2026-08-12T17:31:01.125+0000] {dagbag.py:545} INFO - Filling up the DagBag from /opt/airflow/dags/daily_scrape_and_load.py
[2026-08-12T17:31:02.551+0000] {processor.py:840} INFO - DAG(s) 'daily_scrape_and_load' retrieved from /opt/airflow/dags/daily_scrape_and_load.py
[2026-08-12T17:31:03.595+0000] {logging_mixin.py:188} INFO - [2026-08-12T17:31:03.594+0000] {dag.py:3096} INFO - Sync 1 DAGs
[2026-08-12T17:31:03.711+0000] {logging_mixin.py:188} INFO - [2026-08-12T17:31:03.710+0000] {dag.py:3954} INFO - Setting next_dagrun for daily_scrape_and_load to 2026-08-12 00:00:00+00:00, run_after=2026-08-13 00:00:00+00:00
[2026-08-12T17:31:03.800+0000] {processor.py:183} INFO - Processing /opt/airflow/dags/daily_scrape_and_load.py took 2.697 seconds
[2026-08-12T17:31:34.184+0000] {processor.py:161} INFO - Started process (PID=176) to work on /opt/airflow/dags/daily_scrape_and_load.py
[2026-08-12T17:31:34.186+0000] {processor.py:830} INFO - Processing file /opt/airflow/dags/daily_scrape_and_load.py for tasks to queue
[2026-08-12T17:31:34.188+0000] {logging_mixin.py:188} INFO - [2026-08-12T17:31:34.187+0000] {dagbag.py:545} INFO - Filling up the DagBag from /opt/airflow/dags/daily_scrape_and_load.py
[2026-08-12T17:31:35.135+0000] {processor.py:840} INFO - DAG(s) 'daily_scrape_and_load' retrieved from /opt/airflow/dags/daily_scrape_and_load.py
[2026-08-12T17:31:35.197+0000] {logging_mixin.py:188} INFO - [2026-08-12T17:31:35.196+0000] {dag.py:3096} INFO - Sync 1 DAGs
[2026-08-12T17:31:35.251+0000] {logging_mixin.py:188} INFO - [2026-08-12T17:31:35.251+0000] {dag.py:3954} INFO - Setting next_dagrun for daily_scrape_and_load to 2026-08-12 00:00:00+00:00, run_after=2026-08-13 00:00:00+00:00
[2026-08-12T17:31:35.284+0000] {processor.py:183} INFO - Processing /opt/airflow/dags/daily_scrape_and_load.py took 1.115 seconds
[2026-08-12T17:32:05.491+0000] {processor.py:161} INFO - Started process (PID=182) to work on /opt/airflow/dags/daily_scrape_and_load.py
[2026-08-12T17:32:05.492+0000] {processor.py:830} INFO - Processing file /opt/airflow/dags/daily_scrape_and_load.py for tasks to queue
[2026-08-12T17:32:05.493+0000] {logging_mixin.py:188} INFO - [2026-08-12T17:32:05.493+0000] {dagbag.py:545} INFO - Filling up the DagBag from /opt/airflow/dags/daily_scrape_and_load.py
[2026-08-12T17:32:06.302+0000] {processor.py:840} INFO - DAG(s) 'daily_scrape_and_load' retrieved from /opt/airflow/dags/daily_scrape_and_load.py
[2026-08-12T17:32:06.384+0000] {logging_mixin.py:188} INFO - [2026-08-12T17:32:06.383+0000] {dag.py:3096} INFO - Sync 1 DAGs
[2026-08-12T17:32:06.418+0000] {logging_mixin.py:188} INFO - [2026-08-12T17:32:06.418+0000] {dag.py:3954} INFO - Setting next_dagrun for daily_scrape_and_load to 2026-08-12 00:00:00+00:00, run_after=2026-08-13 00:00:00+00:00
[2026-08-12T17:32:06.448+0000] {processor.py:183} INFO - Processing /opt/airflow/dags/daily_scrape_and_load.py took 0.969 seconds
[2026-08-12T17:32:36.739+0000] {processor.py:161} INFO - Started process (PID=195) to work on /opt/airflow/dags/daily_scrape_and_load.py
[2026-08-12T17:32:36.740+0000] {processor.py:830} INFO - Processing file /opt/airflow/dags/daily_scrape_and_load.py for tasks to queue
[2026-08-12T17:32:36.742+0000] {logging_mixin.py:188} INFO - [2026-08-12T17:32:36.741+0000] {dagbag.py:545} INFO - Filling up the DagBag from /opt/airflow/dags/daily_scrape_and_load.py
[2026-08-12T17:32:37.410+0000] {processor.py:840} INFO - DAG(s) 'daily_scrape_and_load' retrieved from /opt/airflow/dags/daily_scrape_and_load.py
[2026-08-12T17:32:37.446+0000] {logging_mixin.py:188} INFO - [2026-08-12T17:32:37.446+0000] {dag.py:3096} INFO - Sync 1 DAGs
[2026-08-12T17:32:37.471+0000] {logging_mixin.py:188} INFO - [2026-08-12T17:32:37.471+0000] {dag.py:3954} INFO - Setting next_dagrun for daily_scrape_and_load to 2026-08-12 00:00:00+00:00, run_after=2026-08-13 00:00:00+00:00
[2026-08-12T17:32:37.495+0000] {processor.py:183} INFO - Processing /opt/airflow/dags/daily_scrape_and_load.py took 0.763 seconds
[2026-08-12T17:33:07.888+0000] {processor.py:161} INFO - Started process (PID=201) to work on /opt/airflow/dags/daily_scrape_and_load.py
[2026-08-12T17:33:07.889+0000] {processor.py:830} INFO - Processing file /opt/airflow/dags/daily_scrape_and_load.py for tasks to queue
[2026-08-12T17:33:07.891+0000] {logging_mixin.py:188} INFO - [2026-08-12T17:33:07.890+0000] {dagbag.py:545} INFO - Filling up the DagBag from /opt/airflow/dags/daily_scrape_and_load.py
[2026-08-12T17:33:08.640+0000] {processor.py:840} INFO - DAG(s) 'daily_scrape_and_load' retrieved from /opt/airflow/dags/daily_scrape_and_load.py
[2026-08-12T17:33:08.730+0000] {logging_mixin.py:188} INFO - [2026-08-12T17:33:08.729+0000] {dag.py:3096} INFO - Sync 1 DAGs
[2026-08-12T17:33:09.017+0000] {logging_mixin.py:188} INFO - [2026-08-12T17:33:09.016+0000] {dag.py:3954} INFO - Setting next_dagrun for daily_scrape_and_load to 2026-08-12 00:00:00+00:00, run_after=2026-08-13 00:00:00+00:00
[2026-08-12T17:33:09.050+0000] {processor.py:183} INFO - Processing /opt/airflow/dags/daily_scrape_and_load.py took 1.175 seconds
[2026-08-12T17:33:39.794+0000] {processor.py:161} INFO - Started process (PID=210) to work on /opt/airflow/dags/daily_scrape_and_load.py
[2026-08-12T17:33:39.808+0000] {processor.py:830} INFO - Processing file /opt/airflow/dags/daily_scrape_and_load.py for tasks to queue
[2026-08-12T17:33:39.819+0000] {logging_mixin.py:188} INFO - [2026-08-12T17:33:39.816+0000] {dagbag.py:545} INFO - Filling up the DagBag from /opt/airflow/dags/daily_scrape_and_load.py
[2026-08-12T17:33:43.365+0000] {processor.py:840} INFO - DAG(s) 'daily_scrape_and_load' retrieved from /opt/airflow/dags/daily_scrape_and_load.py
[2026-08-12T17:33:44.010+0000] {logging_mixin.py:188} INFO - [2026-08-12T17:33:44.010+0000] {dag.py:3096} INFO - Sync 1 DAGs
[2026-08-12T17:33:44.067+0000] {logging_mixin.py:188} INFO - [2026-08-12T17:33:44.067+0000] {dag.py:3954} INFO - Setting next_dagrun for daily_scrape_and_load to 2026-08-12 00:00:00+00:00, run_after=2026-08-13 00:00:00+00:00
[2026-08-12T17:33:44.128+0000] {processor.py:183} INFO - Processing /opt/airflow/dags/daily_scrape_and_load.py took 4.657 seconds
[2026-08-12T17:34:14.408+0000] {processor.py:161} INFO - Started process (PID=244) to work on /opt/airflow/dags/daily_scrape_and_load.py
[2026-08-12T17:34:14.410+0000] {processor.py:830} INFO - Processing file /opt/airflow/dags/daily_scrape_and_load.py for tasks to queue
[2026-08-12T17:34:14.411+0000] {logging_mixin.py:188} INFO - [2026-08-12T17:34:14.411+0000] {dagbag.py:545} INFO - Filling up the DagBag from /opt/airflow/dags/daily_scrape_and_load.py
[2026-08-12T17:34:15.212+0000] {processor.py:840} INFO - DAG(s) 'daily_scrape_and_load' retrieved from /opt/airflow/dags/daily_scrape_and_load.py
[2026-08-12T17:34:15.258+0000] {logging_mixin.py:188} INFO - [2026-08-12T17:34:15.257+0000] {dag.py:3096} INFO - Sync 1 DAGs
[2026-08-12T17:34:15.286+0000] {logging_mixin.py:188} INFO - [2026-08-12T17:34:15.286+0000] {dag.py:3954} INFO - Setting next_dagrun for daily_scrape_and_load to 2026-08-12 00:00:00+00:00, run_after=2026-08-13 00:00:00+00:00
[2026-08-12T17:34:15.313+0000] {processor.py:183} INFO - Processing /opt/airflow/dags/daily_scrape_and_load.py took 0.912 seconds
[2026-08-12T17:34:45.756+0000] {processor.py:161} INFO - Started process (PID=250) to work on /opt/airflow/dags/daily_scrape_and_load.py
[2026-08-12T17:34:45.757+0000] {processor.py:830} INFO - Processing file /opt/airflow/dags/daily_scrape_and_load.py for tasks to queue
[2026-08-12T17:34:45.758+0000] {logging_mixin.py:188} INFO - [2026-08-12T17:34:45.758+0000] {dagbag.py:545} INFO - Filling up the DagBag from /opt/airflow/dags/daily_scrape_and_load.py
[2026-08-12T17:34:46.443+0000] {processor.py:840} INFO - DAG(s) 'daily_scrape_and_load' retrieved from /opt/airflow/dags/daily_scrape_and_load.py
[2026-08-12T17:34:46.474+0000] {logging_mixin.py:188} INFO - [2026-08-12T17:34:46.474+0000] {dag.py:3096} INFO - Sync 1 DAGs
[2026-08-12T17:34:46.503+0000] {logging_mixin.py:188} INFO - [2026-08-12T17:34:46.503+0000] {dag.py:3954} INFO - Setting next_dagrun for daily_scrape_and_load to 2026-08-12 00:00:00+00:00, run_after=2026-08-13 00:00:00+00:00
[2026-08-12T17:34:46.532+0000] {processor.py:183} INFO - Processing /opt/airflow/dags/daily_scrape_and_load.py took 0.784 seconds
[2026-08-12T17:35:16.803+0000] {processor.py:161} INFO - Started process (PID=256) to work on /opt/airflow/dags/daily_scrape_and_load.py
[2026-08-12T17:35:16.805+0000] {processor.py:830} INFO - Processing file /opt/airflow/dags/daily_scrape_and_load.py for tasks to queue
[2026-08-12T17:35:16.807+0000] {logging_mixin.py:188} INFO - [2026-08-12T17:35:16.806+0000] {dagbag.py:545} INFO - Filling up the DagBag from /opt/airflow/dags/daily_scrape_and_load.py
[2026-08-12T17:35:19.561+0000] {processor.py:840} INFO - DAG(s) 'daily_scrape_and_load' retrieved from /opt/airflow/dags/daily_scrape_and_load.py
[2026-08-12T17:35:19.690+0000] {logging_mixin.py:188} INFO - [2026-08-12T17:35:19.689+0000] {dag.py:3096} INFO - Sync 1 DAGs
[2026-08-12T17:35:19.742+0000] {logging_mixin.py:188} INFO - [2026-08-12T17:35:19.742+0000] {dag.py:3954} INFO - Setting next_dagrun for daily_scrape_and_load to 2026-08-12 00:00:00+00:00, run_after=2026-08-13 00:00:00+00:00
[2026-08-12T17:35:19.776+0000] {processor.py:183} INFO - Processing /opt/airflow/dags/daily_scrape_and_load.py took 2.987 seconds
[2026-08-12T17:35:50.272+0000] {processor.py:161} INFO - Started process (PID=262) to work on /opt/airflow/dags/daily_scrape_and_load.py
[2026-08-12T17:35:50.274+0000] {processor.py:830} INFO - Processing file /opt/airflow/dags/daily_scrape_and_load.py for tasks to queue
[2026-08-12T17:35:50.276+0000] {logging_mixin.py:188} INFO - [2026-08-12T17:35:50.275+0000] {dagbag.py:545} INFO - Filling up the DagBag from /opt/airflow/dags/daily_scrape_and_load.py
[2026-08-12T17:35:51.209+0000] {processor.py:840} INFO - DAG(s) 'daily_scrape_and_load' retrieved from /opt/airflow/dags/daily_scrape_and_load.py
[2026-08-12T17:35:51.246+0000] {logging_mixin.py:188} INFO - [2026-08-12T17:35:51.245+0000] {dag.py:3096} INFO - Sync 1 DAGs
[2026-08-12T17:35:51.274+0000] {logging_mixin.py:188} INFO - [2026-08-12T17:35:51.273+0000] {dag.py:3954} INFO - Setting next_dagrun for daily_scrape_and_load to 2026-08-12 00:00:00+00:00, run_after=2026-08-13 00:00:00+00:00
[2026-08-12T17:35:51.300+0000] {processor.py:183} INFO - Processing /opt/airflow/dags/daily_scrape_and_load.py took 1.040 seconds
[2026-08-12T17:36:21.530+0000] {processor.py:161} INFO - Started process (PID=268) to work on /opt/airflow/dags/daily_scrape_and_load.py
[2026-08-12T17:36:21.531+0000] {processor.py:830} INFO - Processing file /opt/airflow/dags/daily_scrape_and_load.py for tasks to queue
[2026-08-12T17:36:21.532+0000] {logging_mixin.py:188} INFO - [2026-08-12T17:36:21.532+0000] {dagbag.py:545} INFO - Filling up the DagBag from /opt/airflow/dags/daily_scrape_and_load.py
[2026-08-12T17:36:24.048+0000] {processor.py:840} INFO - DAG(s) 'daily_scrape_and_load' retrieved from /opt/airflow/dags/daily_scrape_and_load.py
[2026-08-12T17:36:26.665+0000] {logging_mixin.py:188} INFO - [2026-08-12T17:36:26.665+0000] {dag.py:3096} INFO - Sync 1 DAGs
[2026-08-12T17:36:26.818+0000] {logging_mixin.py:188} INFO - [2026-08-12T17:36:26.817+0000] {dag.py:3954} INFO - Setting next_dagrun for daily_scrape_and_load to 2026-08-12 00:00:00+00:00, run_after=2026-08-13 00:00:00+00:00
[2026-08-12T17:36:26.911+0000] {processor.py:183} INFO - Processing /opt/airflow/dags/daily_scrape_and_load.py took 5.390 seconds
[2026-08-12T17:36:57.246+0000] {processor.py:161} INFO - Started process (PID=274) to work on /opt/airflow/dags/daily_scrape_and_load.py
[2026-08-12T17:36:57.247+0000] {processor.py:830} INFO - Processing file /opt/airflow/dags/daily_scrape_and_load.py for tasks to queue
[2026-08-12T17:36:57.250+0000] {logging_mixin.py:188} INFO - [2026-08-12T17:36:57.249+0000] {dagbag.py:545} INFO - Filling up the DagBag from /opt/airflow/dags/daily_scrape_and_load.py
[2026-08-12T17:36:58.133+0000] {processor.py:840} INFO - DAG(s) 'daily_scrape_and_load' retrieved from /opt/airflow/dags/daily_scrape_and_load.py
[2026-08-12T17:36:58.179+0000] {logging_mixin.py:188} INFO - [2026-08-12T17:36:58.179+0000] {dag.py:3096} INFO - Sync 1 DAGs
[2026-08-12T17:36:58.204+0000] {logging_mixin.py:188} INFO - [2026-08-12T17:36:58.203+0000] {dag.py:3954} INFO - Setting next_dagrun for daily_scrape_and_load to 2026-08-12 00:00:00+00:00, run_after=2026-08-13 00:00:00+00:00
[2026-08-12T17:36:58.227+0000] {processor.py:183} INFO - Processing /opt/airflow/dags/daily_scrape_and_load.py took 0.997 seconds
[2026-08-12T17:37:28.603+0000] {processor.py:161} INFO - Started process (PID=280) to work on /opt/airflow/dags/daily_scrape_and_load.py
[2026-08-12T17:37:28.604+0000] {processor.py:830} INFO - Processing file /opt/airflow/dags/daily_scrape_and_load.py for tasks to queue
[2026-08-12T17:37:28.606+0000] {logging_mixin.py:188} INFO - [2026-08-12T17:37:28.606+0000] {dagbag.py:545} INFO - Filling up the DagBag from /opt/airflow/dags/daily_scrape_and_load.py
[2026-08-12T17:37:32.910+0000] {processor.py:840} INFO - DAG(s) 'daily_scrape_and_load' retrieved from /opt/airflow/dags/daily_scrape_and_load.py
[2026-08-12T17:37:33.040+0000] {logging_mixin.py:188} INFO - [2026-08-12T17:37:33.040+0000] {dag.py:3096} INFO - Sync 1 DAGs
[2026-08-12T17:37:33.094+0000] {logging_mixin.py:188} INFO - [2026-08-12T17:37:33.093+0000] {dag.py:3954} INFO - Setting next_dagrun for daily_scrape_and_load to 2026-08-12 00:00:00+00:00, run_after=2026-08-13 00:00:00+00:00
[2026-08-12T17:37:33.141+0000] {processor.py:183} INFO - Processing /opt/airflow/dags/daily_scrape_and_load.py took 4.587 seconds
[2026-08-12T17:38:03.693+0000] {processor.py:161} INFO - Started process (PID=286) to work on /opt/airflow/dags/daily_scrape_and_load.py
[2026-08-12T17:38:03.695+0000] {processor.py:830} INFO - Processing file /opt/airflow/dags/daily_scrape_and_load.py for tasks to queue
[2026-08-12T17:38:03.699+0000] {logging_mixin.py:188} INFO - [2026-08-12T17:38:03.696+0000] {dagbag.py:545} INFO - Filling up the DagBag from /opt/airflow/dags/daily_scrape_and_load.py
[2026-08-12T17:38:08.955+0000] {processor.py:840} INFO - DAG(s) 'daily_scrape_and_load' retrieved from /opt/airflow/dags/daily_scrape_and_load.py
[2026-08-12T17:38:09.184+0000] {logging_mixin.py:188} INFO - [2026-08-12T17:38:09.183+0000] {dag.py:3096} INFO - Sync 1 DAGs
[2026-08-12T17:38:09.280+0000] {logging_mixin.py:188} INFO - [2026-08-12T17:38:09.280+0000] {dag.py:3954} INFO - Setting next_dagrun for daily_scrape_and_load to 2026-08-12 00:00:00+00:00, run_after=2026-08-13 00:00:00+00:00
[2026-08-12T17:38:09.357+0000] {processor.py:183} INFO - Processing /opt/airflow/dags/daily_scrape_and_load.py took 5.793 seconds
[2026-08-12T17:38:39.738+0000] {processor.py:161} INFO - Started process (PID=292) to work on /opt/airflow/dags/daily_scrape_and_load.py
[2026-08-12T17:38:39.739+0000] {processor.py:830} INFO - Processing file /opt/airflow/dags/daily_scrape_and_load.py for tasks to queue
[2026-08-12T17:38:39.741+0000] {logging_mixin.py:188} INFO - [2026-08-12T17:38:39.740+0000] {dagbag.py:545} INFO - Filling up the DagBag from /opt/airflow/dags/daily_scrape_and_load.py
[2026-08-12T17:38:40.387+0000] {processor.py:840} INFO - DAG(s) 'daily_scrape_and_load' retrieved from /opt/airflow/dags/daily_scrape_and_load.py
[2026-08-12T17:38:40.420+0000] {logging_mixin.py:188} INFO - [2026-08-12T17:38:40.420+0000] {dag.py:3096} INFO - Sync 1 DAGs
[2026-08-12T17:38:40.448+0000] {logging_mixin.py:188} INFO - [2026-08-12T17:38:40.448+0000] {dag.py:3954} INFO - Setting next_dagrun for daily_scrape_and_load to 2026-08-12 00:00:00+00:00, run_after=2026-08-13 00:00:00+00:00
[2026-08-12T17:38:40.472+0000] {processor.py:183} INFO - Processing /opt/airflow/dags/daily_scrape_and_load.py took 0.743 seconds
[2026-08-12T17:39:10.706+0000] {processor.py:161} INFO - Started process (PID=302) to work on /opt/airflow/dags/daily_scrape_and_load.py
[2026-08-12T17:39:10.712+0000] {processor.py:830} INFO - Processing file /opt/airflow/dags/daily_scrape_and_load.py for tasks to queue
[2026-08-12T17:39:10.720+0000] {logging_mixin.py:188} INFO - [2026-08-12T17:39:10.717+0000] {dagbag.py:545} INFO - Filling up the DagBag from /opt/airflow/dags/daily_scrape_and_load.py
[2026-08-12T17:39:13.491+0000] {processor.py:840} INFO - DAG(s) 'daily_scrape_and_load' retrieved from /opt/airflow/dags/daily_scrape_and_load.py
[2026-08-12T17:39:16.621+0000] {logging_mixin.py:188} INFO - [2026-08-12T17:39:16.621+0000] {dag.py:3096} INFO - Sync 1 DAGs
[2026-08-12T17:39:16.752+0000] {logging_mixin.py:188} INFO - [2026-08-12T17:39:16.750+0000] {dag.py:3954} INFO - Setting next_dagrun for daily_scrape_and_load to 2026-08-12 00:00:00+00:00, run_after=2026-08-13 00:00:00+00:00
[2026-08-12T17:39:16.842+0000] {processor.py:183} INFO - Processing /opt/airflow/dags/daily_scrape_and_load.py took 6.246 seconds
[2026-08-12T17:39:47.126+0000] {processor.py:161} INFO - Started process (PID=321) to work on /opt/airflow/dags/daily_scrape_and_load.py
[2026-08-12T17:39:47.127+0000] {processor.py:830} INFO - Processing file /opt/airflow/dags/daily_scrape_and_load.py for tasks to queue
[2026-08-12T17:39:47.130+0000] {logging_mixin.py:188} INFO - [2026-08-12T17:39:47.129+0000] {dagbag.py:545} INFO - Filling up the DagBag from /opt/airflow/dags/daily_scrape_and_load.py
[2026-08-12T17:39:47.911+0000] {processor.py:840} INFO - DAG(s) 'daily_scrape_and_load' retrieved from /opt/airflow/dags/daily_scrape_and_load.py
[2026-08-12T17:39:47.956+0000] {logging_mixin.py:188} INFO - [2026-08-12T17:39:47.956+0000] {dag.py:3096} INFO - Sync 1 DAGs
[2026-08-12T17:39:47.981+0000] {logging_mixin.py:188} INFO - [2026-08-12T17:39:47.981+0000] {dag.py:3954} INFO - Setting next_dagrun for daily_scrape_and_load to 2026-08-12 00:00:00+00:00, run_after=2026-08-13 00:00:00+00:00
[2026-08-12T17:39:48.005+0000] {processor.py:183} INFO - Processing /opt/airflow/dags/daily_scrape_and_load.py took 0.889 seconds
[2026-08-12T17:40:18.774+0000] {processor.py:161} INFO - Started process (PID=327) to work on /opt/airflow/dags/daily_scrape_and_load.py
[2026-08-12T17:40:18.777+0000] {processor.py:830} INFO - Processing file /opt/airflow/dags/daily_scrape_and_load.py for tasks to queue
[2026-08-12T17:40:18.782+0000] {logging_mixin.py:188} INFO - [2026-08-12T17:40:18.780+0000] {dagbag.py:545} INFO - Filling up the DagBag from /opt/airflow/dags/daily_scrape_and_load.py
[2026-08-12T17:40:20.695+0000] {processor.py:840} INFO - DAG(s) 'daily_scrape_and_load' retrieved from /opt/airflow/dags/daily_scrape_and_load.py
[2026-08-12T17:40:20.792+0000] {logging_mixin.py:188} INFO - [2026-08-12T17:40:20.792+0000] {dag.py:3096} INFO - Sync 1 DAGs
[2026-08-12T17:40:20.857+0000] {logging_mixin.py:188} INFO - [2026-08-12T17:40:20.857+0000] {dag.py:3954} INFO - Setting next_dagrun for daily_scrape_and_load to 2026-08-12 00:00:00+00:00, run_after=2026-08-13 00:00:00+00:00
[2026-08-12T17:40:20.923+0000] {processor.py:183} INFO - Processing /opt/airflow/dags/daily_scrape_and_load.py took 2.186 seconds
[2026-08-12T17:40:51.030+0000] {processor.py:161} INFO - Started process (PID=333) to work on /opt/airflow/dags/daily_scrape_and_load.py
[2026-08-12T17:40:51.031+0000] {processor.py:830} INFO - Processing file /opt/airflow/dags/daily_scrape_and_load.py for tasks to queue
[2026-08-12T17:40:51.032+0000] {logging_mixin.py:188} INFO - [2026-08-12T17:40:51.032+0000] {dagbag.py:545} INFO - Filling up the DagBag from /opt/airflow/dags/daily_scrape_and_load.py
[2026-08-12T17:40:51.757+0000] {processor.py:840} INFO - DAG(s) 'daily_scrape_and_load' retrieved from /opt/airflow/dags/daily_scrape_and_load.py
[2026-08-12T17:40:51.791+0000] {logging_mixin.py:188} INFO - [2026-08-12T17:40:51.791+0000] {dag.py:3096} INFO - Sync 1 DAGs
[2026-08-12T17:40:51.817+0000] {logging_mixin.py:188} INFO - [2026-08-12T17:40:51.817+0000] {dag.py:3954} INFO - Setting next_dagrun for daily_scrape_and_load to 2026-08-12 00:00:00+00:00, run_after=2026-08-13 00:00:00+00:00
[2026-08-12T17:40:51.842+0000] {processor.py:183} INFO - Processing /opt/airflow/dags/daily_scrape_and_load.py took 0.821 seconds
[2026-08-12T17:41:22.157+0000] {processor.py:161} INFO - Started process (PID=339) to work on /opt/airflow/dags/daily_scrape_and_load.py
[2026-08-12T17:41:22.158+0000] {processor.py:830} INFO - Processing file /opt/airflow/dags/daily_scrape_and_load.py for tasks to queue
[2026-08-12T17:41:22.159+0000] {logging_mixin.py:188} INFO - [2026-08-12T17:41:22.159+0000] {dagbag.py:545} INFO - Filling up the DagBag from /opt/airflow/dags/daily_scrape_and_load.py
[2026-08-12T17:41:22.908+0000] {processor.py:840} INFO - DAG(s) 'daily_scrape_and_load' retrieved from /opt/airflow/dags/daily_scrape_and_load.py
[2026-08-12T17:41:22.942+0000] {logging_mixin.py:188} INFO - [2026-08-12T17:41:22.942+0000] {dag.py:3096} INFO - Sync 1 DAGs
[2026-08-12T17:41:22.968+0000] {logging_mixin.py:188} INFO - [2026-08-12T17:41:22.968+0000] {dag.py:3954} INFO - Setting next_dagrun for daily_scrape_and_load to 2026-08-12 00:00:00+00:00, run_after=2026-08-13 00:00:00+00:00
[2026-08-12T17:41:22.992+0000] {processor.py:183} INFO - Processing /opt/airflow/dags/daily_scrape_and_load.py took 0.843 seconds
[2026-08-12T17:41:53.330+0000] {processor.py:161} INFO - Started process (PID=345) to work on /opt/airflow/dags/daily_scrape_and_load.py
[2026-08-12T17:41:53.332+0000] {processor.py:830} INFO - Processing file /opt/airflow/dags/daily_scrape_and_load.py for tasks to queue
[2026-08-12T17:41:53.333+0000] {logging_mixin.py:188} INFO - [2026-08-12T17:41:53.332+0000] {dagbag.py:545} INFO - Filling up the DagBag from /opt/airflow/dags/daily_scrape_and_load.py
[2026-08-12T17:41:54.010+0000] {processor.py:840} INFO - DAG(s) 'daily_scrape_and_load' retrieved from /opt/airflow/dags/daily_scrape_and_load.py
[2026-08-12T17:41:54.044+0000] {logging_mixin.py:188} INFO - [2026-08-12T17:41:54.044+0000] {dag.py:3096} INFO - Sync 1 DAGs
[2026-08-12T17:41:54.067+0000] {logging_mixin.py:188} INFO - [2026-08-12T17:41:54.067+0000] {dag.py:3954} INFO - Setting next_dagrun for daily_scrape_and_load to 2026-08-12 00:00:00+00:00, run_after=2026-08-13 00:00:00+00:00
[2026-08-12T17:41:54.090+0000] {processor.py:183} INFO - Processing /opt/airflow/dags/daily_scrape_and_load.py took 0.768 seconds
[2026-08-12T17:42:24.437+0000] {processor.py:161} INFO - Started process (PID=351) to work on /opt/airflow/dags/daily_scrape_and_load.py
[2026-08-12T17:42:24.438+0000] {processor.py:830} INFO - Processing file /opt/airflow/dags/daily_scrape_and_load.py for tasks to queue
[2026-08-12T17:42:24.439+0000] {logging_mixin.py:188} INFO - [2026-08-12T17:42:24.439+0000] {dagbag.py:545} INFO - Filling up the DagBag from /opt/airflow/dags/daily_scrape_and_load.py
[2026-08-12T17:42:25.129+0000] {processor.py:840} INFO - DAG(s) 'daily_scrape_and_load' retrieved from /opt/airflow/dags/daily_scrape_and_load.py
[2026-08-12T17:42:25.173+0000] {logging_mixin.py:188} INFO - [2026-08-12T17:42:25.173+0000] {dag.py:3096} INFO - Sync 1 DAGs
[2026-08-12T17:42:25.196+0000] {logging_mixin.py:188} INFO - [2026-08-12T17:42:25.195+0000] {dag.py:3954} INFO - Setting next_dagrun for daily_scrape_and_load to 2026-08-12 00:00:00+00:00, run_after=2026-08-13 00:00:00+00:00
[2026-08-12T17:42:25.219+0000] {processor.py:183} INFO - Processing /opt/airflow/dags/daily_scrape_and_load.py took 0.791 seconds
[2026-08-12T17:42:55.391+0000] {processor.py:161} INFO - Started process (PID=357) to work on /opt/airflow/dags/daily_scrape_and_load.py
[2026-08-12T17:42:55.392+0000] {processor.py:830} INFO - Processing file /opt/airflow/dags/daily_scrape_and_load.py for tasks to queue
[2026-08-12T17:42:55.393+0000] {logging_mixin.py:188} INFO - [2026-08-12T17:42:55.393+0000] {dagbag.py:545} INFO - Filling up the DagBag from /opt/airflow/dags/daily_scrape_and_load.py
[2026-08-12T17:42:56.064+0000] {processor.py:840} INFO - DAG(s) 'daily_scrape_and_load' retrieved from /opt/airflow/dags/daily_scrape_and_load.py
[2026-08-12T17:42:56.097+0000] {logging_mixin.py:188} INFO - [2026-08-12T17:42:56.097+0000] {dag.py:3096} INFO - Sync 1 DAGs
[2026-08-12T17:42:56.120+0000] {logging_mixin.py:188} INFO - [2026-08-12T17:42:56.120+0000] {dag.py:3954} INFO - Setting next_dagrun for daily_scrape_and_load to 2026-08-12 00:00:00+00:00, run_after=2026-08-13 00:00:00+00:00
[2026-08-12T17:42:56.143+0000] {processor.py:183} INFO - Processing /opt/airflow/dags/daily_scrape_and_load.py took 0.759 seconds
[2026-08-12T17:43:26.516+0000] {processor.py:161} INFO - Started process (PID=363) to work on /opt/airflow/dags/daily_scrape_and_load.py
[2026-08-12T17:43:26.517+0000] {processor.py:830} INFO - Processing file /opt/airflow/dags/daily_scrape_and_load.py for tasks to queue
[2026-08-12T17:43:26.519+0000] {logging_mixin.py:188} INFO - [2026-08-12T17:43:26.518+0000] {dagbag.py:545} INFO - Filling up the DagBag from /opt/airflow/dags/daily_scrape_and_load.py
[2026-08-12T17:43:27.157+0000] {processor.py:840} INFO - DAG(s) 'daily_scrape_and_load' retrieved from /opt/airflow/dags/daily_scrape_and_load.py
[2026-08-12T17:43:27.191+0000] {logging_mixin.py:188} INFO - [2026-08-12T17:43:27.191+0000] {dag.py:3096} INFO - Sync 1 DAGs
[2026-08-12T17:43:27.213+0000] {logging_mixin.py:188} INFO - [2026-08-12T17:43:27.213+0000] {dag.py:3954} INFO - Setting next_dagrun for daily_scrape_and_load to 2026-08-12 00:00:00+00:00, run_after=2026-08-13 00:00:00+00:00
[2026-08-12T17:43:27.236+0000] {processor.py:183} INFO - Processing /opt/airflow/dags/daily_scrape_and_load.py took 0.728 seconds
[2026-08-12T17:43:57.567+0000] {processor.py:161} INFO - Started process (PID=369) to work on /opt/airflow/dags/daily_scrape_and_load.py
[2026-08-12T17:43:57.568+0000] {processor.py:830} INFO - Processing file /opt/airflow/dags/daily_scrape_and_load.py for tasks to queue
[2026-08-12T17:43:57.570+0000] {logging_mixin.py:188} INFO - [2026-08-12T17:43:57.569+0000] {dagbag.py:545} INFO - Filling up the DagBag from /opt/airflow/dags/daily_scrape_and_load.py
[2026-08-12T17:43:58.247+0000] {processor.py:840} INFO - DAG(s) 'daily_scrape_and_load' retrieved from /opt/airflow/dags/daily_scrape_and_load.py
[2026-08-12T17:43:58.279+0000] {logging_mixin.py:188} INFO - [2026-08-12T17:43:58.279+0000] {dag.py:3096} INFO - Sync 1 DAGs
[2026-08-12T17:43:58.302+0000] {logging_mixin.py:188} INFO - [2026-08-12T17:43:58.302+0000] {dag.py:3954} INFO - Setting next_dagrun for daily_scrape_and_load to 2026-08-12 00:00:00+00:00, run_after=2026-08-13 00:00:00+00:00
[2026-08-12T17:43:58.327+0000] {processor.py:183} INFO - Processing /opt/airflow/dags/daily_scrape_and_load.py took 0.769 seconds
[2026-08-12T17:44:28.517+0000] {processor.py:161} INFO - Started process (PID=383) to work on /opt/airflow/dags/daily_scrape_and_load.py
[2026-08-12T17:44:28.518+0000] {processor.py:830} INFO - Processing file /opt/airflow/dags/daily_scrape_and_load.py for tasks to queue
[2026-08-12T17:44:28.519+0000] {logging_mixin.py:188} INFO - [2026-08-12T17:44:28.519+0000] {dagbag.py:545} INFO - Filling up the DagBag from /opt/airflow/dags/daily_scrape_and_load.py
[2026-08-12T17:44:30.154+0000] {processor.py:840} INFO - DAG(s) 'daily_scrape_and_load' retrieved from /opt/airflow/dags/daily_scrape_and_load.py
[2026-08-12T17:44:30.246+0000] {logging_mixin.py:188} INFO - [2026-08-12T17:44:30.246+0000] {dag.py:3096} INFO - Sync 1 DAGs
[2026-08-12T17:44:30.342+0000] {logging_mixin.py:188} INFO - [2026-08-12T17:44:30.342+0000] {dag.py:3954} INFO - Setting next_dagrun for daily_scrape_and_load to 2026-08-12 00:00:00+00:00, run_after=2026-08-13 00:00:00+00:00
[2026-08-12T17:44:30.376+0000] {processor.py:183} INFO - Processing /opt/airflow/dags/daily_scrape_and_load.py took 1.871 seconds
[2026-08-12T17:45:00.767+0000] {processor.py:161} INFO - Started process (PID=398) to work on /opt/airflow/dags/daily_scrape_and_load.py
[2026-08-12T17:45:00.767+0000] {processor.py:830} INFO - Processing file /opt/airflow/dags/daily_scrape_and_load.py for tasks to queue
[2026-08-12T17:45:00.769+0000] {logging_mixin.py:188} INFO - [2026-08-12T17:45:00.768+0000] {dagbag.py:545} INFO - Filling up the DagBag from /opt/airflow/dags/daily_scrape_and_load.py
[2026-08-12T17:45:01.393+0000] {processor.py:840} INFO - DAG(s) 'daily_scrape_and_load' retrieved from /opt/airflow/dags/daily_scrape_and_load.py
[2026-08-12T17:45:01.427+0000] {logging_mixin.py:188} INFO - [2026-08-12T17:45:01.426+0000] {dag.py:3096} INFO - Sync 1 DAGs
[2026-08-12T17:45:01.453+0000] {logging_mixin.py:188} INFO - [2026-08-12T17:45:01.453+0000] {dag.py:3954} INFO - Setting next_dagrun for daily_scrape_and_load to 2026-08-12 00:00:00+00:00, run_after=2026-08-13 00:00:00+00:00
[2026-08-12T17:45:01.478+0000] {processor.py:183} INFO - Processing /opt/airflow/dags/daily_scrape_and_load.py took 0.719 seconds
[2026-08-12T17:45:31.768+0000] {processor.py:161} INFO - Started process (PID=404) to work on /opt/airflow/dags/daily_scrape_and_load.py
[2026-08-12T17:45:31.769+0000] {processor.py:830} INFO - Processing file /opt/airflow/dags/daily_scrape_and_load.py for tasks to queue
[2026-08-12T17:45:31.771+0000] {logging_mixin.py:188} INFO - [2026-08-12T17:45:31.770+0000] {dagbag.py:545} INFO - Filling up the DagBag from /opt/airflow/dags/daily_scrape_and_load.py
[2026-08-12T17:45:32.429+0000] {processor.py:840} INFO - DAG(s) 'daily_scrape_and_load' retrieved from /opt/airflow/dags/daily_scrape_and_load.py
[2026-08-12T17:45:32.465+0000] {logging_mixin.py:188} INFO - [2026-08-12T17:45:32.465+0000] {dag.py:3096} INFO - Sync 1 DAGs
[2026-08-12T17:45:32.491+0000] {logging_mixin.py:188} INFO - [2026-08-12T17:45:32.490+0000] {dag.py:3954} INFO - Setting next_dagrun for daily_scrape_and_load to 2026-08-12 00:00:00+00:00, run_after=2026-08-13 00:00:00+00:00
[2026-08-12T17:45:32.516+0000] {processor.py:183} INFO - Processing /opt/airflow/dags/daily_scrape_and_load.py took 0.756 seconds
[2026-08-12T17:46:02.770+0000] {processor.py:161} INFO - Started process (PID=410) to work on /opt/airflow/dags/daily_scrape_and_load.py
[2026-08-12T17:46:02.771+0000] {processor.py:830} INFO - Processing file /opt/airflow/dags/daily_scrape_and_load.py for tasks to queue
[2026-08-12T17:46:02.772+0000] {logging_mixin.py:188} INFO - [2026-08-12T17:46:02.772+0000] {dagbag.py:545} INFO - Filling up the DagBag from /opt/airflow/dags/daily_scrape_and_load.py
[2026-08-12T17:46:03.469+0000] {processor.py:840} INFO - DAG(s) 'daily_scrape_and_load' retrieved from /opt/airflow/dags/daily_scrape_and_load.py
[2026-08-12T17:46:03.504+0000] {logging_mixin.py:188} INFO - [2026-08-12T17:46:03.504+0000] {dag.py:3096} INFO - Sync 1 DAGs
[2026-08-12T17:46:03.529+0000] {logging_mixin.py:188} INFO - [2026-08-12T17:46:03.529+0000] {dag.py:3954} INFO - Setting next_dagrun for daily_scrape_and_load to 2026-08-12 00:00:00+00:00, run_after=2026-08-13 00:00:00+00:00
[2026-08-12T17:46:03.557+0000] {processor.py:183} INFO - Processing /opt/airflow/dags/daily_scrape_and_load.py took 0.796 seconds
[2026-08-12T17:46:33.782+0000] {processor.py:161} INFO - Started process (PID=416) to work on /opt/airflow/dags/daily_scrape_and_load.py
[2026-08-12T17:46:33.783+0000] {processor.py:830} INFO - Processing file /opt/airflow/dags/daily_scrape_and_load.py for tasks to queue
[2026-08-12T17:46:33.785+0000] {logging_mixin.py:188} INFO - [2026-08-12T17:46:33.784+0000] {dagbag.py:545} INFO - Filling up the DagBag from /opt/airflow/dags/daily_scrape_and_load.py
[2026-08-12T17:46:34.547+0000] {processor.py:840} INFO - DAG(s) 'daily_scrape_and_load' retrieved from /opt/airflow/dags/daily_scrape_and_load.py
[2026-08-12T17:46:34.586+0000] {logging_mixin.py:188} INFO - [2026-08-12T17:46:34.586+0000] {dag.py:3096} INFO - Sync 1 DAGs
[2026-08-12T17:46:34.617+0000] {logging_mixin.py:188} INFO - [2026-08-12T17:46:34.616+0000] {dag.py:3954} INFO - Setting next_dagrun for daily_scrape_and_load to 2026-08-12 00:00:00+00:00, run_after=2026-08-13 00:00:00+00:00
[2026-08-12T17:46:34.645+0000] {processor.py:183} INFO - Processing /opt/airflow/dags/daily_scrape_and_load.py took 0.872 seconds
[2026-08-12T17:47:04.967+0000] {processor.py:161} INFO - Started process (PID=422) to work on /opt/airflow/dags/daily_scrape_and_load.py
[2026-08-12T17:47:04.969+0000] {processor.py:830} INFO - Processing file /opt/airflow/dags/daily_scrape_and_load.py for tasks to queue
[2026-08-12T17:47:04.973+0000] {logging_mixin.py:188} INFO - [2026-08-12T17:47:04.971+0000] {dagbag.py:545} INFO - Filling up the DagBag from /opt/airflow/dags/daily_scrape_and_load.py
[2026-08-12T17:47:07.865+0000] {processor.py:840} INFO - DAG(s) 'daily_scrape_and_load' retrieved from /opt/airflow/dags/daily_scrape_and_load.py
[2026-08-12T17:47:07.981+0000] {logging_mixin.py:188} INFO - [2026-08-12T17:47:07.980+0000] {dag.py:3096} INFO - Sync 1 DAGs
[2026-08-12T17:47:08.085+0000] {logging_mixin.py:188} INFO - [2026-08-12T17:47:08.084+0000] {dag.py:3954} INFO - Setting next_dagrun for daily_scrape_and_load to 2026-08-12 00:00:00+00:00, run_after=2026-08-13 00:00:00+00:00
[2026-08-12T17:47:08.209+0000] {processor.py:183} INFO - Processing /opt/airflow/dags/daily_scrape_and_load.py took 3.273 seconds
[2026-08-12T17:47:38.998+0000] {processor.py:161} INFO - Started process (PID=428) to work on /opt/airflow/dags/daily_scrape_and_load.py
[2026-08-12T17:47:39.002+0000] {processor.py:830} INFO - Processing file /opt/airflow/dags/daily_scrape_and_load.py for tasks to queue
[2026-08-12T17:47:39.013+0000] {logging_mixin.py:188} INFO - [2026-08-12T17:47:39.011+0000] {dagbag.py:545} INFO - Filling up the DagBag from /opt/airflow/dags/daily_scrape_and_load.py
[2026-08-12T17:47:42.241+0000] {processor.py:840} INFO - DAG(s) 'daily_scrape_and_load' retrieved from /opt/airflow/dags/daily_scrape_and_load.py
[2026-08-12T17:47:42.348+0000] {logging_mixin.py:188} INFO - [2026-08-12T17:47:42.347+0000] {dag.py:3096} INFO - Sync 1 DAGs
[2026-08-12T17:47:42.447+0000] {logging_mixin.py:188} INFO - [2026-08-12T17:47:42.444+0000] {dag.py:3954} INFO - Setting next_dagrun for daily_scrape_and_load to 2026-08-12 00:00:00+00:00, run_after=2026-08-13 00:00:00+00:00
[2026-08-12T17:47:42.536+0000] {processor.py:183} INFO - Processing /opt/airflow/dags/daily_scrape_and_load.py took 3.593 seconds
[2026-08-12T17:48:12.874+0000] {processor.py:161} INFO - Started process (PID=434) to work on /opt/airflow/dags/daily_scrape_and_load.py
[2026-08-12T17:48:12.876+0000] {processor.py:830} INFO - Processing file /opt/airflow/dags/daily_scrape_and_load.py for tasks to queue
[2026-08-12T17:48:12.880+0000] {logging_mixin.py:188} INFO - [2026-08-12T17:48:12.879+0000] {dagbag.py:545} INFO - Filling up the DagBag from /opt/airflow/dags/daily_scrape_and_load.py
[2026-08-12T17:48:14.636+0000] {processor.py:840} INFO - DAG(s) 'daily_scrape_and_load' retrieved from /opt/airflow/dags/daily_scrape_and_load.py
[2026-08-12T17:48:14.860+0000] {logging_mixin.py:188} INFO - [2026-08-12T17:48:14.851+0000] {dag.py:3096} INFO - Sync 1 DAGs
[2026-08-12T17:48:14.975+0000] {logging_mixin.py:188} INFO - [2026-08-12T17:48:14.974+0000] {dag.py:3954} INFO - Setting next_dagrun for daily_scrape_and_load to 2026-08-12 00:00:00+00:00, run_after=2026-08-13 00:00:00+00:00
[2026-08-12T17:48:15.108+0000] {processor.py:183} INFO - Processing /opt/airflow/dags/daily_scrape_and_load.py took 2.253 seconds
[2026-08-12T17:48:45.358+0000] {processor.py:161} INFO - Started process (PID=440) to work on /opt/airflow/dags/daily_scrape_and_load.py
[2026-08-12T17:48:45.361+0000] {processor.py:830} INFO - Processing file /opt/airflow/dags/daily_scrape_and_load.py for tasks to queue
[2026-08-12T17:48:45.364+0000] {logging_mixin.py:188} INFO - [2026-08-12T17:48:45.363+0000] {dagbag.py:545} INFO - Filling up the DagBag from /opt/airflow/dags/daily_scrape_and_load.py
[2026-08-12T17:48:47.234+0000] {processor.py:840} INFO - DAG(s) 'daily_scrape_and_load' retrieved from /opt/airflow/dags/daily_scrape_and_load.py
[2026-08-12T17:48:47.292+0000] {logging_mixin.py:188} INFO - [2026-08-12T17:48:47.291+0000] {dag.py:3096} INFO - Sync 1 DAGs
[2026-08-12T17:48:47.339+0000] {logging_mixin.py:188} INFO - [2026-08-12T17:48:47.338+0000] {dag.py:3954} INFO - Setting next_dagrun for daily_scrape_and_load to 2026-08-12 00:00:00+00:00, run_after=2026-08-13 00:00:00+00:00
[2026-08-12T17:48:47.396+0000] {processor.py:183} INFO - Processing /opt/airflow/dags/daily_scrape_and_load.py took 2.058 seconds
[2026-08-12T17:49:17.657+0000] {processor.py:161} INFO - Started process (PID=446) to work on /opt/airflow/dags/daily_scrape_and_load.py
[2026-08-12T17:49:17.658+0000] {processor.py:830} INFO - Processing file /opt/airflow/dags/daily_scrape_and_load.py for tasks to queue
[2026-08-12T17:49:17.660+0000] {logging_mixin.py:188} INFO - [2026-08-12T17:49:17.659+0000] {dagbag.py:545} INFO - Filling up the DagBag from /opt/airflow/dags/daily_scrape_and_load.py
[2026-08-12T17:49:19.469+0000] {processor.py:840} INFO - DAG(s) 'daily_scrape_and_load' retrieved from /opt/airflow/dags/daily_scrape_and_load.py
[2026-08-12T17:49:19.563+0000] {logging_mixin.py:188} INFO - [2026-08-12T17:49:19.563+0000] {dag.py:3096} INFO - Sync 1 DAGs
[2026-08-12T17:49:19.620+0000] {logging_mixin.py:188} INFO - [2026-08-12T17:49:19.620+0000] {dag.py:3954} INFO - Setting next_dagrun for daily_scrape_and_load to 2026-08-12 00:00:00+00:00, run_after=2026-08-13 00:00:00+00:00
[2026-08-12T17:49:19.667+0000] {processor.py:183} INFO - Processing /opt/airflow/dags/daily_scrape_and_load.py took 2.030 seconds
[2026-08-12T17:49:49.960+0000] {processor.py:161} INFO - Started process (PID=452) to work on /opt/airflow/dags/daily_scrape_and_load.py
[2026-08-12T17:49:49.961+0000] {processor.py:830} INFO - Processing file /opt/airflow/dags/daily_scrape_and_load.py for tasks to queue
[2026-08-12T17:49:49.964+0000] {logging_mixin.py:188} INFO - [2026-08-12T17:49:49.963+0000] {dagbag.py:545} INFO - Filling up the DagBag from /opt/airflow/dags/daily_scrape_and_load.py
[2026-08-12T17:49:50.843+0000] {processor.py:840} INFO - DAG(s) 'daily_scrape_and_load' retrieved from /opt/airflow/dags/daily_scrape_and_load.py
[2026-08-12T17:49:50.881+0000] {logging_mixin.py:188} INFO - [2026-08-12T17:49:50.881+0000] {dag.py:3096} INFO - Sync 1 DAGs
[2026-08-12T17:49:50.914+0000] {logging_mixin.py:188} INFO - [2026-08-12T17:49:50.914+0000] {dag.py:3954} INFO - Setting next_dagrun for daily_scrape_and_load to 2026-08-12 00:00:00+00:00, run_after=2026-08-13 00:00:00+00:00
[2026-08-12T17:49:51.017+0000] {processor.py:183} INFO - Processing /opt/airflow/dags/daily_scrape_and_load.py took 1.068 seconds
[2026-08-12T17:50:21.269+0000] {processor.py:161} INFO - Started process (PID=458) to work on /opt/airflow/dags/daily_scrape_and_load.py
[2026-08-12T17:50:21.270+0000] {processor.py:830} INFO - Processing file /opt/airflow/dags/daily_scrape_and_load.py for tasks to queue
[2026-08-12T17:50:21.272+0000] {logging_mixin.py:188} INFO - [2026-08-12T17:50:21.272+0000] {dagbag.py:545} INFO - Filling up the DagBag from /opt/airflow/dags/daily_scrape_and_load.py
[2026-08-12T17:50:22.287+0000] {processor.py:840} INFO - DAG(s) 'daily_scrape_and_load' retrieved from /opt/airflow/dags/daily_scrape_and_load.py
[2026-08-12T17:50:22.419+0000] {logging_mixin.py:188} INFO - [2026-08-12T17:50:22.419+0000] {dag.py:3096} INFO - Sync 1 DAGs
[2026-08-12T17:50:22.465+0000] {logging_mixin.py:188} INFO - [2026-08-12T17:50:22.464+0000] {dag.py:3954} INFO - Setting next_dagrun for daily_scrape_and_load to 2026-08-12 00:00:00+00:00, run_after=2026-08-13 00:00:00+00:00
[2026-08-12T17:50:22.507+0000] {processor.py:183} INFO - Processing /opt/airflow/dags/daily_scrape_and_load.py took 1.250 seconds
[2026-08-12T17:50:52.616+0000] {processor.py:161} INFO - Started process (PID=464) to work on /opt/airflow/dags/daily_scrape_and_load.py
[2026-08-12T17:50:52.617+0000] {processor.py:830} INFO - Processing file /opt/airflow/dags/daily_scrape_and_load.py for tasks to queue
[2026-08-12T17:50:52.619+0000] {logging_mixin.py:188} INFO - [2026-08-12T17:50:52.619+0000] {dagbag.py:545} INFO - Filling up the DagBag from /opt/airflow/dags/daily_scrape_and_load.py
[2026-08-12T17:50:54.479+0000] {processor.py:840} INFO - DAG(s) 'daily_scrape_and_load' retrieved from /opt/airflow/dags/daily_scrape_and_load.py
[2026-08-12T17:50:54.541+0000] {logging_mixin.py:188} INFO - [2026-08-12T17:50:54.541+0000] {dag.py:3096} INFO - Sync 1 DAGs
[2026-08-12T17:50:54.598+0000] {logging_mixin.py:188} INFO - [2026-08-12T17:50:54.597+0000] {dag.py:3954} INFO - Setting next_dagrun for daily_scrape_and_load to 2026-08-12 00:00:00+00:00, run_after=2026-08-13 00:00:00+00:00
[2026-08-12T17:50:54.663+0000] {processor.py:183} INFO - Processing /opt/airflow/dags/daily_scrape_and_load.py took 2.058 seconds
[2026-08-12T17:51:24.950+0000] {processor.py:161} INFO - Started process (PID=470) to work on /opt/airflow/dags/daily_scrape_and_load.py
[2026-08-12T17:51:24.952+0000] {processor.py:830} INFO - Processing file /opt/airflow/dags/daily_scrape_and_load.py for tasks to queue
[2026-08-12T17:51:24.957+0000] {logging_mixin.py:188} INFO - [2026-08-12T17:51:24.955+0000] {dagbag.py:545} INFO - Filling up the DagBag from /opt/airflow/dags/daily_scrape_and_load.py
[2026-08-12T17:51:26.253+0000] {processor.py:840} INFO - DAG(s) 'daily_scrape_and_load' retrieved from /opt/airflow/dags/daily_scrape_and_load.py
[2026-08-12T17:51:26.312+0000] {logging_mixin.py:188} INFO - [2026-08-12T17:51:26.312+0000] {dag.py:3096} INFO - Sync 1 DAGs
[2026-08-12T17:51:26.352+0000] {logging_mixin.py:188} INFO - [2026-08-12T17:51:26.351+0000] {dag.py:3954} INFO - Setting next_dagrun for daily_scrape_and_load to 2026-08-12 00:00:00+00:00, run_after=2026-08-13 00:00:00+00:00
[2026-08-12T17:51:26.395+0000] {processor.py:183} INFO - Processing /opt/airflow/dags/daily_scrape_and_load.py took 1.469 seconds
[2026-08-12T17:51:57.072+0000] {processor.py:161} INFO - Started process (PID=476) to work on /opt/airflow/dags/daily_scrape_and_load.py
[2026-08-12T17:51:57.076+0000] {processor.py:830} INFO - Processing file /opt/airflow/dags/daily_scrape_and_load.py for tasks to queue
[2026-08-12T17:51:57.085+0000] {logging_mixin.py:188} INFO - [2026-08-12T17:51:57.084+0000] {dagbag.py:545} INFO - Filling up the DagBag from /opt/airflow/dags/daily_scrape_and_load.py
[2026-08-12T17:52:01.252+0000] {processor.py:840} INFO - DAG(s) 'daily_scrape_and_load' retrieved from /opt/airflow/dags/daily_scrape_and_load.py
[2026-08-12T17:52:01.453+0000] {logging_mixin.py:188} INFO - [2026-08-12T17:52:01.452+0000] {dag.py:3096} INFO - Sync 1 DAGs
[2026-08-12T17:52:01.592+0000] {logging_mixin.py:188} INFO - [2026-08-12T17:52:01.591+0000] {dag.py:3954} INFO - Setting next_dagrun for daily_scrape_and_load to 2026-08-12 00:00:00+00:00, run_after=2026-08-13 00:00:00+00:00
[2026-08-12T17:52:01.704+0000] {processor.py:183} INFO - Processing /opt/airflow/dags/daily_scrape_and_load.py took 4.668 seconds
[2026-08-12T17:52:32.246+0000] {processor.py:161} INFO - Started process (PID=482) to work on /opt/airflow/dags/daily_scrape_and_load.py
[2026-08-12T17:52:32.249+0000] {processor.py:830} INFO - Processing file /opt/airflow/dags/daily_scrape_and_load.py for tasks to queue
[2026-08-12T17:52:32.253+0000] {logging_mixin.py:188} INFO - [2026-08-12T17:52:32.252+0000] {dagbag.py:545} INFO - Filling up the DagBag from /opt/airflow/dags/daily_scrape_and_load.py
[2026-08-12T17:52:33.927+0000] {processor.py:840} INFO - DAG(s) 'daily_scrape_and_load' retrieved from /opt/airflow/dags/daily_scrape_and_load.py
[2026-08-12T17:52:33.991+0000] {logging_mixin.py:188} INFO - [2026-08-12T17:52:33.991+0000] {dag.py:3096} INFO - Sync 1 DAGs
[2026-08-12T17:52:34.052+0000] {logging_mixin.py:188} INFO - [2026-08-12T17:52:34.052+0000] {dag.py:3954} INFO - Setting next_dagrun for daily_scrape_and_load to 2026-08-12 00:00:00+00:00, run_after=2026-08-13 00:00:00+00:00
[2026-08-12T17:52:34.107+0000] {processor.py:183} INFO - Processing /opt/airflow/dags/daily_scrape_and_load.py took 1.879 seconds
[2026-08-12T17:53:04.408+0000] {processor.py:161} INFO - Started process (PID=488) to work on /opt/airflow/dags/daily_scrape_and_load.py
[2026-08-12T17:53:04.410+0000] {processor.py:830} INFO - Processing file /opt/airflow/dags/daily_scrape_and_load.py for tasks to queue
[2026-08-12T17:53:04.411+0000] {logging_mixin.py:188} INFO - [2026-08-12T17:53:04.411+0000] {dagbag.py:545} INFO - Filling up the DagBag from /opt/airflow/dags/daily_scrape_and_load.py
[2026-08-12T17:53:05.550+0000] {processor.py:840} INFO - DAG(s) 'daily_scrape_and_load' retrieved from /opt/airflow/dags/daily_scrape_and_load.py
[2026-08-12T17:53:05.601+0000] {logging_mixin.py:188} INFO - [2026-08-12T17:53:05.600+0000] {dag.py:3096} INFO - Sync 1 DAGs
[2026-08-12T17:53:05.641+0000] {logging_mixin.py:188} INFO - [2026-08-12T17:53:05.640+0000] {dag.py:3954} INFO - Setting next_dagrun for daily_scrape_and_load to 2026-08-12 00:00:00+00:00, run_after=2026-08-13 00:00:00+00:00
[2026-08-12T17:53:05.681+0000] {processor.py:183} INFO - Processing /opt/airflow/dags/daily_scrape_and_load.py took 1.284 seconds
[2026-08-12T17:53:37.713+0000] {processor.py:161} INFO - Started process (PID=494) to work on /opt/airflow/dags/daily_scrape_and_load.py
[2026-08-12T17:53:37.719+0000] {processor.py:830} INFO - Processing file /opt/airflow/dags/daily_scrape_and_load.py for tasks to queue
[2026-08-12T17:53:37.760+0000] {logging_mixin.py:188} INFO - [2026-08-12T17:53:37.733+0000] {dagbag.py:545} INFO - Filling up the DagBag from /opt/airflow/dags/daily_scrape_and_load.py
[2026-08-12T17:53:41.058+0000] {processor.py:840} INFO - DAG(s) 'daily_scrape_and_load' retrieved from /opt/airflow/dags/daily_scrape_and_load.py
[2026-08-12T17:53:41.186+0000] {logging_mixin.py:188} INFO - [2026-08-12T17:53:41.185+0000] {dag.py:3096} INFO - Sync 1 DAGs
[2026-08-12T17:53:41.271+0000] {logging_mixin.py:188} INFO - [2026-08-12T17:53:41.270+0000] {dag.py:3954} INFO - Setting next_dagrun for daily_scrape_and_load to 2026-08-12 00:00:00+00:00, run_after=2026-08-13 00:00:00+00:00
[2026-08-12T17:53:41.439+0000] {processor.py:183} INFO - Processing /opt/airflow/dags/daily_scrape_and_load.py took 5.042 seconds
[2026-08-12T17:54:11.685+0000] {processor.py:161} INFO - Started process (PID=500) to work on /opt/airflow/dags/daily_scrape_and_load.py
[2026-08-12T17:54:11.687+0000] {processor.py:830} INFO - Processing file /opt/airflow/dags/daily_scrape_and_load.py for tasks to queue
[2026-08-12T17:54:11.690+0000] {logging_mixin.py:188} INFO - [2026-08-12T17:54:11.689+0000] {dagbag.py:545} INFO - Filling up the DagBag from /opt/airflow/dags/daily_scrape_and_load.py
[2026-08-12T17:54:12.713+0000] {processor.py:840} INFO - DAG(s) 'daily_scrape_and_load' retrieved from /opt/airflow/dags/daily_scrape_and_load.py
[2026-08-12T17:54:12.761+0000] {logging_mixin.py:188} INFO - [2026-08-12T17:54:12.761+0000] {dag.py:3096} INFO - Sync 1 DAGs
[2026-08-12T17:54:12.792+0000] {logging_mixin.py:188} INFO - [2026-08-12T17:54:12.792+0000] {dag.py:3954} INFO - Setting next_dagrun for daily_scrape_and_load to 2026-08-12 00:00:00+00:00, run_after=2026-08-13 00:00:00+00:00
[2026-08-12T17:54:12.824+0000] {processor.py:183} INFO - Processing /opt/airflow/dags/daily_scrape_and_load.py took 1.155 seconds
[2026-08-12T17:54:42.973+0000] {processor.py:161} INFO - Started process (PID=506) to work on /opt/airflow/dags/daily_scrape_and_load.py
[2026-08-12T17:54:42.975+0000] {processor.py:830} INFO - Processing file /opt/airflow/dags/daily_scrape_and_load.py for tasks to queue
[2026-08-12T17:54:42.978+0000] {logging_mixin.py:188} INFO - [2026-08-12T17:54:42.976+0000] {dagbag.py:545} INFO - Filling up the DagBag from /opt/airflow/dags/daily_scrape_and_load.py
[2026-08-12T17:54:44.983+0000] {processor.py:840} INFO - DAG(s) 'daily_scrape_and_load' retrieved from /opt/airflow/dags/daily_scrape_and_load.py
[2026-08-12T17:54:45.125+0000] {logging_mixin.py:188} INFO - [2026-08-12T17:54:45.124+0000] {dag.py:3096} INFO - Sync 1 DAGs
[2026-08-12T17:54:45.220+0000] {logging_mixin.py:188} INFO - [2026-08-12T17:54:45.220+0000] {dag.py:3954} INFO - Setting next_dagrun for daily_scrape_and_load to 2026-08-12 00:00:00+00:00, run_after=2026-08-13 00:00:00+00:00
[2026-08-12T17:54:45.311+0000] {processor.py:183} INFO - Processing /opt/airflow/dags/daily_scrape_and_load.py took 2.354 seconds
[2026-08-12T17:55:15.618+0000] {processor.py:161} INFO - Started process (PID=512) to work on /opt/airflow/dags/daily_scrape_and_load.py
[2026-08-12T17:55:15.620+0000] {processor.py:830} INFO - Processing file /opt/airflow/dags/daily_scrape_and_load.py for tasks to queue
[2026-08-12T17:55:15.621+0000] {logging_mixin.py:188} INFO - [2026-08-12T17:55:15.621+0000] {dagbag.py:545} INFO - Filling up the DagBag from /opt/airflow/dags/daily_scrape_and_load.py
[2026-08-12T17:55:16.535+0000] {processor.py:840} INFO - DAG(s) 'daily_scrape_and_load' retrieved from /opt/airflow/dags/daily_scrape_and_load.py
[2026-08-12T17:55:16.595+0000] {logging_mixin.py:188} INFO - [2026-08-12T17:55:16.594+0000] {dag.py:3096} INFO - Sync 1 DAGs
[2026-08-12T17:55:16.635+0000] {logging_mixin.py:188} INFO - [2026-08-12T17:55:16.634+0000] {dag.py:3954} INFO - Setting next_dagrun for daily_scrape_and_load to 2026-08-12 00:00:00+00:00, run_after=2026-08-13 00:00:00+00:00
[2026-08-12T17:55:16.675+0000] {processor.py:183} INFO - Processing /opt/airflow/dags/daily_scrape_and_load.py took 1.070 seconds
[2026-08-12T17:55:46.930+0000] {processor.py:161} INFO - Started process (PID=518) to work on /opt/airflow/dags/daily_scrape_and_load.py
[2026-08-12T17:55:46.931+0000] {processor.py:830} INFO - Processing file /opt/airflow/dags/daily_scrape_and_load.py for tasks to queue
[2026-08-12T17:55:46.934+0000] {logging_mixin.py:188} INFO - [2026-08-12T17:55:46.933+0000] {dagbag.py:545} INFO - Filling up the DagBag from /opt/airflow/dags/daily_scrape_and_load.py
[2026-08-12T17:55:48.339+0000] {processor.py:840} INFO - DAG(s) 'daily_scrape_and_load' retrieved from /opt/airflow/dags/daily_scrape_and_load.py
[2026-08-12T17:55:48.636+0000] {logging_mixin.py:188} INFO - [2026-08-12T17:55:48.635+0000] {dag.py:3096} INFO - Sync 1 DAGs
[2026-08-12T17:55:48.707+0000] {logging_mixin.py:188} INFO - [2026-08-12T17:55:48.707+0000] {dag.py:3954} INFO - Setting next_dagrun for daily_scrape_and_load to 2026-08-12 00:00:00+00:00, run_after=2026-08-13 00:00:00+00:00
[2026-08-12T17:55:48.765+0000] {processor.py:183} INFO - Processing /opt/airflow/dags/daily_scrape_and_load.py took 1.850 seconds
[2026-08-12T17:56:19.361+0000] {processor.py:161} INFO - Started process (PID=524) to work on /opt/airflow/dags/daily_scrape_and_load.py
[2026-08-12T17:56:19.364+0000] {processor.py:830} INFO - Processing file /opt/airflow/dags/daily_scrape_and_load.py for tasks to queue
[2026-08-12T17:56:19.368+0000] {logging_mixin.py:188} INFO - [2026-08-12T17:56:19.367+0000] {dagbag.py:545} INFO - Filling up the DagBag from /opt/airflow/dags/daily_scrape_and_load.py
[2026-08-12T17:56:23.714+0000] {processor.py:840} INFO - DAG(s) 'daily_scrape_and_load' retrieved from /opt/airflow/dags/daily_scrape_and_load.py
[2026-08-12T17:56:23.952+0000] {logging_mixin.py:188} INFO - [2026-08-12T17:56:23.952+0000] {dag.py:3096} INFO - Sync 1 DAGs
[2026-08-12T17:56:24.077+0000] {logging_mixin.py:188} INFO - [2026-08-12T17:56:24.077+0000] {dag.py:3954} INFO - Setting next_dagrun for daily_scrape_and_load to 2026-08-12 00:00:00+00:00, run_after=2026-08-13 00:00:00+00:00
[2026-08-12T17:56:24.177+0000] {processor.py:183} INFO - Processing /opt/airflow/dags/daily_scrape_and_load.py took 4.853 seconds
[2026-08-12T17:56:54.735+0000] {processor.py:161} INFO - Started process (PID=530) to work on /opt/airflow/dags/daily_scrape_and_load.py
[2026-08-12T17:56:54.736+0000] {processor.py:830} INFO - Processing file /opt/airflow/dags/daily_scrape_and_load.py for tasks to queue
[2026-08-12T17:56:54.739+0000] {logging_mixin.py:188} INFO - [2026-08-12T17:56:54.738+0000] {dagbag.py:545} INFO - Filling up the DagBag from /opt/airflow/dags/daily_scrape_and_load.py
[2026-08-12T17:56:55.934+0000] {processor.py:840} INFO - DAG(s) 'daily_scrape_and_load' retrieved from /opt/airflow/dags/daily_scrape_and_load.py
[2026-08-12T17:56:55.989+0000] {logging_mixin.py:188} INFO - [2026-08-12T17:56:55.989+0000] {dag.py:3096} INFO - Sync 1 DAGs
[2026-08-12T17:56:56.027+0000] {logging_mixin.py:188} INFO - [2026-08-12T17:56:56.027+0000] {dag.py:3954} INFO - Setting next_dagrun for daily_scrape_and_load to 2026-08-12 00:00:00+00:00, run_after=2026-08-13 00:00:00+00:00
[2026-08-12T17:56:56.064+0000] {processor.py:183} INFO - Processing /opt/airflow/dags/daily_scrape_and_load.py took 1.345 seconds
[2026-08-12T17:57:26.320+0000] {processor.py:161} INFO - Started process (PID=536) to work on /opt/airflow/dags/daily_scrape_and_load.py
[2026-08-12T17:57:26.321+0000] {processor.py:830} INFO - Processing file /opt/airflow/dags/daily_scrape_and_load.py for tasks to queue
[2026-08-12T17:57:26.324+0000] {logging_mixin.py:188} INFO - [2026-08-12T17:57:26.323+0000] {dagbag.py:545} INFO - Filling up the DagBag from /opt/airflow/dags/daily_scrape_and_load.py
[2026-08-12T17:57:27.306+0000] {processor.py:840} INFO - DAG(s) 'daily_scrape_and_load' retrieved from /opt/airflow/dags/daily_scrape_and_load.py
[2026-08-12T17:57:27.352+0000] {logging_mixin.py:188} INFO - [2026-08-12T17:57:27.351+0000] {dag.py:3096} INFO - Sync 1 DAGs
[2026-08-12T17:57:27.384+0000] {logging_mixin.py:188} INFO - [2026-08-12T17:57:27.384+0000] {dag.py:3954} INFO - Setting next_dagrun for daily_scrape_and_load to 2026-08-12 00:00:00+00:00, run_after=2026-08-13 00:00:00+00:00
[2026-08-12T17:57:27.414+0000] {processor.py:183} INFO - Processing /opt/airflow/dags/daily_scrape_and_load.py took 1.108 seconds
[2026-08-12T17:57:57.538+0000] {processor.py:161} INFO - Started process (PID=542) to work on /opt/airflow/dags/daily_scrape_and_load.py
[2026-08-12T17:57:57.540+0000] {processor.py:830} INFO - Processing file /opt/airflow/dags/daily_scrape_and_load.py for tasks to queue
[2026-08-12T17:57:57.543+0000] {logging_mixin.py:188} INFO - [2026-08-12T17:57:57.542+0000] {dagbag.py:545} INFO - Filling up the DagBag from /opt/airflow/dags/daily_scrape_and_load.py
[2026-08-12T17:57:58.516+0000] {processor.py:840} INFO - DAG(s) 'daily_scrape_and_load' retrieved from /opt/airflow/dags/daily_scrape_and_load.py
[2026-08-12T17:57:58.559+0000] {logging_mixin.py:188} INFO - [2026-08-12T17:57:58.558+0000] {dag.py:3096} INFO - Sync 1 DAGs
[2026-08-12T17:57:58.589+0000] {logging_mixin.py:188} INFO - [2026-08-12T17:57:58.589+0000] {dag.py:3954} INFO - Setting next_dagrun for daily_scrape_and_load to 2026-08-12 00:00:00+00:00, run_after=2026-08-13 00:00:00+00:00
[2026-08-12T17:57:58.621+0000] {processor.py:183} INFO - Processing /opt/airflow/dags/daily_scrape_and_load.py took 1.099 seconds
[2026-08-12T17:58:28.846+0000] {processor.py:161} INFO - Started process (PID=548) to work on /opt/airflow/dags/daily_scrape_and_load.py
[2026-08-12T17:58:28.847+0000] {processor.py:830} INFO - Processing file /opt/airflow/dags/daily_scrape_and_load.py for tasks to queue
[2026-08-12T17:58:28.849+0000] {logging_mixin.py:188} INFO - [2026-08-12T17:58:28.848+0000] {dagbag.py:545} INFO - Filling up the DagBag from /opt/airflow/dags/daily_scrape_and_load.py
[2026-08-12T17:58:30.105+0000] {processor.py:840} INFO - DAG(s) 'daily_scrape_and_load' retrieved from /opt/airflow/dags/daily_scrape_and_load.py
[2026-08-12T17:58:30.190+0000] {logging_mixin.py:188} INFO - [2026-08-12T17:58:30.189+0000] {dag.py:3096} INFO - Sync 1 DAGs
[2026-08-12T17:58:30.262+0000] {logging_mixin.py:188} INFO - [2026-08-12T17:58:30.261+0000] {dag.py:3954} INFO - Setting next_dagrun for daily_scrape_and_load to 2026-08-12 00:00:00+00:00, run_after=2026-08-13 00:00:00+00:00
[2026-08-12T17:58:30.320+0000] {processor.py:183} INFO - Processing /opt/airflow/dags/daily_scrape_and_load.py took 1.485 seconds
[2026-08-12T17:59:00.574+0000] {processor.py:161} INFO - Started process (PID=554) to work on /opt/airflow/dags/daily_scrape_and_load.py
[2026-08-12T17:59:00.575+0000] {processor.py:830} INFO - Processing file /opt/airflow/dags/daily_scrape_and_load.py for tasks to queue
[2026-08-12T17:59:00.577+0000] {logging_mixin.py:188} INFO - [2026-08-12T17:59:00.577+0000] {dagbag.py:545} INFO - Filling up the DagBag from /opt/airflow/dags/daily_scrape_and_load.py
[2026-08-12T17:59:01.663+0000] {processor.py:840} INFO - DAG(s) 'daily_scrape_and_load' retrieved from /opt/airflow/dags/daily_scrape_and_load.py
[2026-08-12T17:59:01.741+0000] {logging_mixin.py:188} INFO - [2026-08-12T17:59:01.740+0000] {dag.py:3096} INFO - Sync 1 DAGs
[2026-08-12T17:59:01.778+0000] {logging_mixin.py:188} INFO - [2026-08-12T17:59:01.778+0000] {dag.py:3954} INFO - Setting next_dagrun for daily_scrape_and_load to 2026-08-12 00:00:00+00:00, run_after=2026-08-13 00:00:00+00:00
[2026-08-12T17:59:01.809+0000] {processor.py:183} INFO - Processing /opt/airflow/dags/daily_scrape_and_load.py took 1.246 seconds
[2026-08-12T17:59:32.126+0000] {processor.py:161} INFO - Started process (PID=560) to work on /opt/airflow/dags/daily_scrape_and_load.py
[2026-08-12T17:59:32.128+0000] {processor.py:830} INFO - Processing file /opt/airflow/dags/daily_scrape_and_load.py for tasks to queue
[2026-08-12T17:59:32.131+0000] {logging_mixin.py:188} INFO - [2026-08-12T17:59:32.130+0000] {dagbag.py:545} INFO - Filling up the DagBag from /opt/airflow/dags/daily_scrape_and_load.py
[2026-08-12T17:59:33.821+0000] {processor.py:840} INFO - DAG(s) 'daily_scrape_and_load' retrieved from /opt/airflow/dags/daily_scrape_and_load.py
[2026-08-12T17:59:33.898+0000] {logging_mixin.py:188} INFO - [2026-08-12T17:59:33.898+0000] {dag.py:3096} INFO - Sync 1 DAGs
[2026-08-12T17:59:33.942+0000] {logging_mixin.py:188} INFO - [2026-08-12T17:59:33.941+0000] {dag.py:3954} INFO - Setting next_dagrun for daily_scrape_and_load to 2026-08-12 00:00:00+00:00, run_after=2026-08-13 00:00:00+00:00
[2026-08-12T17:59:33.978+0000] {processor.py:183} INFO - Processing /opt/airflow/dags/daily_scrape_and_load.py took 1.872 seconds
[2026-08-12T18:00:04.269+0000] {processor.py:161} INFO - Started process (PID=566) to work on /opt/airflow/dags/daily_scrape_and_load.py
[2026-08-12T18:00:04.270+0000] {processor.py:830} INFO - Processing file /opt/airflow/dags/daily_scrape_and_load.py for tasks to queue
[2026-08-12T18:00:04.272+0000] {logging_mixin.py:188} INFO - [2026-08-12T18:00:04.272+0000] {dagbag.py:545} INFO - Filling up the DagBag from /opt/airflow/dags/daily_scrape_and_load.py
[2026-08-12T18:00:05.393+0000] {processor.py:840} INFO - DAG(s) 'daily_scrape_and_load' retrieved from /opt/airflow/dags/daily_scrape_and_load.py
[2026-08-12T18:00:05.447+0000] {logging_mixin.py:188} INFO - [2026-08-12T18:00:05.446+0000] {dag.py:3096} INFO - Sync 1 DAGs
[2026-08-12T18:00:05.480+0000] {logging_mixin.py:188} INFO - [2026-08-12T18:00:05.480+0000] {dag.py:3954} INFO - Setting next_dagrun for daily_scrape_and_load to 2026-08-12 00:00:00+00:00, run_after=2026-08-13 00:00:00+00:00
[2026-08-12T18:00:05.513+0000] {processor.py:183} INFO - Processing /opt/airflow/dags/daily_scrape_and_load.py took 1.257 seconds
[2026-08-12T18:00:35.878+0000] {processor.py:161} INFO - Started process (PID=572) to work on /opt/airflow/dags/daily_scrape_and_load.py
[2026-08-12T18:00:35.880+0000] {processor.py:830} INFO - Processing file /opt/airflow/dags/daily_scrape_and_load.py for tasks to queue
[2026-08-12T18:00:35.883+0000] {logging_mixin.py:188} INFO - [2026-08-12T18:00:35.882+0000] {dagbag.py:545} INFO - Filling up the DagBag from /opt/airflow/dags/daily_scrape_and_load.py
[2026-08-12T18:00:37.203+0000] {processor.py:840} INFO - DAG(s) 'daily_scrape_and_load' retrieved from /opt/airflow/dags/daily_scrape_and_load.py
[2026-08-12T18:00:37.273+0000] {logging_mixin.py:188} INFO - [2026-08-12T18:00:37.272+0000] {dag.py:3096} INFO - Sync 1 DAGs
[2026-08-12T18:00:37.358+0000] {logging_mixin.py:188} INFO - [2026-08-12T18:00:37.358+0000] {dag.py:3954} INFO - Setting next_dagrun for daily_scrape_and_load to 2026-08-12 00:00:00+00:00, run_after=2026-08-13 00:00:00+00:00
[2026-08-12T18:00:37.418+0000] {processor.py:183} INFO - Processing /opt/airflow/dags/daily_scrape_and_load.py took 1.560 seconds
[2026-08-12T18:01:07.754+0000] {processor.py:161} INFO - Started process (PID=578) to work on /opt/airflow/dags/daily_scrape_and_load.py
[2026-08-12T18:01:07.756+0000] {processor.py:830} INFO - Processing file /opt/airflow/dags/daily_scrape_and_load.py for tasks to queue
[2026-08-12T18:01:07.758+0000] {logging_mixin.py:188} INFO - [2026-08-12T18:01:07.757+0000] {dagbag.py:545} INFO - Filling up the DagBag from /opt/airflow/dags/daily_scrape_and_load.py
[2026-08-12T18:01:08.868+0000] {processor.py:840} INFO - DAG(s) 'daily_scrape_and_load' retrieved from /opt/airflow/dags/daily_scrape_and_load.py
[2026-08-12T18:01:08.917+0000] {logging_mixin.py:188} INFO - [2026-08-12T18:01:08.917+0000] {dag.py:3096} INFO - Sync 1 DAGs
[2026-08-12T18:01:08.952+0000] {logging_mixin.py:188} INFO - [2026-08-12T18:01:08.951+0000] {dag.py:3954} INFO - Setting next_dagrun for daily_scrape_and_load to 2026-08-12 00:00:00+00:00, run_after=2026-08-13 00:00:00+00:00
[2026-08-12T18:01:08.988+0000] {processor.py:183} INFO - Processing /opt/airflow/dags/daily_scrape_and_load.py took 1.248 seconds
[2026-08-12T18:01:39.272+0000] {processor.py:161} INFO - Started process (PID=584) to work on /opt/airflow/dags/daily_scrape_and_load.py
[2026-08-12T18:01:39.273+0000] {processor.py:830} INFO - Processing file /opt/airflow/dags/daily_scrape_and_load.py for tasks to queue
[2026-08-12T18:01:39.276+0000] {logging_mixin.py:188} INFO - [2026-08-12T18:01:39.275+0000] {dagbag.py:545} INFO - Filling up the DagBag from /opt/airflow/dags/daily_scrape_and_load.py
[2026-08-12T18:01:40.566+0000] {processor.py:840} INFO - DAG(s) 'daily_scrape_and_load' retrieved from /opt/airflow/dags/daily_scrape_and_load.py
[2026-08-12T18:01:40.619+0000] {logging_mixin.py:188} INFO - [2026-08-12T18:01:40.619+0000] {dag.py:3096} INFO - Sync 1 DAGs
[2026-08-12T18:01:40.658+0000] {logging_mixin.py:188} INFO - [2026-08-12T18:01:40.658+0000] {dag.py:3954} INFO - Setting next_dagrun for daily_scrape_and_load to 2026-08-12 00:00:00+00:00, run_after=2026-08-13 00:00:00+00:00
[2026-08-12T18:01:40.700+0000] {processor.py:183} INFO - Processing /opt/airflow/dags/daily_scrape_and_load.py took 1.444 seconds
[2026-08-12T18:02:10.988+0000] {processor.py:161} INFO - Started process (PID=590) to work on /opt/airflow/dags/daily_scrape_and_load.py
[2026-08-12T18:02:11.080+0000] {processor.py:830} INFO - Processing file /opt/airflow/dags/daily_scrape_and_load.py for tasks to queue
[2026-08-12T18:02:11.082+0000] {logging_mixin.py:188} INFO - [2026-08-12T18:02:11.082+0000] {dagbag.py:545} INFO - Filling up the DagBag from /opt/airflow/dags/daily_scrape_and_load.py
[2026-08-12T18:02:12.194+0000] {processor.py:840} INFO - DAG(s) 'daily_scrape_and_load' retrieved from /opt/airflow/dags/daily_scrape_and_load.py
[2026-08-12T18:02:12.244+0000] {logging_mixin.py:188} INFO - [2026-08-12T18:02:12.243+0000] {dag.py:3096} INFO - Sync 1 DAGs
[2026-08-12T18:02:12.277+0000] {logging_mixin.py:188} INFO - [2026-08-12T18:02:12.277+0000] {dag.py:3954} INFO - Setting next_dagrun for daily_scrape_and_load to 2026-08-12 00:00:00+00:00, run_after=2026-08-13 00:00:00+00:00
[2026-08-12T18:02:12.320+0000] {processor.py:183} INFO - Processing /opt/airflow/dags/daily_scrape_and_load.py took 1.345 seconds
[2026-08-12T18:02:42.564+0000] {processor.py:161} INFO - Started process (PID=596) to work on /opt/airflow/dags/daily_scrape_and_load.py
[2026-08-12T18:02:42.565+0000] {processor.py:830} INFO - Processing file /opt/airflow/dags/daily_scrape_and_load.py for tasks to queue
[2026-08-12T18:02:42.567+0000] {logging_mixin.py:188} INFO - [2026-08-12T18:02:42.566+0000] {dagbag.py:545} INFO - Filling up the DagBag from /opt/airflow/dags/daily_scrape_and_load.py
[2026-08-12T18:02:43.394+0000] {processor.py:840} INFO - DAG(s) 'daily_scrape_and_load' retrieved from /opt/airflow/dags/daily_scrape_and_load.py
[2026-08-12T18:02:43.439+0000] {logging_mixin.py:188} INFO - [2026-08-12T18:02:43.438+0000] {dag.py:3096} INFO - Sync 1 DAGs
[2026-08-12T18:02:43.469+0000] {logging_mixin.py:188} INFO - [2026-08-12T18:02:43.469+0000] {dag.py:3954} INFO - Setting next_dagrun for daily_scrape_and_load to 2026-08-12 00:00:00+00:00, run_after=2026-08-13 00:00:00+00:00
[2026-08-12T18:02:43.516+0000] {processor.py:183} INFO - Processing /opt/airflow/dags/daily_scrape_and_load.py took 0.960 seconds
[2026-08-12T18:03:13.763+0000] {processor.py:161} INFO - Started process (PID=602) to work on /opt/airflow/dags/daily_scrape_and_load.py
[2026-08-12T18:03:13.764+0000] {processor.py:830} INFO - Processing file /opt/airflow/dags/daily_scrape_and_load.py for tasks to queue
[2026-08-12T18:03:13.766+0000] {logging_mixin.py:188} INFO - [2026-08-12T18:03:13.766+0000] {dagbag.py:545} INFO - Filling up the DagBag from /opt/airflow/dags/daily_scrape_and_load.py
[2026-08-12T18:03:14.638+0000] {processor.py:840} INFO - DAG(s) 'daily_scrape_and_load' retrieved from /opt/airflow/dags/daily_scrape_and_load.py
[2026-08-12T18:03:14.678+0000] {logging_mixin.py:188} INFO - [2026-08-12T18:03:14.678+0000] {dag.py:3096} INFO - Sync 1 DAGs
[2026-08-12T18:03:14.705+0000] {logging_mixin.py:188} INFO - [2026-08-12T18:03:14.705+0000] {dag.py:3954} INFO - Setting next_dagrun for daily_scrape_and_load to 2026-08-12 00:00:00+00:00, run_after=2026-08-13 00:00:00+00:00
[2026-08-12T18:03:14.733+0000] {processor.py:183} INFO - Processing /opt/airflow/dags/daily_scrape_and_load.py took 0.982 seconds
[2026-08-12T18:03:44.950+0000] {processor.py:161} INFO - Started process (PID=608) to work on /opt/airflow/dags/daily_scrape_and_load.py
[2026-08-12T18:03:44.951+0000] {processor.py:830} INFO - Processing file /opt/airflow/dags/daily_scrape_and_load.py for tasks to queue
[2026-08-12T18:03:44.953+0000] {logging_mixin.py:188} INFO - [2026-08-12T18:03:44.952+0000] {dagbag.py:545} INFO - Filling up the DagBag from /opt/airflow/dags/daily_scrape_and_load.py
[2026-08-12T18:03:46.049+0000] {processor.py:840} INFO - DAG(s) 'daily_scrape_and_load' retrieved from /opt/airflow/dags/daily_scrape_and_load.py
[2026-08-12T18:03:46.095+0000] {logging_mixin.py:188} INFO - [2026-08-12T18:03:46.095+0000] {dag.py:3096} INFO - Sync 1 DAGs
[2026-08-12T18:03:46.134+0000] {logging_mixin.py:188} INFO - [2026-08-12T18:03:46.133+0000] {dag.py:3954} INFO - Setting next_dagrun for daily_scrape_and_load to 2026-08-12 00:00:00+00:00, run_after=2026-08-13 00:00:00+00:00
[2026-08-12T18:03:46.183+0000] {processor.py:183} INFO - Processing /opt/airflow/dags/daily_scrape_and_load.py took 1.242 seconds
[2026-08-12T18:04:16.425+0000] {processor.py:161} INFO - Started process (PID=614) to work on /opt/airflow/dags/daily_scrape_and_load.py
[2026-08-12T18:04:16.426+0000] {processor.py:830} INFO - Processing file /opt/airflow/dags/daily_scrape_and_load.py for tasks to queue
[2026-08-12T18:04:16.428+0000] {logging_mixin.py:188} INFO - [2026-08-12T18:04:16.427+0000] {dagbag.py:545} INFO - Filling up the DagBag from /opt/airflow/dags/daily_scrape_and_load.py
[2026-08-12T18:04:17.240+0000] {processor.py:840} INFO - DAG(s) 'daily_scrape_and_load' retrieved from /opt/airflow/dags/daily_scrape_and_load.py
[2026-08-12T18:04:17.300+0000] {logging_mixin.py:188} INFO - [2026-08-12T18:04:17.300+0000] {dag.py:3096} INFO - Sync 1 DAGs
[2026-08-12T18:04:17.342+0000] {logging_mixin.py:188} INFO - [2026-08-12T18:04:17.341+0000] {dag.py:3954} INFO - Setting next_dagrun for daily_scrape_and_load to 2026-08-12 00:00:00+00:00, run_after=2026-08-13 00:00:00+00:00
[2026-08-12T18:04:17.375+0000] {processor.py:183} INFO - Processing /opt/airflow/dags/daily_scrape_and_load.py took 0.959 seconds
[2026-08-12T18:04:47.641+0000] {processor.py:161} INFO - Started process (PID=620) to work on /opt/airflow/dags/daily_scrape_and_load.py
[2026-08-12T18:04:47.643+0000] {processor.py:830} INFO - Processing file /opt/airflow/dags/daily_scrape_and_load.py for tasks to queue
[2026-08-12T18:04:47.645+0000] {logging_mixin.py:188} INFO - [2026-08-12T18:04:47.644+0000] {dagbag.py:545} INFO - Filling up the DagBag from /opt/airflow/dags/daily_scrape_and_load.py
[2026-08-12T18:04:48.694+0000] {processor.py:840} INFO - DAG(s) 'daily_scrape_and_load' retrieved from /opt/airflow/dags/daily_scrape_and_load.py
[2026-08-12T18:04:48.740+0000] {logging_mixin.py:188} INFO - [2026-08-12T18:04:48.740+0000] {dag.py:3096} INFO - Sync 1 DAGs
[2026-08-12T18:04:48.774+0000] {logging_mixin.py:188} INFO - [2026-08-12T18:04:48.773+0000] {dag.py:3954} INFO - Setting next_dagrun for daily_scrape_and_load to 2026-08-12 00:00:00+00:00, run_after=2026-08-13 00:00:00+00:00
[2026-08-12T18:04:48.806+0000] {processor.py:183} INFO - Processing /opt/airflow/dags/daily_scrape_and_load.py took 1.179 seconds
[2026-08-12T18:05:19.024+0000] {processor.py:161} INFO - Started process (PID=626) to work on /opt/airflow/dags/daily_scrape_and_load.py
[2026-08-12T18:05:19.025+0000] {processor.py:830} INFO - Processing file /opt/airflow/dags/daily_scrape_and_load.py for tasks to queue
[2026-08-12T18:05:19.027+0000] {logging_mixin.py:188} INFO - [2026-08-12T18:05:19.026+0000] {dagbag.py:545} INFO - Filling up the DagBag from /opt/airflow/dags/daily_scrape_and_load.py
[2026-08-12T18:05:20.163+0000] {processor.py:840} INFO - DAG(s) 'daily_scrape_and_load' retrieved from /opt/airflow/dags/daily_scrape_and_load.py
[2026-08-12T18:05:20.227+0000] {logging_mixin.py:188} INFO - [2026-08-12T18:05:20.227+0000] {dag.py:3096} INFO - Sync 1 DAGs
[2026-08-12T18:05:20.268+0000] {logging_mixin.py:188} INFO - [2026-08-12T18:05:20.267+0000] {dag.py:3954} INFO - Setting next_dagrun for daily_scrape_and_load to 2026-08-12 00:00:00+00:00, run_after=2026-08-13 00:00:00+00:00
[2026-08-12T18:05:20.300+0000] {processor.py:183} INFO - Processing /opt/airflow/dags/daily_scrape_and_load.py took 1.286 seconds
[2026-08-12T18:05:50.516+0000] {processor.py:161} INFO - Started process (PID=632) to work on /opt/airflow/dags/daily_scrape_and_load.py
[2026-08-12T18:05:50.517+0000] {processor.py:830} INFO - Processing file /opt/airflow/dags/daily_scrape_and_load.py for tasks to queue
[2026-08-12T18:05:50.518+0000] {logging_mixin.py:188} INFO - [2026-08-12T18:05:50.518+0000] {dagbag.py:545} INFO - Filling up the DagBag from /opt/airflow/dags/daily_scrape_and_load.py
[2026-08-12T18:05:51.341+0000] {processor.py:840} INFO - DAG(s) 'daily_scrape_and_load' retrieved from /opt/airflow/dags/daily_scrape_and_load.py
[2026-08-12T18:05:51.387+0000] {logging_mixin.py:188} INFO - [2026-08-12T18:05:51.387+0000] {dag.py:3096} INFO - Sync 1 DAGs
[2026-08-12T18:05:51.419+0000] {logging_mixin.py:188} INFO - [2026-08-12T18:05:51.419+0000] {dag.py:3954} INFO - Setting next_dagrun for daily_scrape_and_load to 2026-08-12 00:00:00+00:00, run_after=2026-08-13 00:00:00+00:00
[2026-08-12T18:05:51.454+0000] {processor.py:183} INFO - Processing /opt/airflow/dags/daily_scrape_and_load.py took 0.948 seconds
[2026-08-12T18:06:21.682+0000] {processor.py:161} INFO - Started process (PID=638) to work on /opt/airflow/dags/daily_scrape_and_load.py
[2026-08-12T18:06:21.683+0000] {processor.py:830} INFO - Processing file /opt/airflow/dags/daily_scrape_and_load.py for tasks to queue
[2026-08-12T18:06:21.684+0000] {logging_mixin.py:188} INFO - [2026-08-12T18:06:21.684+0000] {dagbag.py:545} INFO - Filling up the DagBag from /opt/airflow/dags/daily_scrape_and_load.py
[2026-08-12T18:06:22.467+0000] {processor.py:840} INFO - DAG(s) 'daily_scrape_and_load' retrieved from /opt/airflow/dags/daily_scrape_and_load.py
[2026-08-12T18:06:22.506+0000] {logging_mixin.py:188} INFO - [2026-08-12T18:06:22.506+0000] {dag.py:3096} INFO - Sync 1 DAGs
[2026-08-12T18:06:22.535+0000] {logging_mixin.py:188} INFO - [2026-08-12T18:06:22.535+0000] {dag.py:3954} INFO - Setting next_dagrun for daily_scrape_and_load to 2026-08-12 00:00:00+00:00, run_after=2026-08-13 00:00:00+00:00
[2026-08-12T18:06:22.586+0000] {processor.py:183} INFO - Processing /opt/airflow/dags/daily_scrape_and_load.py took 0.913 seconds
[2026-08-12T18:06:52.851+0000] {processor.py:161} INFO - Started process (PID=644) to work on /opt/airflow/dags/daily_scrape_and_load.py
[2026-08-12T18:06:52.852+0000] {processor.py:830} INFO - Processing file /opt/airflow/dags/daily_scrape_and_load.py for tasks to queue
[2026-08-12T18:06:52.854+0000] {logging_mixin.py:188} INFO - [2026-08-12T18:06:52.853+0000] {dagbag.py:545} INFO - Filling up the DagBag from /opt/airflow/dags/daily_scrape_and_load.py
[2026-08-12T18:06:53.603+0000] {processor.py:840} INFO - DAG(s) 'daily_scrape_and_load' retrieved from /opt/airflow/dags/daily_scrape_and_load.py
[2026-08-12T18:06:53.641+0000] {logging_mixin.py:188} INFO - [2026-08-12T18:06:53.640+0000] {dag.py:3096} INFO - Sync 1 DAGs
[2026-08-12T18:06:53.666+0000] {logging_mixin.py:188} INFO - [2026-08-12T18:06:53.666+0000] {dag.py:3954} INFO - Setting next_dagrun for daily_scrape_and_load to 2026-08-12 00:00:00+00:00, run_after=2026-08-13 00:00:00+00:00
[2026-08-12T18:06:53.692+0000] {processor.py:183} INFO - Processing /opt/airflow/dags/daily_scrape_and_load.py took 0.850 seconds
[2026-08-12T18:07:23.861+0000] {processor.py:161} INFO - Started process (PID=650) to work on /opt/airflow/dags/daily_scrape_and_load.py
[2026-08-12T18:07:23.863+0000] {processor.py:830} INFO - Processing file /opt/airflow/dags/daily_scrape_and_load.py for tasks to queue
[2026-08-12T18:07:23.866+0000] {logging_mixin.py:188} INFO - [2026-08-12T18:07:23.865+0000] {dagbag.py:545} INFO - Filling up the DagBag from /opt/airflow/dags/daily_scrape_and_load.py
[2026-08-12T18:07:25.322+0000] {processor.py:840} INFO - DAG(s) 'daily_scrape_and_load' retrieved from /opt/airflow/dags/daily_scrape_and_load.py
[2026-08-12T18:07:25.393+0000] {logging_mixin.py:188} INFO - [2026-08-12T18:07:25.392+0000] {dag.py:3096} INFO - Sync 1 DAGs
[2026-08-12T18:07:25.444+0000] {logging_mixin.py:188} INFO - [2026-08-12T18:07:25.444+0000] {dag.py:3954} INFO - Setting next_dagrun for daily_scrape_and_load to 2026-08-12 00:00:00+00:00, run_after=2026-08-13 00:00:00+00:00
[2026-08-12T18:07:25.489+0000] {processor.py:183} INFO - Processing /opt/airflow/dags/daily_scrape_and_load.py took 1.648 seconds
[2026-08-12T18:07:55.782+0000] {processor.py:161} INFO - Started process (PID=656) to work on /opt/airflow/dags/daily_scrape_and_load.py
[2026-08-12T18:07:55.783+0000] {processor.py:830} INFO - Processing file /opt/airflow/dags/daily_scrape_and_load.py for tasks to queue
[2026-08-12T18:07:55.785+0000] {logging_mixin.py:188} INFO - [2026-08-12T18:07:55.784+0000] {dagbag.py:545} INFO - Filling up the DagBag from /opt/airflow/dags/daily_scrape_and_load.py
[2026-08-12T18:07:56.727+0000] {processor.py:840} INFO - DAG(s) 'daily_scrape_and_load' retrieved from /opt/airflow/dags/daily_scrape_and_load.py
[2026-08-12T18:07:56.775+0000] {logging_mixin.py:188} INFO - [2026-08-12T18:07:56.774+0000] {dag.py:3096} INFO - Sync 1 DAGs
[2026-08-12T18:07:56.808+0000] {logging_mixin.py:188} INFO - [2026-08-12T18:07:56.807+0000] {dag.py:3954} INFO - Setting next_dagrun for daily_scrape_and_load to 2026-08-12 00:00:00+00:00, run_after=2026-08-13 00:00:00+00:00
[2026-08-12T18:07:56.846+0000] {processor.py:183} INFO - Processing /opt/airflow/dags/daily_scrape_and_load.py took 1.077 seconds
[2026-08-12T18:08:27.161+0000] {processor.py:161} INFO - Started process (PID=669) to work on /opt/airflow/dags/daily_scrape_and_load.py
[2026-08-12T18:08:27.162+0000] {processor.py:830} INFO - Processing file /opt/airflow/dags/daily_scrape_and_load.py for tasks to queue
[2026-08-12T18:08:27.164+0000] {logging_mixin.py:188} INFO - [2026-08-12T18:08:27.163+0000] {dagbag.py:545} INFO - Filling up the DagBag from /opt/airflow/dags/daily_scrape_and_load.py
[2026-08-12T18:08:28.335+0000] {processor.py:840} INFO - DAG(s) 'daily_scrape_and_load' retrieved from /opt/airflow/dags/daily_scrape_and_load.py
[2026-08-12T18:08:28.400+0000] {logging_mixin.py:188} INFO - [2026-08-12T18:08:28.399+0000] {dag.py:3096} INFO - Sync 1 DAGs
[2026-08-12T18:08:28.436+0000] {logging_mixin.py:188} INFO - [2026-08-12T18:08:28.436+0000] {dag.py:3954} INFO - Setting next_dagrun for daily_scrape_and_load to 2026-08-12 00:00:00+00:00, run_after=2026-08-13 00:00:00+00:00
[2026-08-12T18:08:28.475+0000] {processor.py:183} INFO - Processing /opt/airflow/dags/daily_scrape_and_load.py took 1.328 seconds
[2026-08-12T18:08:58.862+0000] {processor.py:161} INFO - Started process (PID=675) to work on /opt/airflow/dags/daily_scrape_and_load.py
[2026-08-12T18:08:58.865+0000] {processor.py:830} INFO - Processing file /opt/airflow/dags/daily_scrape_and_load.py for tasks to queue
[2026-08-12T18:08:58.870+0000] {logging_mixin.py:188} INFO - [2026-08-12T18:08:58.869+0000] {dagbag.py:545} INFO - Filling up the DagBag from /opt/airflow/dags/daily_scrape_and_load.py
[2026-08-12T18:09:00.331+0000] {processor.py:840} INFO - DAG(s) 'daily_scrape_and_load' retrieved from /opt/airflow/dags/daily_scrape_and_load.py
[2026-08-12T18:09:00.401+0000] {logging_mixin.py:188} INFO - [2026-08-12T18:09:00.401+0000] {dag.py:3096} INFO - Sync 1 DAGs
[2026-08-12T18:09:00.435+0000] {logging_mixin.py:188} INFO - [2026-08-12T18:09:00.434+0000] {dag.py:3954} INFO - Setting next_dagrun for daily_scrape_and_load to 2026-08-12 00:00:00+00:00, run_after=2026-08-13 00:00:00+00:00
[2026-08-12T18:09:00.469+0000] {processor.py:183} INFO - Processing /opt/airflow/dags/daily_scrape_and_load.py took 1.628 seconds
[2026-08-12T18:09:31.163+0000] {processor.py:161} INFO - Started process (PID=686) to work on /opt/airflow/dags/daily_scrape_and_load.py
[2026-08-12T18:09:31.168+0000] {processor.py:830} INFO - Processing file /opt/airflow/dags/daily_scrape_and_load.py for tasks to queue
[2026-08-12T18:09:31.171+0000] {logging_mixin.py:188} INFO - [2026-08-12T18:09:31.170+0000] {dagbag.py:545} INFO - Filling up the DagBag from /opt/airflow/dags/daily_scrape_and_load.py
[2026-08-12T18:09:33.471+0000] {processor.py:840} INFO - DAG(s) 'daily_scrape_and_load' retrieved from /opt/airflow/dags/daily_scrape_and_load.py
[2026-08-12T18:09:33.670+0000] {logging_mixin.py:188} INFO - [2026-08-12T18:09:33.670+0000] {dag.py:3096} INFO - Sync 1 DAGs
[2026-08-12T18:09:33.768+0000] {logging_mixin.py:188} INFO - [2026-08-12T18:09:33.767+0000] {dag.py:3954} INFO - Setting next_dagrun for daily_scrape_and_load to 2026-08-12 00:00:00+00:00, run_after=2026-08-13 00:00:00+00:00
[2026-08-12T18:09:33.842+0000] {processor.py:183} INFO - Processing /opt/airflow/dags/daily_scrape_and_load.py took 2.717 seconds
[2026-08-12T18:10:04.519+0000] {processor.py:161} INFO - Started process (PID=699) to work on /opt/airflow/dags/daily_scrape_and_load.py
[2026-08-12T18:10:04.522+0000] {processor.py:830} INFO - Processing file /opt/airflow/dags/daily_scrape_and_load.py for tasks to queue
[2026-08-12T18:10:04.533+0000] {logging_mixin.py:188} INFO - [2026-08-12T18:10:04.532+0000] {dagbag.py:545} INFO - Filling up the DagBag from /opt/airflow/dags/daily_scrape_and_load.py
[2026-08-12T18:10:09.375+0000] {processor.py:840} INFO - DAG(s) 'daily_scrape_and_load' retrieved from /opt/airflow/dags/daily_scrape_and_load.py
[2026-08-12T18:10:09.546+0000] {logging_mixin.py:188} INFO - [2026-08-12T18:10:09.545+0000] {dag.py:3096} INFO - Sync 1 DAGs
[2026-08-12T18:10:09.742+0000] {logging_mixin.py:188} INFO - [2026-08-12T18:10:09.741+0000] {dag.py:3954} INFO - Setting next_dagrun for daily_scrape_and_load to 2026-08-12 00:00:00+00:00, run_after=2026-08-13 00:00:00+00:00
[2026-08-12T18:10:09.797+0000] {processor.py:183} INFO - Processing /opt/airflow/dags/daily_scrape_and_load.py took 5.311 seconds
[2026-08-12T18:10:40.042+0000] {processor.py:161} INFO - Started process (PID=724) to work on /opt/airflow/dags/daily_scrape_and_load.py
[2026-08-12T18:10:40.044+0000] {processor.py:830} INFO - Processing file /opt/airflow/dags/daily_scrape_and_load.py for tasks to queue
[2026-08-12T18:10:40.047+0000] {logging_mixin.py:188} INFO - [2026-08-12T18:10:40.046+0000] {dagbag.py:545} INFO - Filling up the DagBag from /opt/airflow/dags/daily_scrape_and_load.py
[2026-08-12T18:10:41.103+0000] {processor.py:840} INFO - DAG(s) 'daily_scrape_and_load' retrieved from /opt/airflow/dags/daily_scrape_and_load.py
[2026-08-12T18:10:41.162+0000] {logging_mixin.py:188} INFO - [2026-08-12T18:10:41.162+0000] {dag.py:3096} INFO - Sync 1 DAGs
[2026-08-12T18:10:41.194+0000] {logging_mixin.py:188} INFO - [2026-08-12T18:10:41.194+0000] {dag.py:3954} INFO - Setting next_dagrun for daily_scrape_and_load to 2026-08-12 00:00:00+00:00, run_after=2026-08-13 00:00:00+00:00
[2026-08-12T18:10:41.222+0000] {processor.py:183} INFO - Processing /opt/airflow/dags/daily_scrape_and_load.py took 1.203 seconds
[2026-08-12T18:11:11.546+0000] {processor.py:161} INFO - Started process (PID=730) to work on /opt/airflow/dags/daily_scrape_and_load.py
[2026-08-12T18:11:11.548+0000] {processor.py:830} INFO - Processing file /opt/airflow/dags/daily_scrape_and_load.py for tasks to queue
[2026-08-12T18:11:11.553+0000] {logging_mixin.py:188} INFO - [2026-08-12T18:11:11.552+0000] {dagbag.py:545} INFO - Filling up the DagBag from /opt/airflow/dags/daily_scrape_and_load.py
[2026-08-12T18:11:13.124+0000] {processor.py:840} INFO - DAG(s) 'daily_scrape_and_load' retrieved from /opt/airflow/dags/daily_scrape_and_load.py
[2026-08-12T18:11:13.225+0000] {logging_mixin.py:188} INFO - [2026-08-12T18:11:13.225+0000] {dag.py:3096} INFO - Sync 1 DAGs
[2026-08-12T18:11:13.272+0000] {logging_mixin.py:188} INFO - [2026-08-12T18:11:13.272+0000] {dag.py:3954} INFO - Setting next_dagrun for daily_scrape_and_load to 2026-08-12 00:00:00+00:00, run_after=2026-08-13 00:00:00+00:00
[2026-08-12T18:11:13.430+0000] {processor.py:183} INFO - Processing /opt/airflow/dags/daily_scrape_and_load.py took 1.917 seconds
[2026-08-12T18:11:43.788+0000] {processor.py:161} INFO - Started process (PID=736) to work on /opt/airflow/dags/daily_scrape_and_load.py
[2026-08-12T18:11:43.789+0000] {processor.py:830} INFO - Processing file /opt/airflow/dags/daily_scrape_and_load.py for tasks to queue
[2026-08-12T18:11:43.790+0000] {logging_mixin.py:188} INFO - [2026-08-12T18:11:43.790+0000] {dagbag.py:545} INFO - Filling up the DagBag from /opt/airflow/dags/daily_scrape_and_load.py
[2026-08-12T18:11:44.717+0000] {processor.py:840} INFO - DAG(s) 'daily_scrape_and_load' retrieved from /opt/airflow/dags/daily_scrape_and_load.py
[2026-08-12T18:11:44.782+0000] {logging_mixin.py:188} INFO - [2026-08-12T18:11:44.782+0000] {dag.py:3096} INFO - Sync 1 DAGs
[2026-08-12T18:11:44.815+0000] {logging_mixin.py:188} INFO - [2026-08-12T18:11:44.814+0000] {dag.py:3954} INFO - Setting next_dagrun for daily_scrape_and_load to 2026-08-12 00:00:00+00:00, run_after=2026-08-13 00:00:00+00:00
[2026-08-12T18:11:44.948+0000] {processor.py:183} INFO - Processing /opt/airflow/dags/daily_scrape_and_load.py took 1.168 seconds
[2026-08-12T18:12:15.139+0000] {processor.py:161} INFO - Started process (PID=742) to work on /opt/airflow/dags/daily_scrape_and_load.py
[2026-08-12T18:12:15.140+0000] {processor.py:830} INFO - Processing file /opt/airflow/dags/daily_scrape_and_load.py for tasks to queue
[2026-08-12T18:12:15.141+0000] {logging_mixin.py:188} INFO - [2026-08-12T18:12:15.141+0000] {dagbag.py:545} INFO - Filling up the DagBag from /opt/airflow/dags/daily_scrape_and_load.py
[2026-08-12T18:12:15.788+0000] {processor.py:840} INFO - DAG(s) 'daily_scrape_and_load' retrieved from /opt/airflow/dags/daily_scrape_and_load.py
[2026-08-12T18:12:15.821+0000] {logging_mixin.py:188} INFO - [2026-08-12T18:12:15.821+0000] {dag.py:3096} INFO - Sync 1 DAGs
[2026-08-12T18:12:15.846+0000] {logging_mixin.py:188} INFO - [2026-08-12T18:12:15.846+0000] {dag.py:3954} INFO - Setting next_dagrun for daily_scrape_and_load to 2026-08-12 00:00:00+00:00, run_after=2026-08-13 00:00:00+00:00
[2026-08-12T18:12:15.870+0000] {processor.py:183} INFO - Processing /opt/airflow/dags/daily_scrape_and_load.py took 0.738 seconds
[2026-08-12T18:12:46.224+0000] {processor.py:161} INFO - Started process (PID=748) to work on /opt/airflow/dags/daily_scrape_and_load.py
[2026-08-12T18:12:46.225+0000] {processor.py:830} INFO - Processing file /opt/airflow/dags/daily_scrape_and_load.py for tasks to queue
[2026-08-12T18:12:46.226+0000] {logging_mixin.py:188} INFO - [2026-08-12T18:12:46.226+0000] {dagbag.py:545} INFO - Filling up the DagBag from /opt/airflow/dags/daily_scrape_and_load.py
[2026-08-12T18:12:46.881+0000] {processor.py:840} INFO - DAG(s) 'daily_scrape_and_load' retrieved from /opt/airflow/dags/daily_scrape_and_load.py
[2026-08-12T18:12:46.914+0000] {logging_mixin.py:188} INFO - [2026-08-12T18:12:46.913+0000] {dag.py:3096} INFO - Sync 1 DAGs
[2026-08-12T18:12:46.943+0000] {logging_mixin.py:188} INFO - [2026-08-12T18:12:46.943+0000] {dag.py:3954} INFO - Setting next_dagrun for daily_scrape_and_load to 2026-08-12 00:00:00+00:00, run_after=2026-08-13 00:00:00+00:00
[2026-08-12T18:12:46.969+0000] {processor.py:183} INFO - Processing /opt/airflow/dags/daily_scrape_and_load.py took 0.754 seconds
[2026-08-12T18:13:17.424+0000] {processor.py:161} INFO - Started process (PID=754) to work on /opt/airflow/dags/daily_scrape_and_load.py
[2026-08-12T18:13:17.425+0000] {processor.py:830} INFO - Processing file /opt/airflow/dags/daily_scrape_and_load.py for tasks to queue
[2026-08-12T18:13:17.427+0000] {logging_mixin.py:188} INFO - [2026-08-12T18:13:17.426+0000] {dagbag.py:545} INFO - Filling up the DagBag from /opt/airflow/dags/daily_scrape_and_load.py
[2026-08-12T18:13:18.135+0000] {processor.py:840} INFO - DAG(s) 'daily_scrape_and_load' retrieved from /opt/airflow/dags/daily_scrape_and_load.py
[2026-08-12T18:13:18.175+0000] {logging_mixin.py:188} INFO - [2026-08-12T18:13:18.175+0000] {dag.py:3096} INFO - Sync 1 DAGs
[2026-08-12T18:13:18.201+0000] {logging_mixin.py:188} INFO - [2026-08-12T18:13:18.201+0000] {dag.py:3954} INFO - Setting next_dagrun for daily_scrape_and_load to 2026-08-12 00:00:00+00:00, run_after=2026-08-13 00:00:00+00:00
[2026-08-12T18:13:18.228+0000] {processor.py:183} INFO - Processing /opt/airflow/dags/daily_scrape_and_load.py took 0.812 seconds
[2026-08-12T18:13:48.664+0000] {processor.py:161} INFO - Started process (PID=760) to work on /opt/airflow/dags/daily_scrape_and_load.py
[2026-08-12T18:13:48.665+0000] {processor.py:830} INFO - Processing file /opt/airflow/dags/daily_scrape_and_load.py for tasks to queue
[2026-08-12T18:13:48.666+0000] {logging_mixin.py:188} INFO - [2026-08-12T18:13:48.665+0000] {dagbag.py:545} INFO - Filling up the DagBag from /opt/airflow/dags/daily_scrape_and_load.py
[2026-08-12T18:13:49.314+0000] {processor.py:840} INFO - DAG(s) 'daily_scrape_and_load' retrieved from /opt/airflow/dags/daily_scrape_and_load.py
[2026-08-12T18:13:49.357+0000] {logging_mixin.py:188} INFO - [2026-08-12T18:13:49.357+0000] {dag.py:3096} INFO - Sync 1 DAGs
[2026-08-12T18:13:49.384+0000] {logging_mixin.py:188} INFO - [2026-08-12T18:13:49.384+0000] {dag.py:3954} INFO - Setting next_dagrun for daily_scrape_and_load to 2026-08-12 00:00:00+00:00, run_after=2026-08-13 00:00:00+00:00
[2026-08-12T18:13:49.415+0000] {processor.py:183} INFO - Processing /opt/airflow/dags/daily_scrape_and_load.py took 0.760 seconds
[2026-08-12T18:14:19.606+0000] {processor.py:161} INFO - Started process (PID=766) to work on /opt/airflow/dags/daily_scrape_and_load.py
[2026-08-12T18:14:19.607+0000] {processor.py:830} INFO - Processing file /opt/airflow/dags/daily_scrape_and_load.py for tasks to queue
[2026-08-12T18:14:19.609+0000] {logging_mixin.py:188} INFO - [2026-08-12T18:14:19.608+0000] {dagbag.py:545} INFO - Filling up the DagBag from /opt/airflow/dags/daily_scrape_and_load.py
[2026-08-12T18:14:20.307+0000] {processor.py:840} INFO - DAG(s) 'daily_scrape_and_load' retrieved from /opt/airflow/dags/daily_scrape_and_load.py
[2026-08-12T18:14:20.347+0000] {logging_mixin.py:188} INFO - [2026-08-12T18:14:20.347+0000] {dag.py:3096} INFO - Sync 1 DAGs
[2026-08-12T18:14:20.385+0000] {logging_mixin.py:188} INFO - [2026-08-12T18:14:20.384+0000] {dag.py:3954} INFO - Setting next_dagrun for daily_scrape_and_load to 2026-08-12 00:00:00+00:00, run_after=2026-08-13 00:00:00+00:00
[2026-08-12T18:14:20.423+0000] {processor.py:183} INFO - Processing /opt/airflow/dags/daily_scrape_and_load.py took 0.824 seconds
[2026-08-12T18:14:50.877+0000] {processor.py:161} INFO - Started process (PID=772) to work on /opt/airflow/dags/daily_scrape_and_load.py
[2026-08-12T18:14:50.877+0000] {processor.py:830} INFO - Processing file /opt/airflow/dags/daily_scrape_and_load.py for tasks to queue
[2026-08-12T18:14:50.879+0000] {logging_mixin.py:188} INFO - [2026-08-12T18:14:50.878+0000] {dagbag.py:545} INFO - Filling up the DagBag from /opt/airflow/dags/daily_scrape_and_load.py
[2026-08-12T18:14:51.540+0000] {processor.py:840} INFO - DAG(s) 'daily_scrape_and_load' retrieved from /opt/airflow/dags/daily_scrape_and_load.py
[2026-08-12T18:14:51.573+0000] {logging_mixin.py:188} INFO - [2026-08-12T18:14:51.573+0000] {dag.py:3096} INFO - Sync 1 DAGs
[2026-08-12T18:14:51.595+0000] {logging_mixin.py:188} INFO - [2026-08-12T18:14:51.595+0000] {dag.py:3954} INFO - Setting next_dagrun for daily_scrape_and_load to 2026-08-12 00:00:00+00:00, run_after=2026-08-13 00:00:00+00:00
[2026-08-12T18:14:51.622+0000] {processor.py:183} INFO - Processing /opt/airflow/dags/daily_scrape_and_load.py took 0.753 seconds
[2026-08-12T18:15:22.003+0000] {processor.py:161} INFO - Started process (PID=778) to work on /opt/airflow/dags/daily_scrape_and_load.py
[2026-08-12T18:15:22.004+0000] {processor.py:830} INFO - Processing file /opt/airflow/dags/daily_scrape_and_load.py for tasks to queue
[2026-08-12T18:15:22.006+0000] {logging_mixin.py:188} INFO - [2026-08-12T18:15:22.005+0000] {dagbag.py:545} INFO - Filling up the DagBag from /opt/airflow/dags/daily_scrape_and_load.py
[2026-08-12T18:15:22.633+0000] {processor.py:840} INFO - DAG(s) 'daily_scrape_and_load' retrieved from /opt/airflow/dags/daily_scrape_and_load.py
[2026-08-12T18:15:22.665+0000] {logging_mixin.py:188} INFO - [2026-08-12T18:15:22.664+0000] {dag.py:3096} INFO - Sync 1 DAGs
[2026-08-12T18:15:22.689+0000] {logging_mixin.py:188} INFO - [2026-08-12T18:15:22.689+0000] {dag.py:3954} INFO - Setting next_dagrun for daily_scrape_and_load to 2026-08-12 00:00:00+00:00, run_after=2026-08-13 00:00:00+00:00
[2026-08-12T18:15:22.714+0000] {processor.py:183} INFO - Processing /opt/airflow/dags/daily_scrape_and_load.py took 0.718 seconds
[2026-08-12T18:15:52.895+0000] {processor.py:161} INFO - Started process (PID=784) to work on /opt/airflow/dags/daily_scrape_and_load.py
[2026-08-12T18:15:52.896+0000] {processor.py:830} INFO - Processing file /opt/airflow/dags/daily_scrape_and_load.py for tasks to queue
[2026-08-12T18:15:52.897+0000] {logging_mixin.py:188} INFO - [2026-08-12T18:15:52.897+0000] {dagbag.py:545} INFO - Filling up the DagBag from /opt/airflow/dags/daily_scrape_and_load.py
[2026-08-12T18:15:53.576+0000] {processor.py:840} INFO - DAG(s) 'daily_scrape_and_load' retrieved from /opt/airflow/dags/daily_scrape_and_load.py
[2026-08-12T18:15:53.612+0000] {logging_mixin.py:188} INFO - [2026-08-12T18:15:53.612+0000] {dag.py:3096} INFO - Sync 1 DAGs
[2026-08-12T18:15:53.637+0000] {logging_mixin.py:188} INFO - [2026-08-12T18:15:53.637+0000] {dag.py:3954} INFO - Setting next_dagrun for daily_scrape_and_load to 2026-08-12 00:00:00+00:00, run_after=2026-08-13 00:00:00+00:00
[2026-08-12T18:15:53.661+0000] {processor.py:183} INFO - Processing /opt/airflow/dags/daily_scrape_and_load.py took 0.773 seconds
[2026-08-12T18:16:24.072+0000] {processor.py:161} INFO - Started process (PID=790) to work on /opt/airflow/dags/daily_scrape_and_load.py
[2026-08-12T18:16:24.073+0000] {processor.py:830} INFO - Processing file /opt/airflow/dags/daily_scrape_and_load.py for tasks to queue
[2026-08-12T18:16:24.074+0000] {logging_mixin.py:188} INFO - [2026-08-12T18:16:24.073+0000] {dagbag.py:545} INFO - Filling up the DagBag from /opt/airflow/dags/daily_scrape_and_load.py
[2026-08-12T18:16:24.712+0000] {processor.py:840} INFO - DAG(s) 'daily_scrape_and_load' retrieved from /opt/airflow/dags/daily_scrape_and_load.py
[2026-08-12T18:16:24.745+0000] {logging_mixin.py:188} INFO - [2026-08-12T18:16:24.744+0000] {dag.py:3096} INFO - Sync 1 DAGs
[2026-08-12T18:16:24.767+0000] {logging_mixin.py:188} INFO - [2026-08-12T18:16:24.767+0000] {dag.py:3954} INFO - Setting next_dagrun for daily_scrape_and_load to 2026-08-12 00:00:00+00:00, run_after=2026-08-13 00:00:00+00:00
[2026-08-12T18:16:24.792+0000] {processor.py:183} INFO - Processing /opt/airflow/dags/daily_scrape_and_load.py took 0.730 seconds
[2026-08-12T18:16:55.227+0000] {processor.py:161} INFO - Started process (PID=796) to work on /opt/airflow/dags/daily_scrape_and_load.py
[2026-08-12T18:16:55.228+0000] {processor.py:830} INFO - Processing file /opt/airflow/dags/daily_scrape_and_load.py for tasks to queue
[2026-08-12T18:16:55.230+0000] {logging_mixin.py:188} INFO - [2026-08-12T18:16:55.229+0000] {dagbag.py:545} INFO - Filling up the DagBag from /opt/airflow/dags/daily_scrape_and_load.py
[2026-08-12T18:16:55.873+0000] {processor.py:840} INFO - DAG(s) 'daily_scrape_and_load' retrieved from /opt/airflow/dags/daily_scrape_and_load.py
[2026-08-12T18:16:55.905+0000] {logging_mixin.py:188} INFO - [2026-08-12T18:16:55.905+0000] {dag.py:3096} INFO - Sync 1 DAGs
[2026-08-12T18:16:55.933+0000] {logging_mixin.py:188} INFO - [2026-08-12T18:16:55.933+0000] {dag.py:3954} INFO - Setting next_dagrun for daily_scrape_and_load to 2026-08-12 00:00:00+00:00, run_after=2026-08-13 00:00:00+00:00
[2026-08-12T18:16:55.959+0000] {processor.py:183} INFO - Processing /opt/airflow/dags/daily_scrape_and_load.py took 0.739 seconds
[2026-08-12T18:17:26.232+0000] {processor.py:161} INFO - Started process (PID=802) to work on /opt/airflow/dags/daily_scrape_and_load.py
[2026-08-12T18:17:26.232+0000] {processor.py:830} INFO - Processing file /opt/airflow/dags/daily_scrape_and_load.py for tasks to queue
[2026-08-12T18:17:26.234+0000] {logging_mixin.py:188} INFO - [2026-08-12T18:17:26.233+0000] {dagbag.py:545} INFO - Filling up the DagBag from /opt/airflow/dags/daily_scrape_and_load.py
[2026-08-12T18:17:26.859+0000] {processor.py:840} INFO - DAG(s) 'daily_scrape_and_load' retrieved from /opt/airflow/dags/daily_scrape_and_load.py
[2026-08-12T18:17:26.891+0000] {logging_mixin.py:188} INFO - [2026-08-12T18:17:26.891+0000] {dag.py:3096} INFO - Sync 1 DAGs
[2026-08-12T18:17:26.914+0000] {logging_mixin.py:188} INFO - [2026-08-12T18:17:26.914+0000] {dag.py:3954} INFO - Setting next_dagrun for daily_scrape_and_load to 2026-08-12 00:00:00+00:00, run_after=2026-08-13 00:00:00+00:00
[2026-08-12T18:17:26.937+0000] {processor.py:183} INFO - Processing /opt/airflow/dags/daily_scrape_and_load.py took 0.713 seconds
[2026-08-12T18:17:57.453+0000] {processor.py:161} INFO - Started process (PID=808) to work on /opt/airflow/dags/daily_scrape_and_load.py
[2026-08-12T18:17:57.454+0000] {processor.py:830} INFO - Processing file /opt/airflow/dags/daily_scrape_and_load.py for tasks to queue
[2026-08-12T18:17:57.456+0000] {logging_mixin.py:188} INFO - [2026-08-12T18:17:57.455+0000] {dagbag.py:545} INFO - Filling up the DagBag from /opt/airflow/dags/daily_scrape_and_load.py
[2026-08-12T18:17:58.111+0000] {processor.py:840} INFO - DAG(s) 'daily_scrape_and_load' retrieved from /opt/airflow/dags/daily_scrape_and_load.py
[2026-08-12T18:17:58.143+0000] {logging_mixin.py:188} INFO - [2026-08-12T18:17:58.142+0000] {dag.py:3096} INFO - Sync 1 DAGs
[2026-08-12T18:17:58.165+0000] {logging_mixin.py:188} INFO - [2026-08-12T18:17:58.165+0000] {dag.py:3954} INFO - Setting next_dagrun for daily_scrape_and_load to 2026-08-12 00:00:00+00:00, run_after=2026-08-13 00:00:00+00:00
[2026-08-12T18:17:58.190+0000] {processor.py:183} INFO - Processing /opt/airflow/dags/daily_scrape_and_load.py took 0.747 seconds
[2026-08-12T18:18:28.616+0000] {processor.py:161} INFO - Started process (PID=814) to work on /opt/airflow/dags/daily_scrape_and_load.py
[2026-08-12T18:18:28.617+0000] {processor.py:830} INFO - Processing file /opt/airflow/dags/daily_scrape_and_load.py for tasks to queue
[2026-08-12T18:18:28.618+0000] {logging_mixin.py:188} INFO - [2026-08-12T18:18:28.618+0000] {dagbag.py:545} INFO - Filling up the DagBag from /opt/airflow/dags/daily_scrape_and_load.py
[2026-08-12T18:18:29.291+0000] {processor.py:840} INFO - DAG(s) 'daily_scrape_and_load' retrieved from /opt/airflow/dags/daily_scrape_and_load.py
[2026-08-12T18:18:29.322+0000] {logging_mixin.py:188} INFO - [2026-08-12T18:18:29.322+0000] {dag.py:3096} INFO - Sync 1 DAGs
[2026-08-12T18:18:29.345+0000] {logging_mixin.py:188} INFO - [2026-08-12T18:18:29.345+0000] {dag.py:3954} INFO - Setting next_dagrun for daily_scrape_and_load to 2026-08-12 00:00:00+00:00, run_after=2026-08-13 00:00:00+00:00
[2026-08-12T18:18:29.368+0000] {processor.py:183} INFO - Processing /opt/airflow/dags/daily_scrape_and_load.py took 0.759 seconds
[2026-08-12T18:18:59.784+0000] {processor.py:161} INFO - Started process (PID=820) to work on /opt/airflow/dags/daily_scrape_and_load.py
[2026-08-12T18:18:59.785+0000] {processor.py:830} INFO - Processing file /opt/airflow/dags/daily_scrape_and_load.py for tasks to queue
[2026-08-12T18:18:59.786+0000] {logging_mixin.py:188} INFO - [2026-08-12T18:18:59.786+0000] {dagbag.py:545} INFO - Filling up the DagBag from /opt/airflow/dags/daily_scrape_and_load.py
[2026-08-12T18:19:00.424+0000] {processor.py:840} INFO - DAG(s) 'daily_scrape_and_load' retrieved from /opt/airflow/dags/daily_scrape_and_load.py
[2026-08-12T18:19:00.456+0000] {logging_mixin.py:188} INFO - [2026-08-12T18:19:00.456+0000] {dag.py:3096} INFO - Sync 1 DAGs
[2026-08-12T18:19:00.481+0000] {logging_mixin.py:188} INFO - [2026-08-12T18:19:00.481+0000] {dag.py:3954} INFO - Setting next_dagrun for daily_scrape_and_load to 2026-08-12 00:00:00+00:00, run_after=2026-08-13 00:00:00+00:00
[2026-08-12T18:19:00.504+0000] {processor.py:183} INFO - Processing /opt/airflow/dags/daily_scrape_and_load.py took 0.728 seconds
[2026-08-12T18:19:30.785+0000] {processor.py:161} INFO - Started process (PID=826) to work on /opt/airflow/dags/daily_scrape_and_load.py
[2026-08-12T18:19:30.787+0000] {processor.py:830} INFO - Processing file /opt/airflow/dags/daily_scrape_and_load.py for tasks to queue
[2026-08-12T18:19:30.789+0000] {logging_mixin.py:188} INFO - [2026-08-12T18:19:30.789+0000] {dagbag.py:545} INFO - Filling up the DagBag from /opt/airflow/dags/daily_scrape_and_load.py
[2026-08-12T18:19:31.463+0000] {processor.py:840} INFO - DAG(s) 'daily_scrape_and_load' retrieved from /opt/airflow/dags/daily_scrape_and_load.py
[2026-08-12T18:19:31.497+0000] {logging_mixin.py:188} INFO - [2026-08-12T18:19:31.497+0000] {dag.py:3096} INFO - Sync 1 DAGs
[2026-08-12T18:19:31.520+0000] {logging_mixin.py:188} INFO - [2026-08-12T18:19:31.519+0000] {dag.py:3954} INFO - Setting next_dagrun for daily_scrape_and_load to 2026-08-12 00:00:00+00:00, run_after=2026-08-13 00:00:00+00:00
[2026-08-12T18:19:31.544+0000] {processor.py:183} INFO - Processing /opt/airflow/dags/daily_scrape_and_load.py took 0.768 seconds
[2026-08-12T18:20:02.003+0000] {processor.py:161} INFO - Started process (PID=832) to work on /opt/airflow/dags/daily_scrape_and_load.py
[2026-08-12T18:20:02.004+0000] {processor.py:830} INFO - Processing file /opt/airflow/dags/daily_scrape_and_load.py for tasks to queue
[2026-08-12T18:20:02.005+0000] {logging_mixin.py:188} INFO - [2026-08-12T18:20:02.004+0000] {dagbag.py:545} INFO - Filling up the DagBag from /opt/airflow/dags/daily_scrape_and_load.py
[2026-08-12T18:20:02.620+0000] {processor.py:840} INFO - DAG(s) 'daily_scrape_and_load' retrieved from /opt/airflow/dags/daily_scrape_and_load.py
[2026-08-12T18:20:02.653+0000] {logging_mixin.py:188} INFO - [2026-08-12T18:20:02.653+0000] {dag.py:3096} INFO - Sync 1 DAGs
[2026-08-12T18:20:02.676+0000] {logging_mixin.py:188} INFO - [2026-08-12T18:20:02.676+0000] {dag.py:3954} INFO - Setting next_dagrun for daily_scrape_and_load to 2026-08-12 00:00:00+00:00, run_after=2026-08-13 00:00:00+00:00
[2026-08-12T18:20:02.701+0000] {processor.py:183} INFO - Processing /opt/airflow/dags/daily_scrape_and_load.py took 0.705 seconds
[2026-08-12T18:20:33.096+0000] {processor.py:161} INFO - Started process (PID=838) to work on /opt/airflow/dags/daily_scrape_and_load.py
[2026-08-12T18:20:33.097+0000] {processor.py:830} INFO - Processing file /opt/airflow/dags/daily_scrape_and_load.py for tasks to queue
[2026-08-12T18:20:33.099+0000] {logging_mixin.py:188} INFO - [2026-08-12T18:20:33.098+0000] {dagbag.py:545} INFO - Filling up the DagBag from /opt/airflow/dags/daily_scrape_and_load.py
[2026-08-12T18:20:33.750+0000] {processor.py:840} INFO - DAG(s) 'daily_scrape_and_load' retrieved from /opt/airflow/dags/daily_scrape_and_load.py
[2026-08-12T18:20:33.784+0000] {logging_mixin.py:188} INFO - [2026-08-12T18:20:33.784+0000] {dag.py:3096} INFO - Sync 1 DAGs
[2026-08-12T18:20:33.807+0000] {logging_mixin.py:188} INFO - [2026-08-12T18:20:33.807+0000] {dag.py:3954} INFO - Setting next_dagrun for daily_scrape_and_load to 2026-08-12 00:00:00+00:00, run_after=2026-08-13 00:00:00+00:00
[2026-08-12T18:20:33.833+0000] {processor.py:183} INFO - Processing /opt/airflow/dags/daily_scrape_and_load.py took 0.744 seconds
[2026-08-12T18:21:03.948+0000] {processor.py:161} INFO - Started process (PID=844) to work on /opt/airflow/dags/daily_scrape_and_load.py
[2026-08-12T18:21:03.949+0000] {processor.py:830} INFO - Processing file /opt/airflow/dags/daily_scrape_and_load.py for tasks to queue
[2026-08-12T18:21:03.950+0000] {logging_mixin.py:188} INFO - [2026-08-12T18:21:03.950+0000] {dagbag.py:545} INFO - Filling up the DagBag from /opt/airflow/dags/daily_scrape_and_load.py
[2026-08-12T18:21:04.585+0000] {processor.py:840} INFO - DAG(s) 'daily_scrape_and_load' retrieved from /opt/airflow/dags/daily_scrape_and_load.py
[2026-08-12T18:21:04.616+0000] {logging_mixin.py:188} INFO - [2026-08-12T18:21:04.616+0000] {dag.py:3096} INFO - Sync 1 DAGs
[2026-08-12T18:21:04.640+0000] {logging_mixin.py:188} INFO - [2026-08-12T18:21:04.640+0000] {dag.py:3954} INFO - Setting next_dagrun for daily_scrape_and_load to 2026-08-12 00:00:00+00:00, run_after=2026-08-13 00:00:00+00:00
[2026-08-12T18:21:04.664+0000] {processor.py:183} INFO - Processing /opt/airflow/dags/daily_scrape_and_load.py took 0.723 seconds
[2026-08-12T18:21:35.292+0000] {processor.py:161} INFO - Started process (PID=850) to work on /opt/airflow/dags/daily_scrape_and_load.py
[2026-08-12T18:21:35.295+0000] {processor.py:830} INFO - Processing file /opt/airflow/dags/daily_scrape_and_load.py for tasks to queue
[2026-08-12T18:21:35.300+0000] {logging_mixin.py:188} INFO - [2026-08-12T18:21:35.298+0000] {dagbag.py:545} INFO - Filling up the DagBag from /opt/airflow/dags/daily_scrape_and_load.py
[2026-08-12T18:21:36.529+0000] {processor.py:840} INFO - DAG(s) 'daily_scrape_and_load' retrieved from /opt/airflow/dags/daily_scrape_and_load.py
[2026-08-12T18:21:36.600+0000] {logging_mixin.py:188} INFO - [2026-08-12T18:21:36.600+0000] {dag.py:3096} INFO - Sync 1 DAGs
[2026-08-12T18:21:36.665+0000] {logging_mixin.py:188} INFO - [2026-08-12T18:21:36.664+0000] {dag.py:3954} INFO - Setting next_dagrun for daily_scrape_and_load to 2026-08-12 00:00:00+00:00, run_after=2026-08-13 00:00:00+00:00
[2026-08-12T18:21:36.728+0000] {processor.py:183} INFO - Processing /opt/airflow/dags/daily_scrape_and_load.py took 1.468 seconds
[2026-08-12T18:22:07.323+0000] {processor.py:161} INFO - Started process (PID=856) to work on /opt/airflow/dags/daily_scrape_and_load.py
[2026-08-12T18:22:07.326+0000] {processor.py:830} INFO - Processing file /opt/airflow/dags/daily_scrape_and_load.py for tasks to queue
[2026-08-12T18:22:07.332+0000] {logging_mixin.py:188} INFO - [2026-08-12T18:22:07.330+0000] {dagbag.py:545} INFO - Filling up the DagBag from /opt/airflow/dags/daily_scrape_and_load.py
[2026-08-12T18:22:08.793+0000] {processor.py:840} INFO - DAG(s) 'daily_scrape_and_load' retrieved from /opt/airflow/dags/daily_scrape_and_load.py
[2026-08-12T18:22:08.871+0000] {logging_mixin.py:188} INFO - [2026-08-12T18:22:08.871+0000] {dag.py:3096} INFO - Sync 1 DAGs
[2026-08-12T18:22:08.924+0000] {logging_mixin.py:188} INFO - [2026-08-12T18:22:08.924+0000] {dag.py:3954} INFO - Setting next_dagrun for daily_scrape_and_load to 2026-08-12 00:00:00+00:00, run_after=2026-08-13 00:00:00+00:00
[2026-08-12T18:22:08.976+0000] {processor.py:183} INFO - Processing /opt/airflow/dags/daily_scrape_and_load.py took 1.690 seconds
[2026-08-12T18:22:39.393+0000] {processor.py:161} INFO - Started process (PID=862) to work on /opt/airflow/dags/daily_scrape_and_load.py
[2026-08-12T18:22:39.394+0000] {processor.py:830} INFO - Processing file /opt/airflow/dags/daily_scrape_and_load.py for tasks to queue
[2026-08-12T18:22:39.395+0000] {logging_mixin.py:188} INFO - [2026-08-12T18:22:39.395+0000] {dagbag.py:545} INFO - Filling up the DagBag from /opt/airflow/dags/daily_scrape_and_load.py
[2026-08-12T18:22:40.043+0000] {processor.py:840} INFO - DAG(s) 'daily_scrape_and_load' retrieved from /opt/airflow/dags/daily_scrape_and_load.py
[2026-08-12T18:22:40.076+0000] {logging_mixin.py:188} INFO - [2026-08-12T18:22:40.076+0000] {dag.py:3096} INFO - Sync 1 DAGs
[2026-08-12T18:22:40.099+0000] {logging_mixin.py:188} INFO - [2026-08-12T18:22:40.099+0000] {dag.py:3954} INFO - Setting next_dagrun for daily_scrape_and_load to 2026-08-12 00:00:00+00:00, run_after=2026-08-13 00:00:00+00:00
[2026-08-12T18:22:40.126+0000] {processor.py:183} INFO - Processing /opt/airflow/dags/daily_scrape_and_load.py took 0.741 seconds
[2026-08-12T18:23:10.562+0000] {processor.py:161} INFO - Started process (PID=868) to work on /opt/airflow/dags/daily_scrape_and_load.py
[2026-08-12T18:23:10.563+0000] {processor.py:830} INFO - Processing file /opt/airflow/dags/daily_scrape_and_load.py for tasks to queue
[2026-08-12T18:23:10.564+0000] {logging_mixin.py:188} INFO - [2026-08-12T18:23:10.564+0000] {dagbag.py:545} INFO - Filling up the DagBag from /opt/airflow/dags/daily_scrape_and_load.py
[2026-08-12T18:23:11.251+0000] {processor.py:840} INFO - DAG(s) 'daily_scrape_and_load' retrieved from /opt/airflow/dags/daily_scrape_and_load.py
[2026-08-12T18:23:11.285+0000] {logging_mixin.py:188} INFO - [2026-08-12T18:23:11.285+0000] {dag.py:3096} INFO - Sync 1 DAGs
[2026-08-12T18:23:11.308+0000] {logging_mixin.py:188} INFO - [2026-08-12T18:23:11.308+0000] {dag.py:3954} INFO - Setting next_dagrun for daily_scrape_and_load to 2026-08-12 00:00:00+00:00, run_after=2026-08-13 00:00:00+00:00
[2026-08-12T18:23:11.332+0000] {processor.py:183} INFO - Processing /opt/airflow/dags/daily_scrape_and_load.py took 0.778 seconds
[2026-08-12T18:23:41.728+0000] {processor.py:161} INFO - Started process (PID=874) to work on /opt/airflow/dags/daily_scrape_and_load.py
[2026-08-12T18:23:41.729+0000] {processor.py:830} INFO - Processing file /opt/airflow/dags/daily_scrape_and_load.py for tasks to queue
[2026-08-12T18:23:41.730+0000] {logging_mixin.py:188} INFO - [2026-08-12T18:23:41.730+0000] {dagbag.py:545} INFO - Filling up the DagBag from /opt/airflow/dags/daily_scrape_and_load.py
[2026-08-12T18:23:42.414+0000] {processor.py:840} INFO - DAG(s) 'daily_scrape_and_load' retrieved from /opt/airflow/dags/daily_scrape_and_load.py
[2026-08-12T18:23:42.446+0000] {logging_mixin.py:188} INFO - [2026-08-12T18:23:42.446+0000] {dag.py:3096} INFO - Sync 1 DAGs
[2026-08-12T18:23:42.468+0000] {logging_mixin.py:188} INFO - [2026-08-12T18:23:42.467+0000] {dag.py:3954} INFO - Setting next_dagrun for daily_scrape_and_load to 2026-08-12 00:00:00+00:00, run_after=2026-08-13 00:00:00+00:00
[2026-08-12T18:23:42.491+0000] {processor.py:183} INFO - Processing /opt/airflow/dags/daily_scrape_and_load.py took 0.771 seconds
[2026-08-12T18:24:12.830+0000] {processor.py:161} INFO - Started process (PID=880) to work on /opt/airflow/dags/daily_scrape_and_load.py
[2026-08-12T18:24:12.831+0000] {processor.py:830} INFO - Processing file /opt/airflow/dags/daily_scrape_and_load.py for tasks to queue
[2026-08-12T18:24:12.832+0000] {logging_mixin.py:188} INFO - [2026-08-12T18:24:12.832+0000] {dagbag.py:545} INFO - Filling up the DagBag from /opt/airflow/dags/daily_scrape_and_load.py
[2026-08-12T18:24:13.532+0000] {processor.py:840} INFO - DAG(s) 'daily_scrape_and_load' retrieved from /opt/airflow/dags/daily_scrape_and_load.py
[2026-08-12T18:24:13.565+0000] {logging_mixin.py:188} INFO - [2026-08-12T18:24:13.565+0000] {dag.py:3096} INFO - Sync 1 DAGs
[2026-08-12T18:24:13.590+0000] {logging_mixin.py:188} INFO - [2026-08-12T18:24:13.590+0000] {dag.py:3954} INFO - Setting next_dagrun for daily_scrape_and_load to 2026-08-12 00:00:00+00:00, run_after=2026-08-13 00:00:00+00:00
[2026-08-12T18:24:13.616+0000] {processor.py:183} INFO - Processing /opt/airflow/dags/daily_scrape_and_load.py took 0.793 seconds
[2026-08-12T18:24:43.671+0000] {processor.py:161} INFO - Started process (PID=886) to work on /opt/airflow/dags/daily_scrape_and_load.py
[2026-08-12T18:24:43.672+0000] {processor.py:830} INFO - Processing file /opt/airflow/dags/daily_scrape_and_load.py for tasks to queue
[2026-08-12T18:24:43.673+0000] {logging_mixin.py:188} INFO - [2026-08-12T18:24:43.673+0000] {dagbag.py:545} INFO - Filling up the DagBag from /opt/airflow/dags/daily_scrape_and_load.py
[2026-08-12T18:24:44.320+0000] {processor.py:840} INFO - DAG(s) 'daily_scrape_and_load' retrieved from /opt/airflow/dags/daily_scrape_and_load.py
[2026-08-12T18:24:44.351+0000] {logging_mixin.py:188} INFO - [2026-08-12T18:24:44.350+0000] {dag.py:3096} INFO - Sync 1 DAGs
[2026-08-12T18:24:44.373+0000] {logging_mixin.py:188} INFO - [2026-08-12T18:24:44.373+0000] {dag.py:3954} INFO - Setting next_dagrun for daily_scrape_and_load to 2026-08-12 00:00:00+00:00, run_after=2026-08-13 00:00:00+00:00
[2026-08-12T18:24:44.396+0000] {processor.py:183} INFO - Processing /opt/airflow/dags/daily_scrape_and_load.py took 0.733 seconds
[2026-08-12T18:25:14.803+0000] {processor.py:161} INFO - Started process (PID=892) to work on /opt/airflow/dags/daily_scrape_and_load.py
[2026-08-12T18:25:14.805+0000] {processor.py:830} INFO - Processing file /opt/airflow/dags/daily_scrape_and_load.py for tasks to queue
[2026-08-12T18:25:14.807+0000] {logging_mixin.py:188} INFO - [2026-08-12T18:25:14.807+0000] {dagbag.py:545} INFO - Filling up the DagBag from /opt/airflow/dags/daily_scrape_and_load.py
[2026-08-12T18:25:15.798+0000] {processor.py:840} INFO - DAG(s) 'daily_scrape_and_load' retrieved from /opt/airflow/dags/daily_scrape_and_load.py
[2026-08-12T18:25:15.855+0000] {logging_mixin.py:188} INFO - [2026-08-12T18:25:15.855+0000] {dag.py:3096} INFO - Sync 1 DAGs
[2026-08-12T18:25:15.889+0000] {logging_mixin.py:188} INFO - [2026-08-12T18:25:15.889+0000] {dag.py:3954} INFO - Setting next_dagrun for daily_scrape_and_load to 2026-08-12 00:00:00+00:00, run_after=2026-08-13 00:00:00+00:00
[2026-08-12T18:25:15.927+0000] {processor.py:183} INFO - Processing /opt/airflow/dags/daily_scrape_and_load.py took 1.137 seconds
[2026-08-12T18:25:46.154+0000] {processor.py:161} INFO - Started process (PID=898) to work on /opt/airflow/dags/daily_scrape_and_load.py
[2026-08-12T18:25:46.155+0000] {processor.py:830} INFO - Processing file /opt/airflow/dags/daily_scrape_and_load.py for tasks to queue
[2026-08-12T18:25:46.156+0000] {logging_mixin.py:188} INFO - [2026-08-12T18:25:46.156+0000] {dagbag.py:545} INFO - Filling up the DagBag from /opt/airflow/dags/daily_scrape_and_load.py
[2026-08-12T18:25:46.806+0000] {processor.py:840} INFO - DAG(s) 'daily_scrape_and_load' retrieved from /opt/airflow/dags/daily_scrape_and_load.py
[2026-08-12T18:25:46.839+0000] {logging_mixin.py:188} INFO - [2026-08-12T18:25:46.838+0000] {dag.py:3096} INFO - Sync 1 DAGs
[2026-08-12T18:25:46.860+0000] {logging_mixin.py:188} INFO - [2026-08-12T18:25:46.860+0000] {dag.py:3954} INFO - Setting next_dagrun for daily_scrape_and_load to 2026-08-12 00:00:00+00:00, run_after=2026-08-13 00:00:00+00:00
[2026-08-12T18:25:46.882+0000] {processor.py:183} INFO - Processing /opt/airflow/dags/daily_scrape_and_load.py took 0.736 seconds
[2026-08-12T18:26:17.274+0000] {processor.py:161} INFO - Started process (PID=904) to work on /opt/airflow/dags/daily_scrape_and_load.py
[2026-08-12T18:26:17.275+0000] {processor.py:830} INFO - Processing file /opt/airflow/dags/daily_scrape_and_load.py for tasks to queue
[2026-08-12T18:26:17.276+0000] {logging_mixin.py:188} INFO - [2026-08-12T18:26:17.276+0000] {dagbag.py:545} INFO - Filling up the DagBag from /opt/airflow/dags/daily_scrape_and_load.py
[2026-08-12T18:26:17.900+0000] {processor.py:840} INFO - DAG(s) 'daily_scrape_and_load' retrieved from /opt/airflow/dags/daily_scrape_and_load.py
[2026-08-12T18:26:17.933+0000] {logging_mixin.py:188} INFO - [2026-08-12T18:26:17.933+0000] {dag.py:3096} INFO - Sync 1 DAGs
[2026-08-12T18:26:17.955+0000] {logging_mixin.py:188} INFO - [2026-08-12T18:26:17.955+0000] {dag.py:3954} INFO - Setting next_dagrun for daily_scrape_and_load to 2026-08-12 00:00:00+00:00, run_after=2026-08-13 00:00:00+00:00
[2026-08-12T18:26:17.979+0000] {processor.py:183} INFO - Processing /opt/airflow/dags/daily_scrape_and_load.py took 0.713 seconds
[2026-08-12T18:26:48.300+0000] {processor.py:161} INFO - Started process (PID=910) to work on /opt/airflow/dags/daily_scrape_and_load.py
[2026-08-12T18:26:48.301+0000] {processor.py:830} INFO - Processing file /opt/airflow/dags/daily_scrape_and_load.py for tasks to queue
[2026-08-12T18:26:48.302+0000] {logging_mixin.py:188} INFO - [2026-08-12T18:26:48.302+0000] {dagbag.py:545} INFO - Filling up the DagBag from /opt/airflow/dags/daily_scrape_and_load.py
[2026-08-12T18:26:48.914+0000] {processor.py:840} INFO - DAG(s) 'daily_scrape_and_load' retrieved from /opt/airflow/dags/daily_scrape_and_load.py
[2026-08-12T18:26:48.944+0000] {logging_mixin.py:188} INFO - [2026-08-12T18:26:48.944+0000] {dag.py:3096} INFO - Sync 1 DAGs
[2026-08-12T18:26:48.968+0000] {logging_mixin.py:188} INFO - [2026-08-12T18:26:48.968+0000] {dag.py:3954} INFO - Setting next_dagrun for daily_scrape_and_load to 2026-08-12 00:00:00+00:00, run_after=2026-08-13 00:00:00+00:00
[2026-08-12T18:26:48.994+0000] {processor.py:183} INFO - Processing /opt/airflow/dags/daily_scrape_and_load.py took 0.701 seconds
[2026-08-12T18:27:19.310+0000] {processor.py:161} INFO - Started process (PID=916) to work on /opt/airflow/dags/daily_scrape_and_load.py
[2026-08-12T18:27:19.311+0000] {processor.py:830} INFO - Processing file /opt/airflow/dags/daily_scrape_and_load.py for tasks to queue
[2026-08-12T18:27:19.312+0000] {logging_mixin.py:188} INFO - [2026-08-12T18:27:19.312+0000] {dagbag.py:545} INFO - Filling up the DagBag from /opt/airflow/dags/daily_scrape_and_load.py
[2026-08-12T18:27:20.022+0000] {processor.py:840} INFO - DAG(s) 'daily_scrape_and_load' retrieved from /opt/airflow/dags/daily_scrape_and_load.py
[2026-08-12T18:27:20.059+0000] {logging_mixin.py:188} INFO - [2026-08-12T18:27:20.059+0000] {dag.py:3096} INFO - Sync 1 DAGs
[2026-08-12T18:27:20.086+0000] {logging_mixin.py:188} INFO - [2026-08-12T18:27:20.086+0000] {dag.py:3954} INFO - Setting next_dagrun for daily_scrape_and_load to 2026-08-12 00:00:00+00:00, run_after=2026-08-13 00:00:00+00:00
[2026-08-12T18:27:20.114+0000] {processor.py:183} INFO - Processing /opt/airflow/dags/daily_scrape_and_load.py took 0.816 seconds
[2026-08-12T18:27:50.487+0000] {processor.py:161} INFO - Started process (PID=922) to work on /opt/airflow/dags/daily_scrape_and_load.py
[2026-08-12T18:27:50.488+0000] {processor.py:830} INFO - Processing file /opt/airflow/dags/daily_scrape_and_load.py for tasks to queue
[2026-08-12T18:27:50.489+0000] {logging_mixin.py:188} INFO - [2026-08-12T18:27:50.488+0000] {dagbag.py:545} INFO - Filling up the DagBag from /opt/airflow/dags/daily_scrape_and_load.py
[2026-08-12T18:27:51.227+0000] {processor.py:840} INFO - DAG(s) 'daily_scrape_and_load' retrieved from /opt/airflow/dags/daily_scrape_and_load.py
[2026-08-12T18:27:51.268+0000] {logging_mixin.py:188} INFO - [2026-08-12T18:27:51.268+0000] {dag.py:3096} INFO - Sync 1 DAGs
[2026-08-12T18:27:51.294+0000] {logging_mixin.py:188} INFO - [2026-08-12T18:27:51.294+0000] {dag.py:3954} INFO - Setting next_dagrun for daily_scrape_and_load to 2026-08-12 00:00:00+00:00, run_after=2026-08-13 00:00:00+00:00
[2026-08-12T18:27:51.321+0000] {processor.py:183} INFO - Processing /opt/airflow/dags/daily_scrape_and_load.py took 0.842 seconds
[2026-08-12T18:28:21.695+0000] {processor.py:161} INFO - Started process (PID=928) to work on /opt/airflow/dags/daily_scrape_and_load.py
[2026-08-12T18:28:21.697+0000] {processor.py:830} INFO - Processing file /opt/airflow/dags/daily_scrape_and_load.py for tasks to queue
[2026-08-12T18:28:21.702+0000] {logging_mixin.py:188} INFO - [2026-08-12T18:28:21.701+0000] {dagbag.py:545} INFO - Filling up the DagBag from /opt/airflow/dags/daily_scrape_and_load.py
[2026-08-12T18:28:22.881+0000] {processor.py:840} INFO - DAG(s) 'daily_scrape_and_load' retrieved from /opt/airflow/dags/daily_scrape_and_load.py
[2026-08-12T18:28:22.936+0000] {logging_mixin.py:188} INFO - [2026-08-12T18:28:22.935+0000] {dag.py:3096} INFO - Sync 1 DAGs
[2026-08-12T18:28:22.973+0000] {logging_mixin.py:188} INFO - [2026-08-12T18:28:22.973+0000] {dag.py:3954} INFO - Setting next_dagrun for daily_scrape_and_load to 2026-08-12 00:00:00+00:00, run_after=2026-08-13 00:00:00+00:00
[2026-08-12T18:28:23.012+0000] {processor.py:183} INFO - Processing /opt/airflow/dags/daily_scrape_and_load.py took 1.337 seconds
[2026-08-12T18:28:53.186+0000] {processor.py:161} INFO - Started process (PID=934) to work on /opt/airflow/dags/daily_scrape_and_load.py
[2026-08-12T18:28:53.187+0000] {processor.py:830} INFO - Processing file /opt/airflow/dags/daily_scrape_and_load.py for tasks to queue
[2026-08-12T18:28:53.188+0000] {logging_mixin.py:188} INFO - [2026-08-12T18:28:53.188+0000] {dagbag.py:545} INFO - Filling up the DagBag from /opt/airflow/dags/daily_scrape_and_load.py
[2026-08-12T18:28:54.240+0000] {processor.py:840} INFO - DAG(s) 'daily_scrape_and_load' retrieved from /opt/airflow/dags/daily_scrape_and_load.py
[2026-08-12T18:28:54.296+0000] {logging_mixin.py:188} INFO - [2026-08-12T18:28:54.296+0000] {dag.py:3096} INFO - Sync 1 DAGs
[2026-08-12T18:28:54.340+0000] {logging_mixin.py:188} INFO - [2026-08-12T18:28:54.339+0000] {dag.py:3954} INFO - Setting next_dagrun for daily_scrape_and_load to 2026-08-12 00:00:00+00:00, run_after=2026-08-13 00:00:00+00:00
[2026-08-12T18:28:54.365+0000] {processor.py:183} INFO - Processing /opt/airflow/dags/daily_scrape_and_load.py took 1.189 seconds
[2026-08-12T18:29:24.617+0000] {processor.py:161} INFO - Started process (PID=940) to work on /opt/airflow/dags/daily_scrape_and_load.py
[2026-08-12T18:29:24.618+0000] {processor.py:830} INFO - Processing file /opt/airflow/dags/daily_scrape_and_load.py for tasks to queue
[2026-08-12T18:29:24.621+0000] {logging_mixin.py:188} INFO - [2026-08-12T18:29:24.620+0000] {dagbag.py:545} INFO - Filling up the DagBag from /opt/airflow/dags/daily_scrape_and_load.py
[2026-08-12T18:29:25.348+0000] {processor.py:840} INFO - DAG(s) 'daily_scrape_and_load' retrieved from /opt/airflow/dags/daily_scrape_and_load.py
[2026-08-12T18:29:25.380+0000] {logging_mixin.py:188} INFO - [2026-08-12T18:29:25.380+0000] {dag.py:3096} INFO - Sync 1 DAGs
[2026-08-12T18:29:25.404+0000] {logging_mixin.py:188} INFO - [2026-08-12T18:29:25.404+0000] {dag.py:3954} INFO - Setting next_dagrun for daily_scrape_and_load to 2026-08-12 00:00:00+00:00, run_after=2026-08-13 00:00:00+00:00
[2026-08-12T18:29:25.430+0000] {processor.py:183} INFO - Processing /opt/airflow/dags/daily_scrape_and_load.py took 0.822 seconds
[2026-08-12T18:29:55.838+0000] {processor.py:161} INFO - Started process (PID=946) to work on /opt/airflow/dags/daily_scrape_and_load.py
[2026-08-12T18:29:55.840+0000] {processor.py:830} INFO - Processing file /opt/airflow/dags/daily_scrape_and_load.py for tasks to queue
[2026-08-12T18:29:55.844+0000] {logging_mixin.py:188} INFO - [2026-08-12T18:29:55.843+0000] {dagbag.py:545} INFO - Filling up the DagBag from /opt/airflow/dags/daily_scrape_and_load.py
[2026-08-12T18:29:57.395+0000] {processor.py:840} INFO - DAG(s) 'daily_scrape_and_load' retrieved from /opt/airflow/dags/daily_scrape_and_load.py
[2026-08-12T18:29:57.505+0000] {logging_mixin.py:188} INFO - [2026-08-12T18:29:57.505+0000] {dag.py:3096} INFO - Sync 1 DAGs
[2026-08-12T18:29:57.593+0000] {logging_mixin.py:188} INFO - [2026-08-12T18:29:57.592+0000] {dag.py:3954} INFO - Setting next_dagrun for daily_scrape_and_load to 2026-08-12 00:00:00+00:00, run_after=2026-08-13 00:00:00+00:00
[2026-08-12T18:29:57.641+0000] {processor.py:183} INFO - Processing /opt/airflow/dags/daily_scrape_and_load.py took 1.819 seconds
[2026-08-12T18:30:28.098+0000] {processor.py:161} INFO - Started process (PID=952) to work on /opt/airflow/dags/daily_scrape_and_load.py
[2026-08-12T18:30:28.100+0000] {processor.py:830} INFO - Processing file /opt/airflow/dags/daily_scrape_and_load.py for tasks to queue
[2026-08-12T18:30:28.101+0000] {logging_mixin.py:188} INFO - [2026-08-12T18:30:28.100+0000] {dagbag.py:545} INFO - Filling up the DagBag from /opt/airflow/dags/daily_scrape_and_load.py
[2026-08-12T18:30:30.499+0000] {processor.py:840} INFO - DAG(s) 'daily_scrape_and_load' retrieved from /opt/airflow/dags/daily_scrape_and_load.py
[2026-08-12T18:30:30.556+0000] {logging_mixin.py:188} INFO - [2026-08-12T18:30:30.556+0000] {dag.py:3096} INFO - Sync 1 DAGs
[2026-08-12T18:30:30.586+0000] {logging_mixin.py:188} INFO - [2026-08-12T18:30:30.585+0000] {dag.py:3954} INFO - Setting next_dagrun for daily_scrape_and_load to 2026-08-12 00:00:00+00:00, run_after=2026-08-13 00:00:00+00:00
[2026-08-12T18:30:30.616+0000] {processor.py:183} INFO - Processing /opt/airflow/dags/daily_scrape_and_load.py took 2.526 seconds
[2026-08-12T18:31:00.931+0000] {processor.py:161} INFO - Started process (PID=958) to work on /opt/airflow/dags/daily_scrape_and_load.py
[2026-08-12T18:31:00.933+0000] {processor.py:830} INFO - Processing file /opt/airflow/dags/daily_scrape_and_load.py for tasks to queue
[2026-08-12T18:31:00.937+0000] {logging_mixin.py:188} INFO - [2026-08-12T18:31:00.936+0000] {dagbag.py:545} INFO - Filling up the DagBag from /opt/airflow/dags/daily_scrape_and_load.py
[2026-08-12T18:31:03.688+0000] {processor.py:840} INFO - DAG(s) 'daily_scrape_and_load' retrieved from /opt/airflow/dags/daily_scrape_and_load.py
[2026-08-12T18:31:03.932+0000] {logging_mixin.py:188} INFO - [2026-08-12T18:31:03.932+0000] {dag.py:3096} INFO - Sync 1 DAGs
[2026-08-12T18:31:04.013+0000] {logging_mixin.py:188} INFO - [2026-08-12T18:31:04.013+0000] {dag.py:3954} INFO - Setting next_dagrun for daily_scrape_and_load to 2026-08-12 00:00:00+00:00, run_after=2026-08-13 00:00:00+00:00
[2026-08-12T18:31:04.061+0000] {processor.py:183} INFO - Processing /opt/airflow/dags/daily_scrape_and_load.py took 3.181 seconds
[2026-08-12T18:31:34.284+0000] {processor.py:161} INFO - Started process (PID=964) to work on /opt/airflow/dags/daily_scrape_and_load.py
[2026-08-12T18:31:34.285+0000] {processor.py:830} INFO - Processing file /opt/airflow/dags/daily_scrape_and_load.py for tasks to queue
[2026-08-12T18:31:34.286+0000] {logging_mixin.py:188} INFO - [2026-08-12T18:31:34.286+0000] {dagbag.py:545} INFO - Filling up the DagBag from /opt/airflow/dags/daily_scrape_and_load.py
[2026-08-12T18:31:35.017+0000] {processor.py:840} INFO - DAG(s) 'daily_scrape_and_load' retrieved from /opt/airflow/dags/daily_scrape_and_load.py
[2026-08-12T18:31:35.052+0000] {logging_mixin.py:188} INFO - [2026-08-12T18:31:35.052+0000] {dag.py:3096} INFO - Sync 1 DAGs
[2026-08-12T18:31:35.074+0000] {logging_mixin.py:188} INFO - [2026-08-12T18:31:35.074+0000] {dag.py:3954} INFO - Setting next_dagrun for daily_scrape_and_load to 2026-08-12 00:00:00+00:00, run_after=2026-08-13 00:00:00+00:00
[2026-08-12T18:31:35.098+0000] {processor.py:183} INFO - Processing /opt/airflow/dags/daily_scrape_and_load.py took 0.822 seconds
[2026-08-12T18:32:05.564+0000] {processor.py:161} INFO - Started process (PID=970) to work on /opt/airflow/dags/daily_scrape_and_load.py
[2026-08-12T18:32:05.564+0000] {processor.py:830} INFO - Processing file /opt/airflow/dags/daily_scrape_and_load.py for tasks to queue
[2026-08-12T18:32:05.566+0000] {logging_mixin.py:188} INFO - [2026-08-12T18:32:05.565+0000] {dagbag.py:545} INFO - Filling up the DagBag from /opt/airflow/dags/daily_scrape_and_load.py
[2026-08-12T18:32:06.188+0000] {processor.py:840} INFO - DAG(s) 'daily_scrape_and_load' retrieved from /opt/airflow/dags/daily_scrape_and_load.py
[2026-08-12T18:32:06.221+0000] {logging_mixin.py:188} INFO - [2026-08-12T18:32:06.220+0000] {dag.py:3096} INFO - Sync 1 DAGs
[2026-08-12T18:32:06.243+0000] {logging_mixin.py:188} INFO - [2026-08-12T18:32:06.243+0000] {dag.py:3954} INFO - Setting next_dagrun for daily_scrape_and_load to 2026-08-12 00:00:00+00:00, run_after=2026-08-13 00:00:00+00:00
[2026-08-12T18:32:06.268+0000] {processor.py:183} INFO - Processing /opt/airflow/dags/daily_scrape_and_load.py took 0.711 seconds
[2026-08-12T18:32:36.682+0000] {processor.py:161} INFO - Started process (PID=976) to work on /opt/airflow/dags/daily_scrape_and_load.py
[2026-08-12T18:32:36.683+0000] {processor.py:830} INFO - Processing file /opt/airflow/dags/daily_scrape_and_load.py for tasks to queue
[2026-08-12T18:32:36.685+0000] {logging_mixin.py:188} INFO - [2026-08-12T18:32:36.684+0000] {dagbag.py:545} INFO - Filling up the DagBag from /opt/airflow/dags/daily_scrape_and_load.py
[2026-08-12T18:32:37.393+0000] {processor.py:840} INFO - DAG(s) 'daily_scrape_and_load' retrieved from /opt/airflow/dags/daily_scrape_and_load.py
[2026-08-12T18:32:37.432+0000] {logging_mixin.py:188} INFO - [2026-08-12T18:32:37.431+0000] {dag.py:3096} INFO - Sync 1 DAGs
[2026-08-12T18:32:37.458+0000] {logging_mixin.py:188} INFO - [2026-08-12T18:32:37.458+0000] {dag.py:3954} INFO - Setting next_dagrun for daily_scrape_and_load to 2026-08-12 00:00:00+00:00, run_after=2026-08-13 00:00:00+00:00
[2026-08-12T18:32:37.485+0000] {processor.py:183} INFO - Processing /opt/airflow/dags/daily_scrape_and_load.py took 0.811 seconds
[2026-08-12T18:33:07.932+0000] {processor.py:161} INFO - Started process (PID=982) to work on /opt/airflow/dags/daily_scrape_and_load.py
[2026-08-12T18:33:07.933+0000] {processor.py:830} INFO - Processing file /opt/airflow/dags/daily_scrape_and_load.py for tasks to queue
[2026-08-12T18:33:07.934+0000] {logging_mixin.py:188} INFO - [2026-08-12T18:33:07.934+0000] {dagbag.py:545} INFO - Filling up the DagBag from /opt/airflow/dags/daily_scrape_and_load.py
[2026-08-12T18:33:08.547+0000] {processor.py:840} INFO - DAG(s) 'daily_scrape_and_load' retrieved from /opt/airflow/dags/daily_scrape_and_load.py
[2026-08-12T18:33:08.580+0000] {logging_mixin.py:188} INFO - [2026-08-12T18:33:08.579+0000] {dag.py:3096} INFO - Sync 1 DAGs
[2026-08-12T18:33:08.604+0000] {logging_mixin.py:188} INFO - [2026-08-12T18:33:08.603+0000] {dag.py:3954} INFO - Setting next_dagrun for daily_scrape_and_load to 2026-08-12 00:00:00+00:00, run_after=2026-08-13 00:00:00+00:00
[2026-08-12T18:33:08.626+0000] {processor.py:183} INFO - Processing /opt/airflow/dags/daily_scrape_and_load.py took 0.702 seconds
[2026-08-12T18:33:39.014+0000] {processor.py:161} INFO - Started process (PID=988) to work on /opt/airflow/dags/daily_scrape_and_load.py
[2026-08-12T18:33:39.015+0000] {processor.py:830} INFO - Processing file /opt/airflow/dags/daily_scrape_and_load.py for tasks to queue
[2026-08-12T18:33:39.017+0000] {logging_mixin.py:188} INFO - [2026-08-12T18:33:39.017+0000] {dagbag.py:545} INFO - Filling up the DagBag from /opt/airflow/dags/daily_scrape_and_load.py
[2026-08-12T18:33:39.736+0000] {processor.py:840} INFO - DAG(s) 'daily_scrape_and_load' retrieved from /opt/airflow/dags/daily_scrape_and_load.py
[2026-08-12T18:33:39.778+0000] {logging_mixin.py:188} INFO - [2026-08-12T18:33:39.777+0000] {dag.py:3096} INFO - Sync 1 DAGs
[2026-08-12T18:33:39.803+0000] {logging_mixin.py:188} INFO - [2026-08-12T18:33:39.803+0000] {dag.py:3954} INFO - Setting next_dagrun for daily_scrape_and_load to 2026-08-12 00:00:00+00:00, run_after=2026-08-13 00:00:00+00:00
[2026-08-12T18:33:39.829+0000] {processor.py:183} INFO - Processing /opt/airflow/dags/daily_scrape_and_load.py took 0.825 seconds
[2026-08-12T18:34:10.243+0000] {processor.py:161} INFO - Started process (PID=994) to work on /opt/airflow/dags/daily_scrape_and_load.py
[2026-08-12T18:34:10.244+0000] {processor.py:830} INFO - Processing file /opt/airflow/dags/daily_scrape_and_load.py for tasks to queue
[2026-08-12T18:34:10.247+0000] {logging_mixin.py:188} INFO - [2026-08-12T18:34:10.246+0000] {dagbag.py:545} INFO - Filling up the DagBag from /opt/airflow/dags/daily_scrape_and_load.py
[2026-08-12T18:34:11.172+0000] {processor.py:840} INFO - DAG(s) 'daily_scrape_and_load' retrieved from /opt/airflow/dags/daily_scrape_and_load.py
[2026-08-12T18:34:11.206+0000] {logging_mixin.py:188} INFO - [2026-08-12T18:34:11.206+0000] {dag.py:3096} INFO - Sync 1 DAGs
[2026-08-12T18:34:11.230+0000] {logging_mixin.py:188} INFO - [2026-08-12T18:34:11.230+0000] {dag.py:3954} INFO - Setting next_dagrun for daily_scrape_and_load to 2026-08-12 00:00:00+00:00, run_after=2026-08-13 00:00:00+00:00
[2026-08-12T18:34:11.256+0000] {processor.py:183} INFO - Processing /opt/airflow/dags/daily_scrape_and_load.py took 1.030 seconds
[2026-08-12T18:34:41.872+0000] {processor.py:161} INFO - Started process (PID=1000) to work on /opt/airflow/dags/daily_scrape_and_load.py
[2026-08-12T18:34:41.879+0000] {processor.py:830} INFO - Processing file /opt/airflow/dags/daily_scrape_and_load.py for tasks to queue
[2026-08-12T18:34:41.882+0000] {logging_mixin.py:188} INFO - [2026-08-12T18:34:41.880+0000] {dagbag.py:545} INFO - Filling up the DagBag from /opt/airflow/dags/daily_scrape_and_load.py
[2026-08-12T18:34:44.122+0000] {processor.py:840} INFO - DAG(s) 'daily_scrape_and_load' retrieved from /opt/airflow/dags/daily_scrape_and_load.py
[2026-08-12T18:34:44.187+0000] {logging_mixin.py:188} INFO - [2026-08-12T18:34:44.187+0000] {dag.py:3096} INFO - Sync 1 DAGs
[2026-08-12T18:34:44.226+0000] {logging_mixin.py:188} INFO - [2026-08-12T18:34:44.225+0000] {dag.py:3954} INFO - Setting next_dagrun for daily_scrape_and_load to 2026-08-12 00:00:00+00:00, run_after=2026-08-13 00:00:00+00:00
[2026-08-12T18:34:44.311+0000] {processor.py:183} INFO - Processing /opt/airflow/dags/daily_scrape_and_load.py took 2.468 seconds
[2026-08-12T18:35:15.124+0000] {processor.py:161} INFO - Started process (PID=1006) to work on /opt/airflow/dags/daily_scrape_and_load.py
[2026-08-12T18:35:15.128+0000] {processor.py:830} INFO - Processing file /opt/airflow/dags/daily_scrape_and_load.py for tasks to queue
[2026-08-12T18:35:15.136+0000] {logging_mixin.py:188} INFO - [2026-08-12T18:35:15.133+0000] {dagbag.py:545} INFO - Filling up the DagBag from /opt/airflow/dags/daily_scrape_and_load.py
[2026-08-12T18:35:18.043+0000] {processor.py:840} INFO - DAG(s) 'daily_scrape_and_load' retrieved from /opt/airflow/dags/daily_scrape_and_load.py
[2026-08-12T18:35:18.113+0000] {logging_mixin.py:188} INFO - [2026-08-12T18:35:18.112+0000] {dag.py:3096} INFO - Sync 1 DAGs
[2026-08-12T18:35:18.159+0000] {logging_mixin.py:188} INFO - [2026-08-12T18:35:18.159+0000] {dag.py:3954} INFO - Setting next_dagrun for daily_scrape_and_load to 2026-08-12 00:00:00+00:00, run_after=2026-08-13 00:00:00+00:00
[2026-08-12T18:35:18.206+0000] {processor.py:183} INFO - Processing /opt/airflow/dags/daily_scrape_and_load.py took 3.134 seconds
[2026-08-12T18:35:48.473+0000] {processor.py:161} INFO - Started process (PID=1012) to work on /opt/airflow/dags/daily_scrape_and_load.py
[2026-08-12T18:35:48.474+0000] {processor.py:830} INFO - Processing file /opt/airflow/dags/daily_scrape_and_load.py for tasks to queue
[2026-08-12T18:35:48.475+0000] {logging_mixin.py:188} INFO - [2026-08-12T18:35:48.474+0000] {dagbag.py:545} INFO - Filling up the DagBag from /opt/airflow/dags/daily_scrape_and_load.py
[2026-08-12T18:35:49.395+0000] {processor.py:840} INFO - DAG(s) 'daily_scrape_and_load' retrieved from /opt/airflow/dags/daily_scrape_and_load.py
[2026-08-12T18:35:49.450+0000] {logging_mixin.py:188} INFO - [2026-08-12T18:35:49.450+0000] {dag.py:3096} INFO - Sync 1 DAGs
[2026-08-12T18:35:49.539+0000] {logging_mixin.py:188} INFO - [2026-08-12T18:35:49.538+0000] {dag.py:3954} INFO - Setting next_dagrun for daily_scrape_and_load to 2026-08-12 00:00:00+00:00, run_after=2026-08-13 00:00:00+00:00
[2026-08-12T18:35:49.585+0000] {processor.py:183} INFO - Processing /opt/airflow/dags/daily_scrape_and_load.py took 1.124 seconds
[2026-08-12T18:36:19.793+0000] {processor.py:161} INFO - Started process (PID=1018) to work on /opt/airflow/dags/daily_scrape_and_load.py
[2026-08-12T18:36:19.794+0000] {processor.py:830} INFO - Processing file /opt/airflow/dags/daily_scrape_and_load.py for tasks to queue
[2026-08-12T18:36:19.799+0000] {logging_mixin.py:188} INFO - [2026-08-12T18:36:19.796+0000] {dagbag.py:545} INFO - Filling up the DagBag from /opt/airflow/dags/daily_scrape_and_load.py
[2026-08-12T18:36:20.739+0000] {processor.py:840} INFO - DAG(s) 'daily_scrape_and_load' retrieved from /opt/airflow/dags/daily_scrape_and_load.py
[2026-08-12T18:36:20.778+0000] {logging_mixin.py:188} INFO - [2026-08-12T18:36:20.778+0000] {dag.py:3096} INFO - Sync 1 DAGs
[2026-08-12T18:36:20.800+0000] {logging_mixin.py:188} INFO - [2026-08-12T18:36:20.800+0000] {dag.py:3954} INFO - Setting next_dagrun for daily_scrape_and_load to 2026-08-12 00:00:00+00:00, run_after=2026-08-13 00:00:00+00:00
[2026-08-12T18:36:20.828+0000] {processor.py:183} INFO - Processing /opt/airflow/dags/daily_scrape_and_load.py took 1.059 seconds
[2026-08-12T18:36:51.009+0000] {processor.py:161} INFO - Started process (PID=1024) to work on /opt/airflow/dags/daily_scrape_and_load.py
[2026-08-12T18:36:51.011+0000] {processor.py:830} INFO - Processing file /opt/airflow/dags/daily_scrape_and_load.py for tasks to queue
[2026-08-12T18:36:51.014+0000] {logging_mixin.py:188} INFO - [2026-08-12T18:36:51.013+0000] {dagbag.py:545} INFO - Filling up the DagBag from /opt/airflow/dags/daily_scrape_and_load.py
[2026-08-12T18:36:52.214+0000] {processor.py:840} INFO - DAG(s) 'daily_scrape_and_load' retrieved from /opt/airflow/dags/daily_scrape_and_load.py
[2026-08-12T18:36:52.298+0000] {logging_mixin.py:188} INFO - [2026-08-12T18:36:52.298+0000] {dag.py:3096} INFO - Sync 1 DAGs
[2026-08-12T18:36:52.355+0000] {logging_mixin.py:188} INFO - [2026-08-12T18:36:52.355+0000] {dag.py:3954} INFO - Setting next_dagrun for daily_scrape_and_load to 2026-08-12 00:00:00+00:00, run_after=2026-08-13 00:00:00+00:00
[2026-08-12T18:36:52.391+0000] {processor.py:183} INFO - Processing /opt/airflow/dags/daily_scrape_and_load.py took 1.397 seconds
[2026-08-12T18:37:22.702+0000] {processor.py:161} INFO - Started process (PID=1030) to work on /opt/airflow/dags/daily_scrape_and_load.py
[2026-08-12T18:37:22.703+0000] {processor.py:830} INFO - Processing file /opt/airflow/dags/daily_scrape_and_load.py for tasks to queue
[2026-08-12T18:37:22.704+0000] {logging_mixin.py:188} INFO - [2026-08-12T18:37:22.704+0000] {dagbag.py:545} INFO - Filling up the DagBag from /opt/airflow/dags/daily_scrape_and_load.py
[2026-08-12T18:37:23.550+0000] {processor.py:840} INFO - DAG(s) 'daily_scrape_and_load' retrieved from /opt/airflow/dags/daily_scrape_and_load.py
[2026-08-12T18:37:23.582+0000] {logging_mixin.py:188} INFO - [2026-08-12T18:37:23.582+0000] {dag.py:3096} INFO - Sync 1 DAGs
[2026-08-12T18:37:23.607+0000] {logging_mixin.py:188} INFO - [2026-08-12T18:37:23.606+0000] {dag.py:3954} INFO - Setting next_dagrun for daily_scrape_and_load to 2026-08-12 00:00:00+00:00, run_after=2026-08-13 00:00:00+00:00
[2026-08-12T18:37:23.634+0000] {processor.py:183} INFO - Processing /opt/airflow/dags/daily_scrape_and_load.py took 0.942 seconds
[2026-08-12T18:37:53.965+0000] {processor.py:161} INFO - Started process (PID=1036) to work on /opt/airflow/dags/daily_scrape_and_load.py
[2026-08-12T18:37:53.966+0000] {processor.py:830} INFO - Processing file /opt/airflow/dags/daily_scrape_and_load.py for tasks to queue
[2026-08-12T18:37:53.968+0000] {logging_mixin.py:188} INFO - [2026-08-12T18:37:53.967+0000] {dagbag.py:545} INFO - Filling up the DagBag from /opt/airflow/dags/daily_scrape_and_load.py
[2026-08-12T18:37:54.795+0000] {processor.py:840} INFO - DAG(s) 'daily_scrape_and_load' retrieved from /opt/airflow/dags/daily_scrape_and_load.py
[2026-08-12T18:37:54.835+0000] {logging_mixin.py:188} INFO - [2026-08-12T18:37:54.835+0000] {dag.py:3096} INFO - Sync 1 DAGs
[2026-08-12T18:37:54.863+0000] {logging_mixin.py:188} INFO - [2026-08-12T18:37:54.863+0000] {dag.py:3954} INFO - Setting next_dagrun for daily_scrape_and_load to 2026-08-12 00:00:00+00:00, run_after=2026-08-13 00:00:00+00:00
[2026-08-12T18:37:55.065+0000] {processor.py:183} INFO - Processing /opt/airflow/dags/daily_scrape_and_load.py took 1.108 seconds
[2026-08-12T18:38:25.347+0000] {processor.py:161} INFO - Started process (PID=1042) to work on /opt/airflow/dags/daily_scrape_and_load.py
[2026-08-12T18:38:25.348+0000] {processor.py:830} INFO - Processing file /opt/airflow/dags/daily_scrape_and_load.py for tasks to queue
[2026-08-12T18:38:25.350+0000] {logging_mixin.py:188} INFO - [2026-08-12T18:38:25.349+0000] {dagbag.py:545} INFO - Filling up the DagBag from /opt/airflow/dags/daily_scrape_and_load.py
[2026-08-12T18:38:26.012+0000] {processor.py:840} INFO - DAG(s) 'daily_scrape_and_load' retrieved from /opt/airflow/dags/daily_scrape_and_load.py
[2026-08-12T18:38:26.044+0000] {logging_mixin.py:188} INFO - [2026-08-12T18:38:26.044+0000] {dag.py:3096} INFO - Sync 1 DAGs
[2026-08-12T18:38:26.068+0000] {logging_mixin.py:188} INFO - [2026-08-12T18:38:26.068+0000] {dag.py:3954} INFO - Setting next_dagrun for daily_scrape_and_load to 2026-08-12 00:00:00+00:00, run_after=2026-08-13 00:00:00+00:00
[2026-08-12T18:38:26.092+0000] {processor.py:183} INFO - Processing /opt/airflow/dags/daily_scrape_and_load.py took 0.754 seconds
[2026-08-12T18:38:56.474+0000] {processor.py:161} INFO - Started process (PID=1048) to work on /opt/airflow/dags/daily_scrape_and_load.py
[2026-08-12T18:38:56.476+0000] {processor.py:830} INFO - Processing file /opt/airflow/dags/daily_scrape_and_load.py for tasks to queue
[2026-08-12T18:38:56.478+0000] {logging_mixin.py:188} INFO - [2026-08-12T18:38:56.477+0000] {dagbag.py:545} INFO - Filling up the DagBag from /opt/airflow/dags/daily_scrape_and_load.py
[2026-08-12T18:38:57.109+0000] {processor.py:840} INFO - DAG(s) 'daily_scrape_and_load' retrieved from /opt/airflow/dags/daily_scrape_and_load.py
[2026-08-12T18:38:57.142+0000] {logging_mixin.py:188} INFO - [2026-08-12T18:38:57.142+0000] {dag.py:3096} INFO - Sync 1 DAGs
[2026-08-12T18:38:57.166+0000] {logging_mixin.py:188} INFO - [2026-08-12T18:38:57.166+0000] {dag.py:3954} INFO - Setting next_dagrun for daily_scrape_and_load to 2026-08-12 00:00:00+00:00, run_after=2026-08-13 00:00:00+00:00
[2026-08-12T18:38:57.191+0000] {processor.py:183} INFO - Processing /opt/airflow/dags/daily_scrape_and_load.py took 0.726 seconds
[2026-08-12T18:39:27.524+0000] {processor.py:161} INFO - Started process (PID=1054) to work on /opt/airflow/dags/daily_scrape_and_load.py
[2026-08-12T18:39:27.525+0000] {processor.py:830} INFO - Processing file /opt/airflow/dags/daily_scrape_and_load.py for tasks to queue
[2026-08-12T18:39:27.527+0000] {logging_mixin.py:188} INFO - [2026-08-12T18:39:27.527+0000] {dagbag.py:545} INFO - Filling up the DagBag from /opt/airflow/dags/daily_scrape_and_load.py
[2026-08-12T18:39:28.689+0000] {processor.py:840} INFO - DAG(s) 'daily_scrape_and_load' retrieved from /opt/airflow/dags/daily_scrape_and_load.py
[2026-08-12T18:39:28.761+0000] {logging_mixin.py:188} INFO - [2026-08-12T18:39:28.761+0000] {dag.py:3096} INFO - Sync 1 DAGs
[2026-08-12T18:39:28.795+0000] {logging_mixin.py:188} INFO - [2026-08-12T18:39:28.795+0000] {dag.py:3954} INFO - Setting next_dagrun for daily_scrape_and_load to 2026-08-12 00:00:00+00:00, run_after=2026-08-13 00:00:00+00:00
[2026-08-12T18:39:28.821+0000] {processor.py:183} INFO - Processing /opt/airflow/dags/daily_scrape_and_load.py took 1.306 seconds
[2026-08-12T18:39:59.172+0000] {processor.py:161} INFO - Started process (PID=1060) to work on /opt/airflow/dags/daily_scrape_and_load.py
[2026-08-12T18:39:59.173+0000] {processor.py:830} INFO - Processing file /opt/airflow/dags/daily_scrape_and_load.py for tasks to queue
[2026-08-12T18:39:59.175+0000] {logging_mixin.py:188} INFO - [2026-08-12T18:39:59.174+0000] {dagbag.py:545} INFO - Filling up the DagBag from /opt/airflow/dags/daily_scrape_and_load.py
[2026-08-12T18:39:59.854+0000] {processor.py:840} INFO - DAG(s) 'daily_scrape_and_load' retrieved from /opt/airflow/dags/daily_scrape_and_load.py
[2026-08-12T18:39:59.890+0000] {logging_mixin.py:188} INFO - [2026-08-12T18:39:59.890+0000] {dag.py:3096} INFO - Sync 1 DAGs
[2026-08-12T18:39:59.915+0000] {logging_mixin.py:188} INFO - [2026-08-12T18:39:59.915+0000] {dag.py:3954} INFO - Setting next_dagrun for daily_scrape_and_load to 2026-08-12 00:00:00+00:00, run_after=2026-08-13 00:00:00+00:00
[2026-08-12T18:39:59.941+0000] {processor.py:183} INFO - Processing /opt/airflow/dags/daily_scrape_and_load.py took 0.777 seconds
[2026-08-12T18:40:30.254+0000] {processor.py:161} INFO - Started process (PID=1066) to work on /opt/airflow/dags/daily_scrape_and_load.py
[2026-08-12T18:40:30.255+0000] {processor.py:830} INFO - Processing file /opt/airflow/dags/daily_scrape_and_load.py for tasks to queue
[2026-08-12T18:40:30.256+0000] {logging_mixin.py:188} INFO - [2026-08-12T18:40:30.256+0000] {dagbag.py:545} INFO - Filling up the DagBag from /opt/airflow/dags/daily_scrape_and_load.py
[2026-08-12T18:40:31.115+0000] {processor.py:840} INFO - DAG(s) 'daily_scrape_and_load' retrieved from /opt/airflow/dags/daily_scrape_and_load.py
[2026-08-12T18:40:31.149+0000] {logging_mixin.py:188} INFO - [2026-08-12T18:40:31.149+0000] {dag.py:3096} INFO - Sync 1 DAGs
[2026-08-12T18:40:31.178+0000] {logging_mixin.py:188} INFO - [2026-08-12T18:40:31.178+0000] {dag.py:3954} INFO - Setting next_dagrun for daily_scrape_and_load to 2026-08-12 00:00:00+00:00, run_after=2026-08-13 00:00:00+00:00
[2026-08-12T18:40:31.209+0000] {processor.py:183} INFO - Processing /opt/airflow/dags/daily_scrape_and_load.py took 0.963 seconds
[2026-08-12T18:41:01.585+0000] {processor.py:161} INFO - Started process (PID=1072) to work on /opt/airflow/dags/daily_scrape_and_load.py
[2026-08-12T18:41:01.587+0000] {processor.py:830} INFO - Processing file /opt/airflow/dags/daily_scrape_and_load.py for tasks to queue
[2026-08-12T18:41:01.589+0000] {logging_mixin.py:188} INFO - [2026-08-12T18:41:01.589+0000] {dagbag.py:545} INFO - Filling up the DagBag from /opt/airflow/dags/daily_scrape_and_load.py
[2026-08-12T18:41:02.664+0000] {processor.py:840} INFO - DAG(s) 'daily_scrape_and_load' retrieved from /opt/airflow/dags/daily_scrape_and_load.py
[2026-08-12T18:41:02.728+0000] {logging_mixin.py:188} INFO - [2026-08-12T18:41:02.727+0000] {dag.py:3096} INFO - Sync 1 DAGs
[2026-08-12T18:41:02.774+0000] {logging_mixin.py:188} INFO - [2026-08-12T18:41:02.774+0000] {dag.py:3954} INFO - Setting next_dagrun for daily_scrape_and_load to 2026-08-12 00:00:00+00:00, run_after=2026-08-13 00:00:00+00:00
[2026-08-12T18:41:02.812+0000] {processor.py:183} INFO - Processing /opt/airflow/dags/daily_scrape_and_load.py took 1.235 seconds
[2026-08-12T18:41:32.954+0000] {processor.py:161} INFO - Started process (PID=1078) to work on /opt/airflow/dags/daily_scrape_and_load.py
[2026-08-12T18:41:32.955+0000] {processor.py:830} INFO - Processing file /opt/airflow/dags/daily_scrape_and_load.py for tasks to queue
[2026-08-12T18:41:32.956+0000] {logging_mixin.py:188} INFO - [2026-08-12T18:41:32.956+0000] {dagbag.py:545} INFO - Filling up the DagBag from /opt/airflow/dags/daily_scrape_and_load.py
[2026-08-12T18:41:33.887+0000] {processor.py:840} INFO - DAG(s) 'daily_scrape_and_load' retrieved from /opt/airflow/dags/daily_scrape_and_load.py
[2026-08-12T18:41:33.954+0000] {logging_mixin.py:188} INFO - [2026-08-12T18:41:33.953+0000] {dag.py:3096} INFO - Sync 1 DAGs
[2026-08-12T18:41:34.003+0000] {logging_mixin.py:188} INFO - [2026-08-12T18:41:34.003+0000] {dag.py:3954} INFO - Setting next_dagrun for daily_scrape_and_load to 2026-08-12 00:00:00+00:00, run_after=2026-08-13 00:00:00+00:00
[2026-08-12T18:41:34.037+0000] {processor.py:183} INFO - Processing /opt/airflow/dags/daily_scrape_and_load.py took 1.091 seconds
[2026-08-12T18:42:04.552+0000] {processor.py:161} INFO - Started process (PID=1084) to work on /opt/airflow/dags/daily_scrape_and_load.py
[2026-08-12T18:42:04.555+0000] {processor.py:830} INFO - Processing file /opt/airflow/dags/daily_scrape_and_load.py for tasks to queue
[2026-08-12T18:42:04.561+0000] {logging_mixin.py:188} INFO - [2026-08-12T18:42:04.559+0000] {dagbag.py:545} INFO - Filling up the DagBag from /opt/airflow/dags/daily_scrape_and_load.py
[2026-08-12T18:42:06.391+0000] {processor.py:840} INFO - DAG(s) 'daily_scrape_and_load' retrieved from /opt/airflow/dags/daily_scrape_and_load.py
[2026-08-12T18:42:06.460+0000] {logging_mixin.py:188} INFO - [2026-08-12T18:42:06.460+0000] {dag.py:3096} INFO - Sync 1 DAGs
[2026-08-12T18:42:06.493+0000] {logging_mixin.py:188} INFO - [2026-08-12T18:42:06.493+0000] {dag.py:3954} INFO - Setting next_dagrun for daily_scrape_and_load to 2026-08-12 00:00:00+00:00, run_after=2026-08-13 00:00:00+00:00
[2026-08-12T18:42:06.641+0000] {processor.py:183} INFO - Processing /opt/airflow/dags/daily_scrape_and_load.py took 2.126 seconds
[2026-08-12T18:42:36.964+0000] {processor.py:161} INFO - Started process (PID=1090) to work on /opt/airflow/dags/daily_scrape_and_load.py
[2026-08-12T18:42:36.965+0000] {processor.py:830} INFO - Processing file /opt/airflow/dags/daily_scrape_and_load.py for tasks to queue
[2026-08-12T18:42:36.968+0000] {logging_mixin.py:188} INFO - [2026-08-12T18:42:36.967+0000] {dagbag.py:545} INFO - Filling up the DagBag from /opt/airflow/dags/daily_scrape_and_load.py
[2026-08-12T18:42:39.932+0000] {processor.py:840} INFO - DAG(s) 'daily_scrape_and_load' retrieved from /opt/airflow/dags/daily_scrape_and_load.py
[2026-08-12T18:42:40.111+0000] {logging_mixin.py:188} INFO - [2026-08-12T18:42:40.109+0000] {dag.py:3096} INFO - Sync 1 DAGs
[2026-08-12T18:42:40.239+0000] {logging_mixin.py:188} INFO - [2026-08-12T18:42:40.238+0000] {dag.py:3954} INFO - Setting next_dagrun for daily_scrape_and_load to 2026-08-12 00:00:00+00:00, run_after=2026-08-13 00:00:00+00:00
[2026-08-12T18:42:40.323+0000] {processor.py:183} INFO - Processing /opt/airflow/dags/daily_scrape_and_load.py took 3.379 seconds
[2026-08-12T18:43:10.491+0000] {processor.py:161} INFO - Started process (PID=1096) to work on /opt/airflow/dags/daily_scrape_and_load.py
[2026-08-12T18:43:10.492+0000] {processor.py:830} INFO - Processing file /opt/airflow/dags/daily_scrape_and_load.py for tasks to queue
[2026-08-12T18:43:10.493+0000] {logging_mixin.py:188} INFO - [2026-08-12T18:43:10.493+0000] {dagbag.py:545} INFO - Filling up the DagBag from /opt/airflow/dags/daily_scrape_and_load.py
[2026-08-12T18:43:11.257+0000] {processor.py:840} INFO - DAG(s) 'daily_scrape_and_load' retrieved from /opt/airflow/dags/daily_scrape_and_load.py
[2026-08-12T18:43:11.291+0000] {logging_mixin.py:188} INFO - [2026-08-12T18:43:11.291+0000] {dag.py:3096} INFO - Sync 1 DAGs
[2026-08-12T18:43:11.315+0000] {logging_mixin.py:188} INFO - [2026-08-12T18:43:11.315+0000] {dag.py:3954} INFO - Setting next_dagrun for daily_scrape_and_load to 2026-08-12 00:00:00+00:00, run_after=2026-08-13 00:00:00+00:00
[2026-08-12T18:43:11.339+0000] {processor.py:183} INFO - Processing /opt/airflow/dags/daily_scrape_and_load.py took 0.858 seconds
[2026-08-12T18:43:41.667+0000] {processor.py:161} INFO - Started process (PID=1102) to work on /opt/airflow/dags/daily_scrape_and_load.py
[2026-08-12T18:43:41.668+0000] {processor.py:830} INFO - Processing file /opt/airflow/dags/daily_scrape_and_load.py for tasks to queue
[2026-08-12T18:43:41.669+0000] {logging_mixin.py:188} INFO - [2026-08-12T18:43:41.669+0000] {dagbag.py:545} INFO - Filling up the DagBag from /opt/airflow/dags/daily_scrape_and_load.py
[2026-08-12T18:43:42.453+0000] {processor.py:840} INFO - DAG(s) 'daily_scrape_and_load' retrieved from /opt/airflow/dags/daily_scrape_and_load.py
[2026-08-12T18:43:42.487+0000] {logging_mixin.py:188} INFO - [2026-08-12T18:43:42.487+0000] {dag.py:3096} INFO - Sync 1 DAGs
[2026-08-12T18:43:42.511+0000] {logging_mixin.py:188} INFO - [2026-08-12T18:43:42.511+0000] {dag.py:3954} INFO - Setting next_dagrun for daily_scrape_and_load to 2026-08-12 00:00:00+00:00, run_after=2026-08-13 00:00:00+00:00
[2026-08-12T18:43:42.539+0000] {processor.py:183} INFO - Processing /opt/airflow/dags/daily_scrape_and_load.py took 0.880 seconds
[2026-08-12T18:44:12.901+0000] {processor.py:161} INFO - Started process (PID=1108) to work on /opt/airflow/dags/daily_scrape_and_load.py
[2026-08-12T18:44:12.902+0000] {processor.py:830} INFO - Processing file /opt/airflow/dags/daily_scrape_and_load.py for tasks to queue
[2026-08-12T18:44:12.903+0000] {logging_mixin.py:188} INFO - [2026-08-12T18:44:12.903+0000] {dagbag.py:545} INFO - Filling up the DagBag from /opt/airflow/dags/daily_scrape_and_load.py
[2026-08-12T18:44:13.721+0000] {processor.py:840} INFO - DAG(s) 'daily_scrape_and_load' retrieved from /opt/airflow/dags/daily_scrape_and_load.py
[2026-08-12T18:44:13.759+0000] {logging_mixin.py:188} INFO - [2026-08-12T18:44:13.759+0000] {dag.py:3096} INFO - Sync 1 DAGs
[2026-08-12T18:44:13.786+0000] {logging_mixin.py:188} INFO - [2026-08-12T18:44:13.786+0000] {dag.py:3954} INFO - Setting next_dagrun for daily_scrape_and_load to 2026-08-12 00:00:00+00:00, run_after=2026-08-13 00:00:00+00:00
[2026-08-12T18:44:13.827+0000] {processor.py:183} INFO - Processing /opt/airflow/dags/daily_scrape_and_load.py took 0.935 seconds
[2026-08-12T18:44:44.149+0000] {processor.py:161} INFO - Started process (PID=1114) to work on /opt/airflow/dags/daily_scrape_and_load.py
[2026-08-12T18:44:44.150+0000] {processor.py:830} INFO - Processing file /opt/airflow/dags/daily_scrape_and_load.py for tasks to queue
[2026-08-12T18:44:44.151+0000] {logging_mixin.py:188} INFO - [2026-08-12T18:44:44.151+0000] {dagbag.py:545} INFO - Filling up the DagBag from /opt/airflow/dags/daily_scrape_and_load.py
[2026-08-12T18:44:44.948+0000] {processor.py:840} INFO - DAG(s) 'daily_scrape_and_load' retrieved from /opt/airflow/dags/daily_scrape_and_load.py
[2026-08-12T18:44:45.138+0000] {logging_mixin.py:188} INFO - [2026-08-12T18:44:45.138+0000] {dag.py:3096} INFO - Sync 1 DAGs
[2026-08-12T18:44:45.201+0000] {logging_mixin.py:188} INFO - [2026-08-12T18:44:45.201+0000] {dag.py:3954} INFO - Setting next_dagrun for daily_scrape_and_load to 2026-08-12 00:00:00+00:00, run_after=2026-08-13 00:00:00+00:00
[2026-08-12T18:44:45.236+0000] {processor.py:183} INFO - Processing /opt/airflow/dags/daily_scrape_and_load.py took 1.095 seconds
[2026-08-12T18:45:15.434+0000] {processor.py:161} INFO - Started process (PID=1120) to work on /opt/airflow/dags/daily_scrape_and_load.py
[2026-08-12T18:45:15.434+0000] {processor.py:830} INFO - Processing file /opt/airflow/dags/daily_scrape_and_load.py for tasks to queue
[2026-08-12T18:45:15.436+0000] {logging_mixin.py:188} INFO - [2026-08-12T18:45:15.435+0000] {dagbag.py:545} INFO - Filling up the DagBag from /opt/airflow/dags/daily_scrape_and_load.py
[2026-08-12T18:45:16.140+0000] {processor.py:840} INFO - DAG(s) 'daily_scrape_and_load' retrieved from /opt/airflow/dags/daily_scrape_and_load.py
[2026-08-12T18:45:16.179+0000] {logging_mixin.py:188} INFO - [2026-08-12T18:45:16.179+0000] {dag.py:3096} INFO - Sync 1 DAGs
[2026-08-12T18:45:16.202+0000] {logging_mixin.py:188} INFO - [2026-08-12T18:45:16.202+0000] {dag.py:3954} INFO - Setting next_dagrun for daily_scrape_and_load to 2026-08-12 00:00:00+00:00, run_after=2026-08-13 00:00:00+00:00
[2026-08-12T18:45:16.226+0000] {processor.py:183} INFO - Processing /opt/airflow/dags/daily_scrape_and_load.py took 0.800 seconds
[2026-08-12T18:45:46.592+0000] {processor.py:161} INFO - Started process (PID=1126) to work on /opt/airflow/dags/daily_scrape_and_load.py
[2026-08-12T18:45:46.594+0000] {processor.py:830} INFO - Processing file /opt/airflow/dags/daily_scrape_and_load.py for tasks to queue
[2026-08-12T18:45:46.597+0000] {logging_mixin.py:188} INFO - [2026-08-12T18:45:46.596+0000] {dagbag.py:545} INFO - Filling up the DagBag from /opt/airflow/dags/daily_scrape_and_load.py
[2026-08-12T18:45:48.054+0000] {processor.py:840} INFO - DAG(s) 'daily_scrape_and_load' retrieved from /opt/airflow/dags/daily_scrape_and_load.py
[2026-08-12T18:45:48.128+0000] {logging_mixin.py:188} INFO - [2026-08-12T18:45:48.127+0000] {dag.py:3096} INFO - Sync 1 DAGs
[2026-08-12T18:45:48.168+0000] {logging_mixin.py:188} INFO - [2026-08-12T18:45:48.168+0000] {dag.py:3954} INFO - Setting next_dagrun for daily_scrape_and_load to 2026-08-12 00:00:00+00:00, run_after=2026-08-13 00:00:00+00:00
[2026-08-12T18:45:48.200+0000] {processor.py:183} INFO - Processing /opt/airflow/dags/daily_scrape_and_load.py took 1.628 seconds
[2026-08-12T18:46:18.548+0000] {processor.py:161} INFO - Started process (PID=1132) to work on /opt/airflow/dags/daily_scrape_and_load.py
[2026-08-12T18:46:18.549+0000] {processor.py:830} INFO - Processing file /opt/airflow/dags/daily_scrape_and_load.py for tasks to queue
[2026-08-12T18:46:18.551+0000] {logging_mixin.py:188} INFO - [2026-08-12T18:46:18.550+0000] {dagbag.py:545} INFO - Filling up the DagBag from /opt/airflow/dags/daily_scrape_and_load.py
[2026-08-12T18:46:19.404+0000] {processor.py:840} INFO - DAG(s) 'daily_scrape_and_load' retrieved from /opt/airflow/dags/daily_scrape_and_load.py
[2026-08-12T18:46:19.470+0000] {logging_mixin.py:188} INFO - [2026-08-12T18:46:19.470+0000] {dag.py:3096} INFO - Sync 1 DAGs
[2026-08-12T18:46:19.509+0000] {logging_mixin.py:188} INFO - [2026-08-12T18:46:19.508+0000] {dag.py:3954} INFO - Setting next_dagrun for daily_scrape_and_load to 2026-08-12 00:00:00+00:00, run_after=2026-08-13 00:00:00+00:00
[2026-08-12T18:46:19.550+0000] {processor.py:183} INFO - Processing /opt/airflow/dags/daily_scrape_and_load.py took 1.017 seconds
[2026-08-12T18:46:49.810+0000] {processor.py:161} INFO - Started process (PID=1138) to work on /opt/airflow/dags/daily_scrape_and_load.py
[2026-08-12T18:46:49.811+0000] {processor.py:830} INFO - Processing file /opt/airflow/dags/daily_scrape_and_load.py for tasks to queue
[2026-08-12T18:46:49.812+0000] {logging_mixin.py:188} INFO - [2026-08-12T18:46:49.812+0000] {dagbag.py:545} INFO - Filling up the DagBag from /opt/airflow/dags/daily_scrape_and_load.py
[2026-08-12T18:46:50.631+0000] {processor.py:840} INFO - DAG(s) 'daily_scrape_and_load' retrieved from /opt/airflow/dags/daily_scrape_and_load.py
[2026-08-12T18:46:50.679+0000] {logging_mixin.py:188} INFO - [2026-08-12T18:46:50.679+0000] {dag.py:3096} INFO - Sync 1 DAGs
[2026-08-12T18:46:50.711+0000] {logging_mixin.py:188} INFO - [2026-08-12T18:46:50.711+0000] {dag.py:3954} INFO - Setting next_dagrun for daily_scrape_and_load to 2026-08-12 00:00:00+00:00, run_after=2026-08-13 00:00:00+00:00
[2026-08-12T18:46:50.740+0000] {processor.py:183} INFO - Processing /opt/airflow/dags/daily_scrape_and_load.py took 0.940 seconds
[2026-08-12T18:47:21.046+0000] {processor.py:161} INFO - Started process (PID=1144) to work on /opt/airflow/dags/daily_scrape_and_load.py
[2026-08-12T18:47:21.047+0000] {processor.py:830} INFO - Processing file /opt/airflow/dags/daily_scrape_and_load.py for tasks to queue
[2026-08-12T18:47:21.049+0000] {logging_mixin.py:188} INFO - [2026-08-12T18:47:21.048+0000] {dagbag.py:545} INFO - Filling up the DagBag from /opt/airflow/dags/daily_scrape_and_load.py
[2026-08-12T18:47:21.748+0000] {processor.py:840} INFO - DAG(s) 'daily_scrape_and_load' retrieved from /opt/airflow/dags/daily_scrape_and_load.py
[2026-08-12T18:47:21.782+0000] {logging_mixin.py:188} INFO - [2026-08-12T18:47:21.782+0000] {dag.py:3096} INFO - Sync 1 DAGs
[2026-08-12T18:47:21.806+0000] {logging_mixin.py:188} INFO - [2026-08-12T18:47:21.806+0000] {dag.py:3954} INFO - Setting next_dagrun for daily_scrape_and_load to 2026-08-12 00:00:00+00:00, run_after=2026-08-13 00:00:00+00:00
[2026-08-12T18:47:21.830+0000] {processor.py:183} INFO - Processing /opt/airflow/dags/daily_scrape_and_load.py took 0.792 seconds
[2026-08-12T18:47:52.184+0000] {processor.py:161} INFO - Started process (PID=1150) to work on /opt/airflow/dags/daily_scrape_and_load.py
[2026-08-12T18:47:52.187+0000] {processor.py:830} INFO - Processing file /opt/airflow/dags/daily_scrape_and_load.py for tasks to queue
[2026-08-12T18:47:52.193+0000] {logging_mixin.py:188} INFO - [2026-08-12T18:47:52.192+0000] {dagbag.py:545} INFO - Filling up the DagBag from /opt/airflow/dags/daily_scrape_and_load.py
[2026-08-12T18:47:53.280+0000] {processor.py:840} INFO - DAG(s) 'daily_scrape_and_load' retrieved from /opt/airflow/dags/daily_scrape_and_load.py
[2026-08-12T18:47:53.319+0000] {logging_mixin.py:188} INFO - [2026-08-12T18:47:53.319+0000] {dag.py:3096} INFO - Sync 1 DAGs
[2026-08-12T18:47:53.343+0000] {logging_mixin.py:188} INFO - [2026-08-12T18:47:53.343+0000] {dag.py:3954} INFO - Setting next_dagrun for daily_scrape_and_load to 2026-08-12 00:00:00+00:00, run_after=2026-08-13 00:00:00+00:00
[2026-08-12T18:47:53.368+0000] {processor.py:183} INFO - Processing /opt/airflow/dags/daily_scrape_and_load.py took 1.209 seconds
[2026-08-12T18:48:23.685+0000] {processor.py:161} INFO - Started process (PID=1156) to work on /opt/airflow/dags/daily_scrape_and_load.py
[2026-08-12T18:48:23.686+0000] {processor.py:830} INFO - Processing file /opt/airflow/dags/daily_scrape_and_load.py for tasks to queue
[2026-08-12T18:48:23.687+0000] {logging_mixin.py:188} INFO - [2026-08-12T18:48:23.687+0000] {dagbag.py:545} INFO - Filling up the DagBag from /opt/airflow/dags/daily_scrape_and_load.py
[2026-08-12T18:48:24.407+0000] {processor.py:840} INFO - DAG(s) 'daily_scrape_and_load' retrieved from /opt/airflow/dags/daily_scrape_and_load.py
[2026-08-12T18:48:24.456+0000] {logging_mixin.py:188} INFO - [2026-08-12T18:48:24.456+0000] {dag.py:3096} INFO - Sync 1 DAGs
[2026-08-12T18:48:24.490+0000] {logging_mixin.py:188} INFO - [2026-08-12T18:48:24.490+0000] {dag.py:3954} INFO - Setting next_dagrun for daily_scrape_and_load to 2026-08-12 00:00:00+00:00, run_after=2026-08-13 00:00:00+00:00
[2026-08-12T18:48:24.521+0000] {processor.py:183} INFO - Processing /opt/airflow/dags/daily_scrape_and_load.py took 0.843 seconds
[2026-08-12T18:48:54.926+0000] {processor.py:161} INFO - Started process (PID=1162) to work on /opt/airflow/dags/daily_scrape_and_load.py
[2026-08-12T18:48:54.927+0000] {processor.py:830} INFO - Processing file /opt/airflow/dags/daily_scrape_and_load.py for tasks to queue
[2026-08-12T18:48:54.928+0000] {logging_mixin.py:188} INFO - [2026-08-12T18:48:54.928+0000] {dagbag.py:545} INFO - Filling up the DagBag from /opt/airflow/dags/daily_scrape_and_load.py
[2026-08-12T18:48:55.627+0000] {processor.py:840} INFO - DAG(s) 'daily_scrape_and_load' retrieved from /opt/airflow/dags/daily_scrape_and_load.py
[2026-08-12T18:48:55.665+0000] {logging_mixin.py:188} INFO - [2026-08-12T18:48:55.665+0000] {dag.py:3096} INFO - Sync 1 DAGs
[2026-08-12T18:48:55.690+0000] {logging_mixin.py:188} INFO - [2026-08-12T18:48:55.689+0000] {dag.py:3954} INFO - Setting next_dagrun for daily_scrape_and_load to 2026-08-12 00:00:00+00:00, run_after=2026-08-13 00:00:00+00:00
[2026-08-12T18:48:55.714+0000] {processor.py:183} INFO - Processing /opt/airflow/dags/daily_scrape_and_load.py took 0.796 seconds
[2026-08-12T18:49:26.066+0000] {processor.py:161} INFO - Started process (PID=1168) to work on /opt/airflow/dags/daily_scrape_and_load.py
[2026-08-12T18:49:26.069+0000] {processor.py:830} INFO - Processing file /opt/airflow/dags/daily_scrape_and_load.py for tasks to queue
[2026-08-12T18:49:26.073+0000] {logging_mixin.py:188} INFO - [2026-08-12T18:49:26.072+0000] {dagbag.py:545} INFO - Filling up the DagBag from /opt/airflow/dags/daily_scrape_and_load.py
[2026-08-12T18:49:27.747+0000] {processor.py:840} INFO - DAG(s) 'daily_scrape_and_load' retrieved from /opt/airflow/dags/daily_scrape_and_load.py
[2026-08-12T18:49:27.856+0000] {logging_mixin.py:188} INFO - [2026-08-12T18:49:27.856+0000] {dag.py:3096} INFO - Sync 1 DAGs
[2026-08-12T18:49:27.932+0000] {logging_mixin.py:188} INFO - [2026-08-12T18:49:27.931+0000] {dag.py:3954} INFO - Setting next_dagrun for daily_scrape_and_load to 2026-08-12 00:00:00+00:00, run_after=2026-08-13 00:00:00+00:00
[2026-08-12T18:49:27.997+0000] {processor.py:183} INFO - Processing /opt/airflow/dags/daily_scrape_and_load.py took 1.962 seconds
[2026-08-12T18:49:58.322+0000] {processor.py:161} INFO - Started process (PID=1174) to work on /opt/airflow/dags/daily_scrape_and_load.py
[2026-08-12T18:49:58.323+0000] {processor.py:830} INFO - Processing file /opt/airflow/dags/daily_scrape_and_load.py for tasks to queue
[2026-08-12T18:49:58.325+0000] {logging_mixin.py:188} INFO - [2026-08-12T18:49:58.325+0000] {dagbag.py:545} INFO - Filling up the DagBag from /opt/airflow/dags/daily_scrape_and_load.py
[2026-08-12T18:49:59.171+0000] {processor.py:840} INFO - DAG(s) 'daily_scrape_and_load' retrieved from /opt/airflow/dags/daily_scrape_and_load.py
[2026-08-12T18:49:59.221+0000] {logging_mixin.py:188} INFO - [2026-08-12T18:49:59.220+0000] {dag.py:3096} INFO - Sync 1 DAGs
[2026-08-12T18:49:59.261+0000] {logging_mixin.py:188} INFO - [2026-08-12T18:49:59.261+0000] {dag.py:3954} INFO - Setting next_dagrun for daily_scrape_and_load to 2026-08-12 00:00:00+00:00, run_after=2026-08-13 00:00:00+00:00
[2026-08-12T18:49:59.300+0000] {processor.py:183} INFO - Processing /opt/airflow/dags/daily_scrape_and_load.py took 0.991 seconds
[2026-08-12T18:50:29.658+0000] {processor.py:161} INFO - Started process (PID=1180) to work on /opt/airflow/dags/daily_scrape_and_load.py
[2026-08-12T18:50:29.659+0000] {processor.py:830} INFO - Processing file /opt/airflow/dags/daily_scrape_and_load.py for tasks to queue
[2026-08-12T18:50:29.660+0000] {logging_mixin.py:188} INFO - [2026-08-12T18:50:29.660+0000] {dagbag.py:545} INFO - Filling up the DagBag from /opt/airflow/dags/daily_scrape_and_load.py
[2026-08-12T18:50:30.291+0000] {processor.py:840} INFO - DAG(s) 'daily_scrape_and_load' retrieved from /opt/airflow/dags/daily_scrape_and_load.py
[2026-08-12T18:50:30.324+0000] {logging_mixin.py:188} INFO - [2026-08-12T18:50:30.324+0000] {dag.py:3096} INFO - Sync 1 DAGs
[2026-08-12T18:50:30.346+0000] {logging_mixin.py:188} INFO - [2026-08-12T18:50:30.346+0000] {dag.py:3954} INFO - Setting next_dagrun for daily_scrape_and_load to 2026-08-12 00:00:00+00:00, run_after=2026-08-13 00:00:00+00:00
[2026-08-12T18:50:30.368+0000] {processor.py:183} INFO - Processing /opt/airflow/dags/daily_scrape_and_load.py took 0.718 seconds
[2026-08-12T18:51:00.874+0000] {processor.py:161} INFO - Started process (PID=1186) to work on /opt/airflow/dags/daily_scrape_and_load.py
[2026-08-12T18:51:00.875+0000] {processor.py:830} INFO - Processing file /opt/airflow/dags/daily_scrape_and_load.py for tasks to queue
[2026-08-12T18:51:00.876+0000] {logging_mixin.py:188} INFO - [2026-08-12T18:51:00.876+0000] {dagbag.py:545} INFO - Filling up the DagBag from /opt/airflow/dags/daily_scrape_and_load.py
[2026-08-12T18:51:01.488+0000] {processor.py:840} INFO - DAG(s) 'daily_scrape_and_load' retrieved from /opt/airflow/dags/daily_scrape_and_load.py
[2026-08-12T18:51:01.521+0000] {logging_mixin.py:188} INFO - [2026-08-12T18:51:01.521+0000] {dag.py:3096} INFO - Sync 1 DAGs
[2026-08-12T18:51:01.543+0000] {logging_mixin.py:188} INFO - [2026-08-12T18:51:01.543+0000] {dag.py:3954} INFO - Setting next_dagrun for daily_scrape_and_load to 2026-08-12 00:00:00+00:00, run_after=2026-08-13 00:00:00+00:00
[2026-08-12T18:51:01.567+0000] {processor.py:183} INFO - Processing /opt/airflow/dags/daily_scrape_and_load.py took 0.701 seconds
[2026-08-12T18:51:31.913+0000] {processor.py:161} INFO - Started process (PID=1192) to work on /opt/airflow/dags/daily_scrape_and_load.py
[2026-08-12T18:51:31.914+0000] {processor.py:830} INFO - Processing file /opt/airflow/dags/daily_scrape_and_load.py for tasks to queue
[2026-08-12T18:51:31.915+0000] {logging_mixin.py:188} INFO - [2026-08-12T18:51:31.915+0000] {dagbag.py:545} INFO - Filling up the DagBag from /opt/airflow/dags/daily_scrape_and_load.py
[2026-08-12T18:51:32.639+0000] {processor.py:840} INFO - DAG(s) 'daily_scrape_and_load' retrieved from /opt/airflow/dags/daily_scrape_and_load.py
[2026-08-12T18:51:32.691+0000] {logging_mixin.py:188} INFO - [2026-08-12T18:51:32.691+0000] {dag.py:3096} INFO - Sync 1 DAGs
[2026-08-12T18:51:32.727+0000] {logging_mixin.py:188} INFO - [2026-08-12T18:51:32.727+0000] {dag.py:3954} INFO - Setting next_dagrun for daily_scrape_and_load to 2026-08-12 00:00:00+00:00, run_after=2026-08-13 00:00:00+00:00
[2026-08-12T18:51:32.757+0000] {processor.py:183} INFO - Processing /opt/airflow/dags/daily_scrape_and_load.py took 0.851 seconds
[2026-08-12T18:52:03.172+0000] {processor.py:161} INFO - Started process (PID=1198) to work on /opt/airflow/dags/daily_scrape_and_load.py
[2026-08-12T18:52:03.173+0000] {processor.py:830} INFO - Processing file /opt/airflow/dags/daily_scrape_and_load.py for tasks to queue
[2026-08-12T18:52:03.174+0000] {logging_mixin.py:188} INFO - [2026-08-12T18:52:03.174+0000] {dagbag.py:545} INFO - Filling up the DagBag from /opt/airflow/dags/daily_scrape_and_load.py
[2026-08-12T18:52:03.793+0000] {processor.py:840} INFO - DAG(s) 'daily_scrape_and_load' retrieved from /opt/airflow/dags/daily_scrape_and_load.py
[2026-08-12T18:52:03.825+0000] {logging_mixin.py:188} INFO - [2026-08-12T18:52:03.825+0000] {dag.py:3096} INFO - Sync 1 DAGs
[2026-08-12T18:52:03.847+0000] {logging_mixin.py:188} INFO - [2026-08-12T18:52:03.847+0000] {dag.py:3954} INFO - Setting next_dagrun for daily_scrape_and_load to 2026-08-12 00:00:00+00:00, run_after=2026-08-13 00:00:00+00:00
[2026-08-12T18:52:03.871+0000] {processor.py:183} INFO - Processing /opt/airflow/dags/daily_scrape_and_load.py took 0.706 seconds
[2026-08-12T18:52:34.072+0000] {processor.py:161} INFO - Started process (PID=1204) to work on /opt/airflow/dags/daily_scrape_and_load.py
[2026-08-12T18:52:34.073+0000] {processor.py:830} INFO - Processing file /opt/airflow/dags/daily_scrape_and_load.py for tasks to queue
[2026-08-12T18:52:34.074+0000] {logging_mixin.py:188} INFO - [2026-08-12T18:52:34.074+0000] {dagbag.py:545} INFO - Filling up the DagBag from /opt/airflow/dags/daily_scrape_and_load.py
[2026-08-12T18:52:34.832+0000] {processor.py:840} INFO - DAG(s) 'daily_scrape_and_load' retrieved from /opt/airflow/dags/daily_scrape_and_load.py
[2026-08-12T18:52:34.867+0000] {logging_mixin.py:188} INFO - [2026-08-12T18:52:34.867+0000] {dag.py:3096} INFO - Sync 1 DAGs
[2026-08-12T18:52:34.894+0000] {logging_mixin.py:188} INFO - [2026-08-12T18:52:34.893+0000] {dag.py:3954} INFO - Setting next_dagrun for daily_scrape_and_load to 2026-08-12 00:00:00+00:00, run_after=2026-08-13 00:00:00+00:00
[2026-08-12T18:52:34.921+0000] {processor.py:183} INFO - Processing /opt/airflow/dags/daily_scrape_and_load.py took 0.861 seconds
[2026-08-12T18:53:05.329+0000] {processor.py:161} INFO - Started process (PID=1210) to work on /opt/airflow/dags/daily_scrape_and_load.py
[2026-08-12T18:53:05.330+0000] {processor.py:830} INFO - Processing file /opt/airflow/dags/daily_scrape_and_load.py for tasks to queue
[2026-08-12T18:53:05.331+0000] {logging_mixin.py:188} INFO - [2026-08-12T18:53:05.331+0000] {dagbag.py:545} INFO - Filling up the DagBag from /opt/airflow/dags/daily_scrape_and_load.py
[2026-08-12T18:53:06.009+0000] {processor.py:840} INFO - DAG(s) 'daily_scrape_and_load' retrieved from /opt/airflow/dags/daily_scrape_and_load.py
[2026-08-12T18:53:06.046+0000] {logging_mixin.py:188} INFO - [2026-08-12T18:53:06.046+0000] {dag.py:3096} INFO - Sync 1 DAGs
[2026-08-12T18:53:06.072+0000] {logging_mixin.py:188} INFO - [2026-08-12T18:53:06.072+0000] {dag.py:3954} INFO - Setting next_dagrun for daily_scrape_and_load to 2026-08-12 00:00:00+00:00, run_after=2026-08-13 00:00:00+00:00
[2026-08-12T18:53:06.096+0000] {processor.py:183} INFO - Processing /opt/airflow/dags/daily_scrape_and_load.py took 0.774 seconds
[2026-08-12T18:53:36.473+0000] {processor.py:161} INFO - Started process (PID=1216) to work on /opt/airflow/dags/daily_scrape_and_load.py
[2026-08-12T18:53:36.474+0000] {processor.py:830} INFO - Processing file /opt/airflow/dags/daily_scrape_and_load.py for tasks to queue
[2026-08-12T18:53:36.475+0000] {logging_mixin.py:188} INFO - [2026-08-12T18:53:36.475+0000] {dagbag.py:545} INFO - Filling up the DagBag from /opt/airflow/dags/daily_scrape_and_load.py
[2026-08-12T18:53:37.075+0000] {processor.py:840} INFO - DAG(s) 'daily_scrape_and_load' retrieved from /opt/airflow/dags/daily_scrape_and_load.py
[2026-08-12T18:53:37.107+0000] {logging_mixin.py:188} INFO - [2026-08-12T18:53:37.107+0000] {dag.py:3096} INFO - Sync 1 DAGs
[2026-08-12T18:53:37.131+0000] {logging_mixin.py:188} INFO - [2026-08-12T18:53:37.130+0000] {dag.py:3954} INFO - Setting next_dagrun for daily_scrape_and_load to 2026-08-12 00:00:00+00:00, run_after=2026-08-13 00:00:00+00:00
[2026-08-12T18:53:37.162+0000] {processor.py:183} INFO - Processing /opt/airflow/dags/daily_scrape_and_load.py took 0.697 seconds
[2026-08-12T18:54:07.544+0000] {processor.py:161} INFO - Started process (PID=1222) to work on /opt/airflow/dags/daily_scrape_and_load.py
[2026-08-12T18:54:07.546+0000] {processor.py:830} INFO - Processing file /opt/airflow/dags/daily_scrape_and_load.py for tasks to queue
[2026-08-12T18:54:07.547+0000] {logging_mixin.py:188} INFO - [2026-08-12T18:54:07.547+0000] {dagbag.py:545} INFO - Filling up the DagBag from /opt/airflow/dags/daily_scrape_and_load.py
[2026-08-12T18:54:08.211+0000] {processor.py:840} INFO - DAG(s) 'daily_scrape_and_load' retrieved from /opt/airflow/dags/daily_scrape_and_load.py
[2026-08-12T18:54:08.248+0000] {logging_mixin.py:188} INFO - [2026-08-12T18:54:08.248+0000] {dag.py:3096} INFO - Sync 1 DAGs
[2026-08-12T18:54:08.271+0000] {logging_mixin.py:188} INFO - [2026-08-12T18:54:08.271+0000] {dag.py:3954} INFO - Setting next_dagrun for daily_scrape_and_load to 2026-08-12 00:00:00+00:00, run_after=2026-08-13 00:00:00+00:00
[2026-08-12T18:54:08.296+0000] {processor.py:183} INFO - Processing /opt/airflow/dags/daily_scrape_and_load.py took 0.760 seconds
[2026-08-12T18:54:38.690+0000] {processor.py:161} INFO - Started process (PID=1228) to work on /opt/airflow/dags/daily_scrape_and_load.py
[2026-08-12T18:54:38.691+0000] {processor.py:830} INFO - Processing file /opt/airflow/dags/daily_scrape_and_load.py for tasks to queue
[2026-08-12T18:54:38.693+0000] {logging_mixin.py:188} INFO - [2026-08-12T18:54:38.692+0000] {dagbag.py:545} INFO - Filling up the DagBag from /opt/airflow/dags/daily_scrape_and_load.py
[2026-08-12T18:54:39.392+0000] {processor.py:840} INFO - DAG(s) 'daily_scrape_and_load' retrieved from /opt/airflow/dags/daily_scrape_and_load.py
[2026-08-12T18:54:39.426+0000] {logging_mixin.py:188} INFO - [2026-08-12T18:54:39.426+0000] {dag.py:3096} INFO - Sync 1 DAGs
[2026-08-12T18:54:39.450+0000] {logging_mixin.py:188} INFO - [2026-08-12T18:54:39.450+0000] {dag.py:3954} INFO - Setting next_dagrun for daily_scrape_and_load to 2026-08-12 00:00:00+00:00, run_after=2026-08-13 00:00:00+00:00
[2026-08-12T18:54:39.477+0000] {processor.py:183} INFO - Processing /opt/airflow/dags/daily_scrape_and_load.py took 0.795 seconds
[2026-08-12T18:55:09.635+0000] {processor.py:161} INFO - Started process (PID=1234) to work on /opt/airflow/dags/daily_scrape_and_load.py
[2026-08-12T18:55:09.636+0000] {processor.py:830} INFO - Processing file /opt/airflow/dags/daily_scrape_and_load.py for tasks to queue
[2026-08-12T18:55:09.637+0000] {logging_mixin.py:188} INFO - [2026-08-12T18:55:09.637+0000] {dagbag.py:545} INFO - Filling up the DagBag from /opt/airflow/dags/daily_scrape_and_load.py
[2026-08-12T18:55:10.260+0000] {processor.py:840} INFO - DAG(s) 'daily_scrape_and_load' retrieved from /opt/airflow/dags/daily_scrape_and_load.py
[2026-08-12T18:55:10.294+0000] {logging_mixin.py:188} INFO - [2026-08-12T18:55:10.293+0000] {dag.py:3096} INFO - Sync 1 DAGs
[2026-08-12T18:55:10.317+0000] {logging_mixin.py:188} INFO - [2026-08-12T18:55:10.317+0000] {dag.py:3954} INFO - Setting next_dagrun for daily_scrape_and_load to 2026-08-12 00:00:00+00:00, run_after=2026-08-13 00:00:00+00:00
[2026-08-12T18:55:10.345+0000] {processor.py:183} INFO - Processing /opt/airflow/dags/daily_scrape_and_load.py took 0.717 seconds
[2026-08-12T18:55:40.673+0000] {processor.py:161} INFO - Started process (PID=1240) to work on /opt/airflow/dags/daily_scrape_and_load.py
[2026-08-12T18:55:40.674+0000] {processor.py:830} INFO - Processing file /opt/airflow/dags/daily_scrape_and_load.py for tasks to queue
[2026-08-12T18:55:40.675+0000] {logging_mixin.py:188} INFO - [2026-08-12T18:55:40.674+0000] {dagbag.py:545} INFO - Filling up the DagBag from /opt/airflow/dags/daily_scrape_and_load.py
[2026-08-12T18:55:41.402+0000] {processor.py:840} INFO - DAG(s) 'daily_scrape_and_load' retrieved from /opt/airflow/dags/daily_scrape_and_load.py
[2026-08-12T18:55:41.436+0000] {logging_mixin.py:188} INFO - [2026-08-12T18:55:41.436+0000] {dag.py:3096} INFO - Sync 1 DAGs
[2026-08-12T18:55:41.460+0000] {logging_mixin.py:188} INFO - [2026-08-12T18:55:41.460+0000] {dag.py:3954} INFO - Setting next_dagrun for daily_scrape_and_load to 2026-08-12 00:00:00+00:00, run_after=2026-08-13 00:00:00+00:00
[2026-08-12T18:55:41.487+0000] {processor.py:183} INFO - Processing /opt/airflow/dags/daily_scrape_and_load.py took 0.821 seconds
[2026-08-12T18:56:11.562+0000] {processor.py:161} INFO - Started process (PID=1246) to work on /opt/airflow/dags/daily_scrape_and_load.py
[2026-08-12T18:56:11.563+0000] {processor.py:830} INFO - Processing file /opt/airflow/dags/daily_scrape_and_load.py for tasks to queue
[2026-08-12T18:56:11.564+0000] {logging_mixin.py:188} INFO - [2026-08-12T18:56:11.563+0000] {dagbag.py:545} INFO - Filling up the DagBag from /opt/airflow/dags/daily_scrape_and_load.py
[2026-08-12T18:56:12.184+0000] {processor.py:840} INFO - DAG(s) 'daily_scrape_and_load' retrieved from /opt/airflow/dags/daily_scrape_and_load.py
[2026-08-12T18:56:12.219+0000] {logging_mixin.py:188} INFO - [2026-08-12T18:56:12.218+0000] {dag.py:3096} INFO - Sync 1 DAGs
[2026-08-12T18:56:12.241+0000] {logging_mixin.py:188} INFO - [2026-08-12T18:56:12.241+0000] {dag.py:3954} INFO - Setting next_dagrun for daily_scrape_and_load to 2026-08-12 00:00:00+00:00, run_after=2026-08-13 00:00:00+00:00
[2026-08-12T18:56:12.266+0000] {processor.py:183} INFO - Processing /opt/airflow/dags/daily_scrape_and_load.py took 0.712 seconds
[2026-08-12T18:56:42.672+0000] {processor.py:161} INFO - Started process (PID=1252) to work on /opt/airflow/dags/daily_scrape_and_load.py
[2026-08-12T18:56:42.673+0000] {processor.py:830} INFO - Processing file /opt/airflow/dags/daily_scrape_and_load.py for tasks to queue
[2026-08-12T18:56:42.674+0000] {logging_mixin.py:188} INFO - [2026-08-12T18:56:42.674+0000] {dagbag.py:545} INFO - Filling up the DagBag from /opt/airflow/dags/daily_scrape_and_load.py
[2026-08-12T18:56:43.311+0000] {processor.py:840} INFO - DAG(s) 'daily_scrape_and_load' retrieved from /opt/airflow/dags/daily_scrape_and_load.py
[2026-08-12T18:56:43.345+0000] {logging_mixin.py:188} INFO - [2026-08-12T18:56:43.344+0000] {dag.py:3096} INFO - Sync 1 DAGs
[2026-08-12T18:56:43.367+0000] {logging_mixin.py:188} INFO - [2026-08-12T18:56:43.367+0000] {dag.py:3954} INFO - Setting next_dagrun for daily_scrape_and_load to 2026-08-12 00:00:00+00:00, run_after=2026-08-13 00:00:00+00:00
[2026-08-12T18:56:43.390+0000] {processor.py:183} INFO - Processing /opt/airflow/dags/daily_scrape_and_load.py took 0.726 seconds
[2026-08-12T18:57:13.554+0000] {processor.py:161} INFO - Started process (PID=1258) to work on /opt/airflow/dags/daily_scrape_and_load.py
[2026-08-12T18:57:13.555+0000] {processor.py:830} INFO - Processing file /opt/airflow/dags/daily_scrape_and_load.py for tasks to queue
[2026-08-12T18:57:13.557+0000] {logging_mixin.py:188} INFO - [2026-08-12T18:57:13.556+0000] {dagbag.py:545} INFO - Filling up the DagBag from /opt/airflow/dags/daily_scrape_and_load.py
[2026-08-12T18:57:14.175+0000] {processor.py:840} INFO - DAG(s) 'daily_scrape_and_load' retrieved from /opt/airflow/dags/daily_scrape_and_load.py
[2026-08-12T18:57:14.207+0000] {logging_mixin.py:188} INFO - [2026-08-12T18:57:14.206+0000] {dag.py:3096} INFO - Sync 1 DAGs
[2026-08-12T18:57:14.230+0000] {logging_mixin.py:188} INFO - [2026-08-12T18:57:14.229+0000] {dag.py:3954} INFO - Setting next_dagrun for daily_scrape_and_load to 2026-08-12 00:00:00+00:00, run_after=2026-08-13 00:00:00+00:00
[2026-08-12T18:57:14.257+0000] {processor.py:183} INFO - Processing /opt/airflow/dags/daily_scrape_and_load.py took 0.714 seconds
[2026-08-12T18:57:44.634+0000] {processor.py:161} INFO - Started process (PID=1264) to work on /opt/airflow/dags/daily_scrape_and_load.py
[2026-08-12T18:57:44.634+0000] {processor.py:830} INFO - Processing file /opt/airflow/dags/daily_scrape_and_load.py for tasks to queue
[2026-08-12T18:57:44.636+0000] {logging_mixin.py:188} INFO - [2026-08-12T18:57:44.635+0000] {dagbag.py:545} INFO - Filling up the DagBag from /opt/airflow/dags/daily_scrape_and_load.py
[2026-08-12T18:57:45.260+0000] {processor.py:840} INFO - DAG(s) 'daily_scrape_and_load' retrieved from /opt/airflow/dags/daily_scrape_and_load.py
[2026-08-12T18:57:45.295+0000] {logging_mixin.py:188} INFO - [2026-08-12T18:57:45.295+0000] {dag.py:3096} INFO - Sync 1 DAGs
[2026-08-12T18:57:45.319+0000] {logging_mixin.py:188} INFO - [2026-08-12T18:57:45.318+0000] {dag.py:3954} INFO - Setting next_dagrun for daily_scrape_and_load to 2026-08-12 00:00:00+00:00, run_after=2026-08-13 00:00:00+00:00
[2026-08-12T18:57:45.347+0000] {processor.py:183} INFO - Processing /opt/airflow/dags/daily_scrape_and_load.py took 0.721 seconds
[2026-08-12T18:58:15.684+0000] {processor.py:161} INFO - Started process (PID=1270) to work on /opt/airflow/dags/daily_scrape_and_load.py
[2026-08-12T18:58:15.685+0000] {processor.py:830} INFO - Processing file /opt/airflow/dags/daily_scrape_and_load.py for tasks to queue
[2026-08-12T18:58:15.686+0000] {logging_mixin.py:188} INFO - [2026-08-12T18:58:15.686+0000] {dagbag.py:545} INFO - Filling up the DagBag from /opt/airflow/dags/daily_scrape_and_load.py
[2026-08-12T18:58:16.305+0000] {processor.py:840} INFO - DAG(s) 'daily_scrape_and_load' retrieved from /opt/airflow/dags/daily_scrape_and_load.py
[2026-08-12T18:58:16.336+0000] {logging_mixin.py:188} INFO - [2026-08-12T18:58:16.336+0000] {dag.py:3096} INFO - Sync 1 DAGs
[2026-08-12T18:58:16.360+0000] {logging_mixin.py:188} INFO - [2026-08-12T18:58:16.360+0000] {dag.py:3954} INFO - Setting next_dagrun for daily_scrape_and_load to 2026-08-12 00:00:00+00:00, run_after=2026-08-13 00:00:00+00:00
[2026-08-12T18:58:16.384+0000] {processor.py:183} INFO - Processing /opt/airflow/dags/daily_scrape_and_load.py took 0.707 seconds
[2026-08-12T18:58:46.732+0000] {processor.py:161} INFO - Started process (PID=1276) to work on /opt/airflow/dags/daily_scrape_and_load.py
[2026-08-12T18:58:46.733+0000] {processor.py:830} INFO - Processing file /opt/airflow/dags/daily_scrape_and_load.py for tasks to queue
[2026-08-12T18:58:46.735+0000] {logging_mixin.py:188} INFO - [2026-08-12T18:58:46.734+0000] {dagbag.py:545} INFO - Filling up the DagBag from /opt/airflow/dags/daily_scrape_and_load.py
[2026-08-12T18:58:47.408+0000] {processor.py:840} INFO - DAG(s) 'daily_scrape_and_load' retrieved from /opt/airflow/dags/daily_scrape_and_load.py
[2026-08-12T18:58:47.451+0000] {logging_mixin.py:188} INFO - [2026-08-12T18:58:47.451+0000] {dag.py:3096} INFO - Sync 1 DAGs
[2026-08-12T18:58:47.479+0000] {logging_mixin.py:188} INFO - [2026-08-12T18:58:47.479+0000] {dag.py:3954} INFO - Setting next_dagrun for daily_scrape_and_load to 2026-08-12 00:00:00+00:00, run_after=2026-08-13 00:00:00+00:00
[2026-08-12T18:58:47.506+0000] {processor.py:183} INFO - Processing /opt/airflow/dags/daily_scrape_and_load.py took 0.782 seconds
[2026-08-12T18:59:17.898+0000] {processor.py:161} INFO - Started process (PID=1282) to work on /opt/airflow/dags/daily_scrape_and_load.py
[2026-08-12T18:59:17.899+0000] {processor.py:830} INFO - Processing file /opt/airflow/dags/daily_scrape_and_load.py for tasks to queue
[2026-08-12T18:59:17.901+0000] {logging_mixin.py:188} INFO - [2026-08-12T18:59:17.900+0000] {dagbag.py:545} INFO - Filling up the DagBag from /opt/airflow/dags/daily_scrape_and_load.py
[2026-08-12T18:59:18.634+0000] {processor.py:840} INFO - DAG(s) 'daily_scrape_and_load' retrieved from /opt/airflow/dags/daily_scrape_and_load.py
[2026-08-12T18:59:18.669+0000] {logging_mixin.py:188} INFO - [2026-08-12T18:59:18.669+0000] {dag.py:3096} INFO - Sync 1 DAGs
[2026-08-12T18:59:18.696+0000] {logging_mixin.py:188} INFO - [2026-08-12T18:59:18.696+0000] {dag.py:3954} INFO - Setting next_dagrun for daily_scrape_and_load to 2026-08-12 00:00:00+00:00, run_after=2026-08-13 00:00:00+00:00
[2026-08-12T18:59:18.722+0000] {processor.py:183} INFO - Processing /opt/airflow/dags/daily_scrape_and_load.py took 0.834 seconds
[2026-08-12T18:59:49.050+0000] {processor.py:161} INFO - Started process (PID=1288) to work on /opt/airflow/dags/daily_scrape_and_load.py
[2026-08-12T18:59:49.051+0000] {processor.py:830} INFO - Processing file /opt/airflow/dags/daily_scrape_and_load.py for tasks to queue
[2026-08-12T18:59:49.053+0000] {logging_mixin.py:188} INFO - [2026-08-12T18:59:49.052+0000] {dagbag.py:545} INFO - Filling up the DagBag from /opt/airflow/dags/daily_scrape_and_load.py
[2026-08-12T18:59:49.821+0000] {processor.py:840} INFO - DAG(s) 'daily_scrape_and_load' retrieved from /opt/airflow/dags/daily_scrape_and_load.py
[2026-08-12T18:59:49.865+0000] {logging_mixin.py:188} INFO - [2026-08-12T18:59:49.865+0000] {dag.py:3096} INFO - Sync 1 DAGs
[2026-08-12T18:59:49.891+0000] {logging_mixin.py:188} INFO - [2026-08-12T18:59:49.890+0000] {dag.py:3954} INFO - Setting next_dagrun for daily_scrape_and_load to 2026-08-12 00:00:00+00:00, run_after=2026-08-13 00:00:00+00:00
[2026-08-12T18:59:49.918+0000] {processor.py:183} INFO - Processing /opt/airflow/dags/daily_scrape_and_load.py took 0.885 seconds
[2026-08-12T19:00:20.292+0000] {processor.py:161} INFO - Started process (PID=1294) to work on /opt/airflow/dags/daily_scrape_and_load.py
[2026-08-12T19:00:20.294+0000] {processor.py:830} INFO - Processing file /opt/airflow/dags/daily_scrape_and_load.py for tasks to queue
[2026-08-12T19:00:20.297+0000] {logging_mixin.py:188} INFO - [2026-08-12T19:00:20.296+0000] {dagbag.py:545} INFO - Filling up the DagBag from /opt/airflow/dags/daily_scrape_and_load.py
[2026-08-12T19:00:21.464+0000] {processor.py:840} INFO - DAG(s) 'daily_scrape_and_load' retrieved from /opt/airflow/dags/daily_scrape_and_load.py
[2026-08-12T19:00:21.539+0000] {logging_mixin.py:188} INFO - [2026-08-12T19:00:21.538+0000] {dag.py:3096} INFO - Sync 1 DAGs
[2026-08-12T19:00:21.609+0000] {logging_mixin.py:188} INFO - [2026-08-12T19:00:21.609+0000] {dag.py:3954} INFO - Setting next_dagrun for daily_scrape_and_load to 2026-08-12 00:00:00+00:00, run_after=2026-08-13 00:00:00+00:00
[2026-08-12T19:00:21.677+0000] {processor.py:183} INFO - Processing /opt/airflow/dags/daily_scrape_and_load.py took 1.399 seconds
[2026-08-12T19:00:52.176+0000] {processor.py:161} INFO - Started process (PID=1300) to work on /opt/airflow/dags/daily_scrape_and_load.py
[2026-08-12T19:00:52.176+0000] {processor.py:830} INFO - Processing file /opt/airflow/dags/daily_scrape_and_load.py for tasks to queue
[2026-08-12T19:00:52.178+0000] {logging_mixin.py:188} INFO - [2026-08-12T19:00:52.177+0000] {dagbag.py:545} INFO - Filling up the DagBag from /opt/airflow/dags/daily_scrape_and_load.py
[2026-08-12T19:00:53.164+0000] {processor.py:840} INFO - DAG(s) 'daily_scrape_and_load' retrieved from /opt/airflow/dags/daily_scrape_and_load.py
[2026-08-12T19:00:53.210+0000] {logging_mixin.py:188} INFO - [2026-08-12T19:00:53.209+0000] {dag.py:3096} INFO - Sync 1 DAGs
[2026-08-12T19:00:53.239+0000] {logging_mixin.py:188} INFO - [2026-08-12T19:00:53.239+0000] {dag.py:3954} INFO - Setting next_dagrun for daily_scrape_and_load to 2026-08-12 00:00:00+00:00, run_after=2026-08-13 00:00:00+00:00
[2026-08-12T19:00:53.267+0000] {processor.py:183} INFO - Processing /opt/airflow/dags/daily_scrape_and_load.py took 1.099 seconds
[2026-08-12T19:01:23.437+0000] {processor.py:161} INFO - Started process (PID=1306) to work on /opt/airflow/dags/daily_scrape_and_load.py
[2026-08-12T19:01:23.438+0000] {processor.py:830} INFO - Processing file /opt/airflow/dags/daily_scrape_and_load.py for tasks to queue
[2026-08-12T19:01:23.439+0000] {logging_mixin.py:188} INFO - [2026-08-12T19:01:23.439+0000] {dagbag.py:545} INFO - Filling up the DagBag from /opt/airflow/dags/daily_scrape_and_load.py
[2026-08-12T19:01:24.131+0000] {processor.py:840} INFO - DAG(s) 'daily_scrape_and_load' retrieved from /opt/airflow/dags/daily_scrape_and_load.py
[2026-08-12T19:01:24.167+0000] {logging_mixin.py:188} INFO - [2026-08-12T19:01:24.167+0000] {dag.py:3096} INFO - Sync 1 DAGs
[2026-08-12T19:01:24.191+0000] {logging_mixin.py:188} INFO - [2026-08-12T19:01:24.191+0000] {dag.py:3954} INFO - Setting next_dagrun for daily_scrape_and_load to 2026-08-12 00:00:00+00:00, run_after=2026-08-13 00:00:00+00:00
[2026-08-12T19:01:24.217+0000] {processor.py:183} INFO - Processing /opt/airflow/dags/daily_scrape_and_load.py took 0.788 seconds
[2026-08-12T19:01:54.559+0000] {processor.py:161} INFO - Started process (PID=1312) to work on /opt/airflow/dags/daily_scrape_and_load.py
[2026-08-12T19:01:54.561+0000] {processor.py:830} INFO - Processing file /opt/airflow/dags/daily_scrape_and_load.py for tasks to queue
[2026-08-12T19:01:54.563+0000] {logging_mixin.py:188} INFO - [2026-08-12T19:01:54.562+0000] {dagbag.py:545} INFO - Filling up the DagBag from /opt/airflow/dags/daily_scrape_and_load.py
[2026-08-12T19:01:55.602+0000] {processor.py:840} INFO - DAG(s) 'daily_scrape_and_load' retrieved from /opt/airflow/dags/daily_scrape_and_load.py
[2026-08-12T19:01:55.647+0000] {logging_mixin.py:188} INFO - [2026-08-12T19:01:55.647+0000] {dag.py:3096} INFO - Sync 1 DAGs
[2026-08-12T19:01:55.679+0000] {logging_mixin.py:188} INFO - [2026-08-12T19:01:55.679+0000] {dag.py:3954} INFO - Setting next_dagrun for daily_scrape_and_load to 2026-08-12 00:00:00+00:00, run_after=2026-08-13 00:00:00+00:00
[2026-08-12T19:01:55.793+0000] {processor.py:183} INFO - Processing /opt/airflow/dags/daily_scrape_and_load.py took 1.246 seconds
[2026-08-12T19:02:26.174+0000] {processor.py:161} INFO - Started process (PID=1318) to work on /opt/airflow/dags/daily_scrape_and_load.py
[2026-08-12T19:02:26.175+0000] {processor.py:830} INFO - Processing file /opt/airflow/dags/daily_scrape_and_load.py for tasks to queue
[2026-08-12T19:02:26.176+0000] {logging_mixin.py:188} INFO - [2026-08-12T19:02:26.176+0000] {dagbag.py:545} INFO - Filling up the DagBag from /opt/airflow/dags/daily_scrape_and_load.py
[2026-08-12T19:02:26.809+0000] {processor.py:840} INFO - DAG(s) 'daily_scrape_and_load' retrieved from /opt/airflow/dags/daily_scrape_and_load.py
[2026-08-12T19:02:26.843+0000] {logging_mixin.py:188} INFO - [2026-08-12T19:02:26.843+0000] {dag.py:3096} INFO - Sync 1 DAGs
[2026-08-12T19:02:26.866+0000] {logging_mixin.py:188} INFO - [2026-08-12T19:02:26.866+0000] {dag.py:3954} INFO - Setting next_dagrun for daily_scrape_and_load to 2026-08-12 00:00:00+00:00, run_after=2026-08-13 00:00:00+00:00
[2026-08-12T19:02:26.891+0000] {processor.py:183} INFO - Processing /opt/airflow/dags/daily_scrape_and_load.py took 0.725 seconds
[2026-08-12T19:02:57.206+0000] {processor.py:161} INFO - Started process (PID=1324) to work on /opt/airflow/dags/daily_scrape_and_load.py
[2026-08-12T19:02:57.207+0000] {processor.py:830} INFO - Processing file /opt/airflow/dags/daily_scrape_and_load.py for tasks to queue
[2026-08-12T19:02:57.208+0000] {logging_mixin.py:188} INFO - [2026-08-12T19:02:57.208+0000] {dagbag.py:545} INFO - Filling up the DagBag from /opt/airflow/dags/daily_scrape_and_load.py
[2026-08-12T19:02:57.885+0000] {processor.py:840} INFO - DAG(s) 'daily_scrape_and_load' retrieved from /opt/airflow/dags/daily_scrape_and_load.py
[2026-08-12T19:02:57.927+0000] {logging_mixin.py:188} INFO - [2026-08-12T19:02:57.926+0000] {dag.py:3096} INFO - Sync 1 DAGs
[2026-08-12T19:02:57.956+0000] {logging_mixin.py:188} INFO - [2026-08-12T19:02:57.956+0000] {dag.py:3954} INFO - Setting next_dagrun for daily_scrape_and_load to 2026-08-12 00:00:00+00:00, run_after=2026-08-13 00:00:00+00:00
[2026-08-12T19:02:57.984+0000] {processor.py:183} INFO - Processing /opt/airflow/dags/daily_scrape_and_load.py took 0.786 seconds
[2026-08-12T19:03:28.292+0000] {processor.py:161} INFO - Started process (PID=1330) to work on /opt/airflow/dags/daily_scrape_and_load.py
[2026-08-12T19:03:28.293+0000] {processor.py:830} INFO - Processing file /opt/airflow/dags/daily_scrape_and_load.py for tasks to queue
[2026-08-12T19:03:28.294+0000] {logging_mixin.py:188} INFO - [2026-08-12T19:03:28.294+0000] {dagbag.py:545} INFO - Filling up the DagBag from /opt/airflow/dags/daily_scrape_and_load.py
[2026-08-12T19:03:28.959+0000] {processor.py:840} INFO - DAG(s) 'daily_scrape_and_load' retrieved from /opt/airflow/dags/daily_scrape_and_load.py
[2026-08-12T19:03:28.991+0000] {logging_mixin.py:188} INFO - [2026-08-12T19:03:28.990+0000] {dag.py:3096} INFO - Sync 1 DAGs
[2026-08-12T19:03:29.013+0000] {logging_mixin.py:188} INFO - [2026-08-12T19:03:29.012+0000] {dag.py:3954} INFO - Setting next_dagrun for daily_scrape_and_load to 2026-08-12 00:00:00+00:00, run_after=2026-08-13 00:00:00+00:00
[2026-08-12T19:03:29.036+0000] {processor.py:183} INFO - Processing /opt/airflow/dags/daily_scrape_and_load.py took 0.751 seconds
[2026-08-12T19:03:59.395+0000] {processor.py:161} INFO - Started process (PID=1336) to work on /opt/airflow/dags/daily_scrape_and_load.py
[2026-08-12T19:03:59.395+0000] {processor.py:830} INFO - Processing file /opt/airflow/dags/daily_scrape_and_load.py for tasks to queue
[2026-08-12T19:03:59.397+0000] {logging_mixin.py:188} INFO - [2026-08-12T19:03:59.396+0000] {dagbag.py:545} INFO - Filling up the DagBag from /opt/airflow/dags/daily_scrape_and_load.py
[2026-08-12T19:04:00.067+0000] {processor.py:840} INFO - DAG(s) 'daily_scrape_and_load' retrieved from /opt/airflow/dags/daily_scrape_and_load.py
[2026-08-12T19:04:00.101+0000] {logging_mixin.py:188} INFO - [2026-08-12T19:04:00.101+0000] {dag.py:3096} INFO - Sync 1 DAGs
[2026-08-12T19:04:00.126+0000] {logging_mixin.py:188} INFO - [2026-08-12T19:04:00.126+0000] {dag.py:3954} INFO - Setting next_dagrun for daily_scrape_and_load to 2026-08-12 00:00:00+00:00, run_after=2026-08-13 00:00:00+00:00
[2026-08-12T19:04:00.152+0000] {processor.py:183} INFO - Processing /opt/airflow/dags/daily_scrape_and_load.py took 0.765 seconds
[2026-08-12T19:04:30.612+0000] {processor.py:161} INFO - Started process (PID=1342) to work on /opt/airflow/dags/daily_scrape_and_load.py
[2026-08-12T19:04:30.613+0000] {processor.py:830} INFO - Processing file /opt/airflow/dags/daily_scrape_and_load.py for tasks to queue
[2026-08-12T19:04:30.615+0000] {logging_mixin.py:188} INFO - [2026-08-12T19:04:30.614+0000] {dagbag.py:545} INFO - Filling up the DagBag from /opt/airflow/dags/daily_scrape_and_load.py
[2026-08-12T19:04:31.307+0000] {processor.py:840} INFO - DAG(s) 'daily_scrape_and_load' retrieved from /opt/airflow/dags/daily_scrape_and_load.py
[2026-08-12T19:04:31.338+0000] {logging_mixin.py:188} INFO - [2026-08-12T19:04:31.338+0000] {dag.py:3096} INFO - Sync 1 DAGs
[2026-08-12T19:04:31.365+0000] {logging_mixin.py:188} INFO - [2026-08-12T19:04:31.365+0000] {dag.py:3954} INFO - Setting next_dagrun for daily_scrape_and_load to 2026-08-12 00:00:00+00:00, run_after=2026-08-13 00:00:00+00:00
[2026-08-12T19:04:31.390+0000] {processor.py:183} INFO - Processing /opt/airflow/dags/daily_scrape_and_load.py took 0.795 seconds
[2026-08-12T19:05:01.782+0000] {processor.py:161} INFO - Started process (PID=1348) to work on /opt/airflow/dags/daily_scrape_and_load.py
[2026-08-12T19:05:01.783+0000] {processor.py:830} INFO - Processing file /opt/airflow/dags/daily_scrape_and_load.py for tasks to queue
[2026-08-12T19:05:01.785+0000] {logging_mixin.py:188} INFO - [2026-08-12T19:05:01.784+0000] {dagbag.py:545} INFO - Filling up the DagBag from /opt/airflow/dags/daily_scrape_and_load.py
[2026-08-12T19:05:03.201+0000] {processor.py:840} INFO - DAG(s) 'daily_scrape_and_load' retrieved from /opt/airflow/dags/daily_scrape_and_load.py
[2026-08-12T19:05:03.324+0000] {logging_mixin.py:188} INFO - [2026-08-12T19:05:03.323+0000] {dag.py:3096} INFO - Sync 1 DAGs
[2026-08-12T19:05:03.420+0000] {logging_mixin.py:188} INFO - [2026-08-12T19:05:03.419+0000] {dag.py:3954} INFO - Setting next_dagrun for daily_scrape_and_load to 2026-08-12 00:00:00+00:00, run_after=2026-08-13 00:00:00+00:00
[2026-08-12T19:05:03.506+0000] {processor.py:183} INFO - Processing /opt/airflow/dags/daily_scrape_and_load.py took 1.735 seconds
[2026-08-12T19:05:33.824+0000] {processor.py:161} INFO - Started process (PID=1354) to work on /opt/airflow/dags/daily_scrape_and_load.py
[2026-08-12T19:05:33.825+0000] {processor.py:830} INFO - Processing file /opt/airflow/dags/daily_scrape_and_load.py for tasks to queue
[2026-08-12T19:05:33.827+0000] {logging_mixin.py:188} INFO - [2026-08-12T19:05:33.827+0000] {dagbag.py:545} INFO - Filling up the DagBag from /opt/airflow/dags/daily_scrape_and_load.py
[2026-08-12T19:05:34.677+0000] {processor.py:840} INFO - DAG(s) 'daily_scrape_and_load' retrieved from /opt/airflow/dags/daily_scrape_and_load.py
[2026-08-12T19:05:34.725+0000] {logging_mixin.py:188} INFO - [2026-08-12T19:05:34.724+0000] {dag.py:3096} INFO - Sync 1 DAGs
[2026-08-12T19:05:34.772+0000] {logging_mixin.py:188} INFO - [2026-08-12T19:05:34.772+0000] {dag.py:3954} INFO - Setting next_dagrun for daily_scrape_and_load to 2026-08-12 00:00:00+00:00, run_after=2026-08-13 00:00:00+00:00
[2026-08-12T19:05:34.805+0000] {processor.py:183} INFO - Processing /opt/airflow/dags/daily_scrape_and_load.py took 0.988 seconds
[2026-08-12T19:06:05.202+0000] {processor.py:161} INFO - Started process (PID=1360) to work on /opt/airflow/dags/daily_scrape_and_load.py
[2026-08-12T19:06:05.203+0000] {processor.py:830} INFO - Processing file /opt/airflow/dags/daily_scrape_and_load.py for tasks to queue
[2026-08-12T19:06:05.204+0000] {logging_mixin.py:188} INFO - [2026-08-12T19:06:05.204+0000] {dagbag.py:545} INFO - Filling up the DagBag from /opt/airflow/dags/daily_scrape_and_load.py
[2026-08-12T19:06:05.856+0000] {processor.py:840} INFO - DAG(s) 'daily_scrape_and_load' retrieved from /opt/airflow/dags/daily_scrape_and_load.py
[2026-08-12T19:06:05.886+0000] {logging_mixin.py:188} INFO - [2026-08-12T19:06:05.886+0000] {dag.py:3096} INFO - Sync 1 DAGs
[2026-08-12T19:06:05.908+0000] {logging_mixin.py:188} INFO - [2026-08-12T19:06:05.908+0000] {dag.py:3954} INFO - Setting next_dagrun for daily_scrape_and_load to 2026-08-12 00:00:00+00:00, run_after=2026-08-13 00:00:00+00:00
[2026-08-12T19:06:05.933+0000] {processor.py:183} INFO - Processing /opt/airflow/dags/daily_scrape_and_load.py took 0.737 seconds
[2026-08-12T19:06:36.384+0000] {processor.py:161} INFO - Started process (PID=1366) to work on /opt/airflow/dags/daily_scrape_and_load.py
[2026-08-12T19:06:36.385+0000] {processor.py:830} INFO - Processing file /opt/airflow/dags/daily_scrape_and_load.py for tasks to queue
[2026-08-12T19:06:36.387+0000] {logging_mixin.py:188} INFO - [2026-08-12T19:06:36.386+0000] {dagbag.py:545} INFO - Filling up the DagBag from /opt/airflow/dags/daily_scrape_and_load.py
[2026-08-12T19:06:37.081+0000] {processor.py:840} INFO - DAG(s) 'daily_scrape_and_load' retrieved from /opt/airflow/dags/daily_scrape_and_load.py
[2026-08-12T19:06:37.117+0000] {logging_mixin.py:188} INFO - [2026-08-12T19:06:37.116+0000] {dag.py:3096} INFO - Sync 1 DAGs
[2026-08-12T19:06:37.143+0000] {logging_mixin.py:188} INFO - [2026-08-12T19:06:37.142+0000] {dag.py:3954} INFO - Setting next_dagrun for daily_scrape_and_load to 2026-08-12 00:00:00+00:00, run_after=2026-08-13 00:00:00+00:00
[2026-08-12T19:06:37.168+0000] {processor.py:183} INFO - Processing /opt/airflow/dags/daily_scrape_and_load.py took 0.795 seconds
[2026-08-12T19:07:07.553+0000] {processor.py:161} INFO - Started process (PID=1372) to work on /opt/airflow/dags/daily_scrape_and_load.py
[2026-08-12T19:07:07.554+0000] {processor.py:830} INFO - Processing file /opt/airflow/dags/daily_scrape_and_load.py for tasks to queue
[2026-08-12T19:07:07.555+0000] {logging_mixin.py:188} INFO - [2026-08-12T19:07:07.555+0000] {dagbag.py:545} INFO - Filling up the DagBag from /opt/airflow/dags/daily_scrape_and_load.py
[2026-08-12T19:07:08.185+0000] {processor.py:840} INFO - DAG(s) 'daily_scrape_and_load' retrieved from /opt/airflow/dags/daily_scrape_and_load.py
[2026-08-12T19:07:08.217+0000] {logging_mixin.py:188} INFO - [2026-08-12T19:07:08.217+0000] {dag.py:3096} INFO - Sync 1 DAGs
[2026-08-12T19:07:08.240+0000] {logging_mixin.py:188} INFO - [2026-08-12T19:07:08.240+0000] {dag.py:3954} INFO - Setting next_dagrun for daily_scrape_and_load to 2026-08-12 00:00:00+00:00, run_after=2026-08-13 00:00:00+00:00
[2026-08-12T19:07:08.263+0000] {processor.py:183} INFO - Processing /opt/airflow/dags/daily_scrape_and_load.py took 0.717 seconds
[2026-08-12T19:07:38.630+0000] {processor.py:161} INFO - Started process (PID=1378) to work on /opt/airflow/dags/daily_scrape_and_load.py
[2026-08-12T19:07:38.631+0000] {processor.py:830} INFO - Processing file /opt/airflow/dags/daily_scrape_and_load.py for tasks to queue
[2026-08-12T19:07:38.632+0000] {logging_mixin.py:188} INFO - [2026-08-12T19:07:38.632+0000] {dagbag.py:545} INFO - Filling up the DagBag from /opt/airflow/dags/daily_scrape_and_load.py
[2026-08-12T19:07:39.320+0000] {processor.py:840} INFO - DAG(s) 'daily_scrape_and_load' retrieved from /opt/airflow/dags/daily_scrape_and_load.py
[2026-08-12T19:07:39.354+0000] {logging_mixin.py:188} INFO - [2026-08-12T19:07:39.354+0000] {dag.py:3096} INFO - Sync 1 DAGs
[2026-08-12T19:07:39.378+0000] {logging_mixin.py:188} INFO - [2026-08-12T19:07:39.378+0000] {dag.py:3954} INFO - Setting next_dagrun for daily_scrape_and_load to 2026-08-12 00:00:00+00:00, run_after=2026-08-13 00:00:00+00:00
[2026-08-12T19:07:39.405+0000] {processor.py:183} INFO - Processing /opt/airflow/dags/daily_scrape_and_load.py took 0.783 seconds
[2026-08-12T19:08:09.488+0000] {processor.py:161} INFO - Started process (PID=1384) to work on /opt/airflow/dags/daily_scrape_and_load.py
[2026-08-12T19:08:09.489+0000] {processor.py:830} INFO - Processing file /opt/airflow/dags/daily_scrape_and_load.py for tasks to queue
[2026-08-12T19:08:09.490+0000] {logging_mixin.py:188} INFO - [2026-08-12T19:08:09.489+0000] {dagbag.py:545} INFO - Filling up the DagBag from /opt/airflow/dags/daily_scrape_and_load.py
[2026-08-12T19:08:10.087+0000] {processor.py:840} INFO - DAG(s) 'daily_scrape_and_load' retrieved from /opt/airflow/dags/daily_scrape_and_load.py
[2026-08-12T19:08:10.118+0000] {logging_mixin.py:188} INFO - [2026-08-12T19:08:10.118+0000] {dag.py:3096} INFO - Sync 1 DAGs
[2026-08-12T19:08:10.140+0000] {logging_mixin.py:188} INFO - [2026-08-12T19:08:10.140+0000] {dag.py:3954} INFO - Setting next_dagrun for daily_scrape_and_load to 2026-08-12 00:00:00+00:00, run_after=2026-08-13 00:00:00+00:00
[2026-08-12T19:08:10.164+0000] {processor.py:183} INFO - Processing /opt/airflow/dags/daily_scrape_and_load.py took 0.683 seconds
[2026-08-12T19:08:40.470+0000] {processor.py:161} INFO - Started process (PID=1390) to work on /opt/airflow/dags/daily_scrape_and_load.py
[2026-08-12T19:08:40.471+0000] {processor.py:830} INFO - Processing file /opt/airflow/dags/daily_scrape_and_load.py for tasks to queue
[2026-08-12T19:08:40.472+0000] {logging_mixin.py:188} INFO - [2026-08-12T19:08:40.472+0000] {dagbag.py:545} INFO - Filling up the DagBag from /opt/airflow/dags/daily_scrape_and_load.py
[2026-08-12T19:08:41.197+0000] {processor.py:840} INFO - DAG(s) 'daily_scrape_and_load' retrieved from /opt/airflow/dags/daily_scrape_and_load.py
[2026-08-12T19:08:41.232+0000] {logging_mixin.py:188} INFO - [2026-08-12T19:08:41.232+0000] {dag.py:3096} INFO - Sync 1 DAGs
[2026-08-12T19:08:41.257+0000] {logging_mixin.py:188} INFO - [2026-08-12T19:08:41.257+0000] {dag.py:3954} INFO - Setting next_dagrun for daily_scrape_and_load to 2026-08-12 00:00:00+00:00, run_after=2026-08-13 00:00:00+00:00
[2026-08-12T19:08:41.282+0000] {processor.py:183} INFO - Processing /opt/airflow/dags/daily_scrape_and_load.py took 0.819 seconds
[2026-08-12T19:09:11.587+0000] {processor.py:161} INFO - Started process (PID=1396) to work on /opt/airflow/dags/daily_scrape_and_load.py
[2026-08-12T19:09:11.588+0000] {processor.py:830} INFO - Processing file /opt/airflow/dags/daily_scrape_and_load.py for tasks to queue
[2026-08-12T19:09:11.591+0000] {logging_mixin.py:188} INFO - [2026-08-12T19:09:11.590+0000] {dagbag.py:545} INFO - Filling up the DagBag from /opt/airflow/dags/daily_scrape_and_load.py
[2026-08-12T19:09:13.517+0000] {processor.py:840} INFO - DAG(s) 'daily_scrape_and_load' retrieved from /opt/airflow/dags/daily_scrape_and_load.py
[2026-08-12T19:09:13.650+0000] {logging_mixin.py:188} INFO - [2026-08-12T19:09:13.649+0000] {dag.py:3096} INFO - Sync 1 DAGs
[2026-08-12T19:09:13.762+0000] {logging_mixin.py:188} INFO - [2026-08-12T19:09:13.760+0000] {dag.py:3954} INFO - Setting next_dagrun for daily_scrape_and_load to 2026-08-12 00:00:00+00:00, run_after=2026-08-13 00:00:00+00:00
[2026-08-12T19:09:13.810+0000] {processor.py:183} INFO - Processing /opt/airflow/dags/daily_scrape_and_load.py took 2.232 seconds
[2026-08-12T19:09:44.129+0000] {processor.py:161} INFO - Started process (PID=1402) to work on /opt/airflow/dags/daily_scrape_and_load.py
[2026-08-12T19:09:44.131+0000] {processor.py:830} INFO - Processing file /opt/airflow/dags/daily_scrape_and_load.py for tasks to queue
[2026-08-12T19:09:44.132+0000] {logging_mixin.py:188} INFO - [2026-08-12T19:09:44.131+0000] {dagbag.py:545} INFO - Filling up the DagBag from /opt/airflow/dags/daily_scrape_and_load.py
[2026-08-12T19:09:45.230+0000] {processor.py:840} INFO - DAG(s) 'daily_scrape_and_load' retrieved from /opt/airflow/dags/daily_scrape_and_load.py
[2026-08-12T19:09:45.285+0000] {logging_mixin.py:188} INFO - [2026-08-12T19:09:45.284+0000] {dag.py:3096} INFO - Sync 1 DAGs
[2026-08-12T19:09:45.354+0000] {logging_mixin.py:188} INFO - [2026-08-12T19:09:45.353+0000] {dag.py:3954} INFO - Setting next_dagrun for daily_scrape_and_load to 2026-08-12 00:00:00+00:00, run_after=2026-08-13 00:00:00+00:00
[2026-08-12T19:09:45.432+0000] {processor.py:183} INFO - Processing /opt/airflow/dags/daily_scrape_and_load.py took 1.311 seconds
[2026-08-12T19:10:15.783+0000] {processor.py:161} INFO - Started process (PID=1408) to work on /opt/airflow/dags/daily_scrape_and_load.py
[2026-08-12T19:10:15.786+0000] {processor.py:830} INFO - Processing file /opt/airflow/dags/daily_scrape_and_load.py for tasks to queue
[2026-08-12T19:10:15.789+0000] {logging_mixin.py:188} INFO - [2026-08-12T19:10:15.788+0000] {dagbag.py:545} INFO - Filling up the DagBag from /opt/airflow/dags/daily_scrape_and_load.py
[2026-08-12T19:10:16.725+0000] {processor.py:840} INFO - DAG(s) 'daily_scrape_and_load' retrieved from /opt/airflow/dags/daily_scrape_and_load.py
[2026-08-12T19:10:16.772+0000] {logging_mixin.py:188} INFO - [2026-08-12T19:10:16.772+0000] {dag.py:3096} INFO - Sync 1 DAGs
[2026-08-12T19:10:16.801+0000] {logging_mixin.py:188} INFO - [2026-08-12T19:10:16.801+0000] {dag.py:3954} INFO - Setting next_dagrun for daily_scrape_and_load to 2026-08-12 00:00:00+00:00, run_after=2026-08-13 00:00:00+00:00
[2026-08-12T19:10:16.823+0000] {processor.py:183} INFO - Processing /opt/airflow/dags/daily_scrape_and_load.py took 1.059 seconds
[2026-08-12T19:10:47.275+0000] {processor.py:161} INFO - Started process (PID=1414) to work on /opt/airflow/dags/daily_scrape_and_load.py
[2026-08-12T19:10:47.278+0000] {processor.py:830} INFO - Processing file /opt/airflow/dags/daily_scrape_and_load.py for tasks to queue
[2026-08-12T19:10:47.285+0000] {logging_mixin.py:188} INFO - [2026-08-12T19:10:47.282+0000] {dagbag.py:545} INFO - Filling up the DagBag from /opt/airflow/dags/daily_scrape_and_load.py
[2026-08-12T19:10:49.141+0000] {processor.py:840} INFO - DAG(s) 'daily_scrape_and_load' retrieved from /opt/airflow/dags/daily_scrape_and_load.py
[2026-08-12T19:10:49.276+0000] {logging_mixin.py:188} INFO - [2026-08-12T19:10:49.276+0000] {dag.py:3096} INFO - Sync 1 DAGs
[2026-08-12T19:10:49.355+0000] {logging_mixin.py:188} INFO - [2026-08-12T19:10:49.354+0000] {dag.py:3954} INFO - Setting next_dagrun for daily_scrape_and_load to 2026-08-12 00:00:00+00:00, run_after=2026-08-13 00:00:00+00:00
[2026-08-12T19:10:49.398+0000] {processor.py:183} INFO - Processing /opt/airflow/dags/daily_scrape_and_load.py took 2.223 seconds
[2026-08-12T19:11:19.587+0000] {processor.py:161} INFO - Started process (PID=1420) to work on /opt/airflow/dags/daily_scrape_and_load.py
[2026-08-12T19:11:19.592+0000] {processor.py:830} INFO - Processing file /opt/airflow/dags/daily_scrape_and_load.py for tasks to queue
[2026-08-12T19:11:19.593+0000] {logging_mixin.py:188} INFO - [2026-08-12T19:11:19.593+0000] {dagbag.py:545} INFO - Filling up the DagBag from /opt/airflow/dags/daily_scrape_and_load.py
[2026-08-12T19:11:21.251+0000] {processor.py:840} INFO - DAG(s) 'daily_scrape_and_load' retrieved from /opt/airflow/dags/daily_scrape_and_load.py
[2026-08-12T19:11:21.294+0000] {logging_mixin.py:188} INFO - [2026-08-12T19:11:21.293+0000] {dag.py:3096} INFO - Sync 1 DAGs
[2026-08-12T19:11:21.315+0000] {logging_mixin.py:188} INFO - [2026-08-12T19:11:21.315+0000] {dag.py:3954} INFO - Setting next_dagrun for daily_scrape_and_load to 2026-08-12 00:00:00+00:00, run_after=2026-08-13 00:00:00+00:00
[2026-08-12T19:11:21.336+0000] {processor.py:183} INFO - Processing /opt/airflow/dags/daily_scrape_and_load.py took 1.762 seconds
[2026-08-12T19:11:52.274+0000] {processor.py:161} INFO - Started process (PID=1426) to work on /opt/airflow/dags/daily_scrape_and_load.py
[2026-08-12T19:11:52.330+0000] {processor.py:830} INFO - Processing file /opt/airflow/dags/daily_scrape_and_load.py for tasks to queue
[2026-08-12T19:11:52.332+0000] {logging_mixin.py:188} INFO - [2026-08-12T19:11:52.331+0000] {dagbag.py:545} INFO - Filling up the DagBag from /opt/airflow/dags/daily_scrape_and_load.py
[2026-08-12T19:11:53.948+0000] {processor.py:840} INFO - DAG(s) 'daily_scrape_and_load' retrieved from /opt/airflow/dags/daily_scrape_and_load.py
[2026-08-12T19:11:54.025+0000] {logging_mixin.py:188} INFO - [2026-08-12T19:11:54.024+0000] {dag.py:3096} INFO - Sync 1 DAGs
[2026-08-12T19:11:54.070+0000] {logging_mixin.py:188} INFO - [2026-08-12T19:11:54.069+0000] {dag.py:3954} INFO - Setting next_dagrun for daily_scrape_and_load to 2026-08-12 00:00:00+00:00, run_after=2026-08-13 00:00:00+00:00
[2026-08-12T19:11:54.110+0000] {processor.py:183} INFO - Processing /opt/airflow/dags/daily_scrape_and_load.py took 1.849 seconds
[2026-08-12T19:12:24.435+0000] {processor.py:161} INFO - Started process (PID=1432) to work on /opt/airflow/dags/daily_scrape_and_load.py
[2026-08-12T19:12:24.436+0000] {processor.py:830} INFO - Processing file /opt/airflow/dags/daily_scrape_and_load.py for tasks to queue
[2026-08-12T19:12:24.437+0000] {logging_mixin.py:188} INFO - [2026-08-12T19:12:24.437+0000] {dagbag.py:545} INFO - Filling up the DagBag from /opt/airflow/dags/daily_scrape_and_load.py
[2026-08-12T19:12:25.219+0000] {processor.py:840} INFO - DAG(s) 'daily_scrape_and_load' retrieved from /opt/airflow/dags/daily_scrape_and_load.py
[2026-08-12T19:12:25.259+0000] {logging_mixin.py:188} INFO - [2026-08-12T19:12:25.258+0000] {dag.py:3096} INFO - Sync 1 DAGs
[2026-08-12T19:12:25.298+0000] {logging_mixin.py:188} INFO - [2026-08-12T19:12:25.297+0000] {dag.py:3954} INFO - Setting next_dagrun for daily_scrape_and_load to 2026-08-12 00:00:00+00:00, run_after=2026-08-13 00:00:00+00:00
[2026-08-12T19:12:25.333+0000] {processor.py:183} INFO - Processing /opt/airflow/dags/daily_scrape_and_load.py took 0.908 seconds
[2026-08-12T19:12:55.873+0000] {processor.py:161} INFO - Started process (PID=1438) to work on /opt/airflow/dags/daily_scrape_and_load.py
[2026-08-12T19:12:55.923+0000] {processor.py:830} INFO - Processing file /opt/airflow/dags/daily_scrape_and_load.py for tasks to queue
[2026-08-12T19:12:55.925+0000] {logging_mixin.py:188} INFO - [2026-08-12T19:12:55.924+0000] {dagbag.py:545} INFO - Filling up the DagBag from /opt/airflow/dags/daily_scrape_and_load.py
[2026-08-12T19:12:57.129+0000] {processor.py:840} INFO - DAG(s) 'daily_scrape_and_load' retrieved from /opt/airflow/dags/daily_scrape_and_load.py
[2026-08-12T19:12:57.163+0000] {logging_mixin.py:188} INFO - [2026-08-12T19:12:57.163+0000] {dag.py:3096} INFO - Sync 1 DAGs
[2026-08-12T19:12:57.189+0000] {logging_mixin.py:188} INFO - [2026-08-12T19:12:57.188+0000] {dag.py:3954} INFO - Setting next_dagrun for daily_scrape_and_load to 2026-08-12 00:00:00+00:00, run_after=2026-08-13 00:00:00+00:00
[2026-08-12T19:12:57.214+0000] {processor.py:183} INFO - Processing /opt/airflow/dags/daily_scrape_and_load.py took 1.354 seconds
[2026-08-12T19:13:27.610+0000] {processor.py:161} INFO - Started process (PID=1444) to work on /opt/airflow/dags/daily_scrape_and_load.py
[2026-08-12T19:13:27.611+0000] {processor.py:830} INFO - Processing file /opt/airflow/dags/daily_scrape_and_load.py for tasks to queue
[2026-08-12T19:13:27.613+0000] {logging_mixin.py:188} INFO - [2026-08-12T19:13:27.612+0000] {dagbag.py:545} INFO - Filling up the DagBag from /opt/airflow/dags/daily_scrape_and_load.py
[2026-08-12T19:13:28.324+0000] {processor.py:840} INFO - DAG(s) 'daily_scrape_and_load' retrieved from /opt/airflow/dags/daily_scrape_and_load.py
[2026-08-12T19:13:28.364+0000] {logging_mixin.py:188} INFO - [2026-08-12T19:13:28.364+0000] {dag.py:3096} INFO - Sync 1 DAGs
[2026-08-12T19:13:28.388+0000] {logging_mixin.py:188} INFO - [2026-08-12T19:13:28.387+0000] {dag.py:3954} INFO - Setting next_dagrun for daily_scrape_and_load to 2026-08-12 00:00:00+00:00, run_after=2026-08-13 00:00:00+00:00
[2026-08-12T19:13:28.414+0000] {processor.py:183} INFO - Processing /opt/airflow/dags/daily_scrape_and_load.py took 0.813 seconds
[2026-08-12T19:13:58.812+0000] {processor.py:161} INFO - Started process (PID=1450) to work on /opt/airflow/dags/daily_scrape_and_load.py
[2026-08-12T19:13:58.813+0000] {processor.py:830} INFO - Processing file /opt/airflow/dags/daily_scrape_and_load.py for tasks to queue
[2026-08-12T19:13:58.815+0000] {logging_mixin.py:188} INFO - [2026-08-12T19:13:58.814+0000] {dagbag.py:545} INFO - Filling up the DagBag from /opt/airflow/dags/daily_scrape_and_load.py
[2026-08-12T19:13:59.528+0000] {processor.py:840} INFO - DAG(s) 'daily_scrape_and_load' retrieved from /opt/airflow/dags/daily_scrape_and_load.py
[2026-08-12T19:13:59.572+0000] {logging_mixin.py:188} INFO - [2026-08-12T19:13:59.572+0000] {dag.py:3096} INFO - Sync 1 DAGs
[2026-08-12T19:13:59.597+0000] {logging_mixin.py:188} INFO - [2026-08-12T19:13:59.597+0000] {dag.py:3954} INFO - Setting next_dagrun for daily_scrape_and_load to 2026-08-12 00:00:00+00:00, run_after=2026-08-13 00:00:00+00:00
[2026-08-12T19:13:59.624+0000] {processor.py:183} INFO - Processing /opt/airflow/dags/daily_scrape_and_load.py took 0.820 seconds
[2026-08-12T19:14:29.756+0000] {processor.py:161} INFO - Started process (PID=1456) to work on /opt/airflow/dags/daily_scrape_and_load.py
[2026-08-12T19:14:29.757+0000] {processor.py:830} INFO - Processing file /opt/airflow/dags/daily_scrape_and_load.py for tasks to queue
[2026-08-12T19:14:29.759+0000] {logging_mixin.py:188} INFO - [2026-08-12T19:14:29.758+0000] {dagbag.py:545} INFO - Filling up the DagBag from /opt/airflow/dags/daily_scrape_and_load.py
[2026-08-12T19:14:30.418+0000] {processor.py:840} INFO - DAG(s) 'daily_scrape_and_load' retrieved from /opt/airflow/dags/daily_scrape_and_load.py
[2026-08-12T19:14:30.455+0000] {logging_mixin.py:188} INFO - [2026-08-12T19:14:30.454+0000] {dag.py:3096} INFO - Sync 1 DAGs
[2026-08-12T19:14:30.482+0000] {logging_mixin.py:188} INFO - [2026-08-12T19:14:30.482+0000] {dag.py:3954} INFO - Setting next_dagrun for daily_scrape_and_load to 2026-08-12 00:00:00+00:00, run_after=2026-08-13 00:00:00+00:00
[2026-08-12T19:14:30.505+0000] {processor.py:183} INFO - Processing /opt/airflow/dags/daily_scrape_and_load.py took 0.756 seconds
[2026-08-12T19:15:00.798+0000] {processor.py:161} INFO - Started process (PID=1462) to work on /opt/airflow/dags/daily_scrape_and_load.py
[2026-08-12T19:15:00.799+0000] {processor.py:830} INFO - Processing file /opt/airflow/dags/daily_scrape_and_load.py for tasks to queue
[2026-08-12T19:15:00.801+0000] {logging_mixin.py:188} INFO - [2026-08-12T19:15:00.800+0000] {dagbag.py:545} INFO - Filling up the DagBag from /opt/airflow/dags/daily_scrape_and_load.py
[2026-08-12T19:15:01.468+0000] {processor.py:840} INFO - DAG(s) 'daily_scrape_and_load' retrieved from /opt/airflow/dags/daily_scrape_and_load.py
[2026-08-12T19:15:01.508+0000] {logging_mixin.py:188} INFO - [2026-08-12T19:15:01.508+0000] {dag.py:3096} INFO - Sync 1 DAGs
[2026-08-12T19:15:01.533+0000] {logging_mixin.py:188} INFO - [2026-08-12T19:15:01.532+0000] {dag.py:3954} INFO - Setting next_dagrun for daily_scrape_and_load to 2026-08-12 00:00:00+00:00, run_after=2026-08-13 00:00:00+00:00
[2026-08-12T19:15:01.558+0000] {processor.py:183} INFO - Processing /opt/airflow/dags/daily_scrape_and_load.py took 0.769 seconds
[2026-08-12T19:15:31.898+0000] {processor.py:161} INFO - Started process (PID=1468) to work on /opt/airflow/dags/daily_scrape_and_load.py
[2026-08-12T19:15:31.899+0000] {processor.py:830} INFO - Processing file /opt/airflow/dags/daily_scrape_and_load.py for tasks to queue
[2026-08-12T19:15:31.900+0000] {logging_mixin.py:188} INFO - [2026-08-12T19:15:31.899+0000] {dagbag.py:545} INFO - Filling up the DagBag from /opt/airflow/dags/daily_scrape_and_load.py
[2026-08-12T19:15:32.686+0000] {processor.py:840} INFO - DAG(s) 'daily_scrape_and_load' retrieved from /opt/airflow/dags/daily_scrape_and_load.py
[2026-08-12T19:15:32.727+0000] {logging_mixin.py:188} INFO - [2026-08-12T19:15:32.727+0000] {dag.py:3096} INFO - Sync 1 DAGs
[2026-08-12T19:15:32.756+0000] {logging_mixin.py:188} INFO - [2026-08-12T19:15:32.756+0000] {dag.py:3954} INFO - Setting next_dagrun for daily_scrape_and_load to 2026-08-12 00:00:00+00:00, run_after=2026-08-13 00:00:00+00:00
[2026-08-12T19:15:32.783+0000] {processor.py:183} INFO - Processing /opt/airflow/dags/daily_scrape_and_load.py took 0.893 seconds
[2026-08-12T19:16:03.137+0000] {processor.py:161} INFO - Started process (PID=1474) to work on /opt/airflow/dags/daily_scrape_and_load.py
[2026-08-12T19:16:03.138+0000] {processor.py:830} INFO - Processing file /opt/airflow/dags/daily_scrape_and_load.py for tasks to queue
[2026-08-12T19:16:03.139+0000] {logging_mixin.py:188} INFO - [2026-08-12T19:16:03.139+0000] {dagbag.py:545} INFO - Filling up the DagBag from /opt/airflow/dags/daily_scrape_and_load.py
[2026-08-12T19:16:03.822+0000] {processor.py:840} INFO - DAG(s) 'daily_scrape_and_load' retrieved from /opt/airflow/dags/daily_scrape_and_load.py
[2026-08-12T19:16:03.867+0000] {logging_mixin.py:188} INFO - [2026-08-12T19:16:03.867+0000] {dag.py:3096} INFO - Sync 1 DAGs
[2026-08-12T19:16:03.898+0000] {logging_mixin.py:188} INFO - [2026-08-12T19:16:03.898+0000] {dag.py:3954} INFO - Setting next_dagrun for daily_scrape_and_load to 2026-08-12 00:00:00+00:00, run_after=2026-08-13 00:00:00+00:00
[2026-08-12T19:16:03.926+0000] {processor.py:183} INFO - Processing /opt/airflow/dags/daily_scrape_and_load.py took 0.797 seconds
[2026-08-12T19:16:34.105+0000] {processor.py:161} INFO - Started process (PID=1480) to work on /opt/airflow/dags/daily_scrape_and_load.py
[2026-08-12T19:16:34.106+0000] {processor.py:830} INFO - Processing file /opt/airflow/dags/daily_scrape_and_load.py for tasks to queue
[2026-08-12T19:16:34.108+0000] {logging_mixin.py:188} INFO - [2026-08-12T19:16:34.108+0000] {dagbag.py:545} INFO - Filling up the DagBag from /opt/airflow/dags/daily_scrape_and_load.py
[2026-08-12T19:16:34.854+0000] {processor.py:840} INFO - DAG(s) 'daily_scrape_and_load' retrieved from /opt/airflow/dags/daily_scrape_and_load.py
[2026-08-12T19:16:34.893+0000] {logging_mixin.py:188} INFO - [2026-08-12T19:16:34.893+0000] {dag.py:3096} INFO - Sync 1 DAGs
[2026-08-12T19:16:34.923+0000] {logging_mixin.py:188} INFO - [2026-08-12T19:16:34.923+0000] {dag.py:3954} INFO - Setting next_dagrun for daily_scrape_and_load to 2026-08-12 00:00:00+00:00, run_after=2026-08-13 00:00:00+00:00
[2026-08-12T19:16:34.951+0000] {processor.py:183} INFO - Processing /opt/airflow/dags/daily_scrape_and_load.py took 0.857 seconds
[2026-08-12T19:17:05.255+0000] {processor.py:161} INFO - Started process (PID=1486) to work on /opt/airflow/dags/daily_scrape_and_load.py
[2026-08-12T19:17:05.256+0000] {processor.py:830} INFO - Processing file /opt/airflow/dags/daily_scrape_and_load.py for tasks to queue
[2026-08-12T19:17:05.257+0000] {logging_mixin.py:188} INFO - [2026-08-12T19:17:05.257+0000] {dagbag.py:545} INFO - Filling up the DagBag from /opt/airflow/dags/daily_scrape_and_load.py
[2026-08-12T19:17:06.049+0000] {processor.py:840} INFO - DAG(s) 'daily_scrape_and_load' retrieved from /opt/airflow/dags/daily_scrape_and_load.py
[2026-08-12T19:17:06.096+0000] {logging_mixin.py:188} INFO - [2026-08-12T19:17:06.095+0000] {dag.py:3096} INFO - Sync 1 DAGs
[2026-08-12T19:17:06.127+0000] {logging_mixin.py:188} INFO - [2026-08-12T19:17:06.127+0000] {dag.py:3954} INFO - Setting next_dagrun for daily_scrape_and_load to 2026-08-12 00:00:00+00:00, run_after=2026-08-13 00:00:00+00:00
[2026-08-12T19:17:06.154+0000] {processor.py:183} INFO - Processing /opt/airflow/dags/daily_scrape_and_load.py took 0.907 seconds
[2026-08-12T19:17:36.442+0000] {processor.py:161} INFO - Started process (PID=1492) to work on /opt/airflow/dags/daily_scrape_and_load.py
[2026-08-12T19:17:36.443+0000] {processor.py:830} INFO - Processing file /opt/airflow/dags/daily_scrape_and_load.py for tasks to queue
[2026-08-12T19:17:36.444+0000] {logging_mixin.py:188} INFO - [2026-08-12T19:17:36.444+0000] {dagbag.py:545} INFO - Filling up the DagBag from /opt/airflow/dags/daily_scrape_and_load.py
[2026-08-12T19:17:37.161+0000] {processor.py:840} INFO - DAG(s) 'daily_scrape_and_load' retrieved from /opt/airflow/dags/daily_scrape_and_load.py
[2026-08-12T19:17:37.202+0000] {logging_mixin.py:188} INFO - [2026-08-12T19:17:37.202+0000] {dag.py:3096} INFO - Sync 1 DAGs
[2026-08-12T19:17:37.229+0000] {logging_mixin.py:188} INFO - [2026-08-12T19:17:37.228+0000] {dag.py:3954} INFO - Setting next_dagrun for daily_scrape_and_load to 2026-08-12 00:00:00+00:00, run_after=2026-08-13 00:00:00+00:00
[2026-08-12T19:17:37.253+0000] {processor.py:183} INFO - Processing /opt/airflow/dags/daily_scrape_and_load.py took 0.819 seconds
[2026-08-12T19:18:07.577+0000] {processor.py:161} INFO - Started process (PID=1498) to work on /opt/airflow/dags/daily_scrape_and_load.py
[2026-08-12T19:18:07.578+0000] {processor.py:830} INFO - Processing file /opt/airflow/dags/daily_scrape_and_load.py for tasks to queue
[2026-08-12T19:18:07.579+0000] {logging_mixin.py:188} INFO - [2026-08-12T19:18:07.578+0000] {dagbag.py:545} INFO - Filling up the DagBag from /opt/airflow/dags/daily_scrape_and_load.py
[2026-08-12T19:18:08.310+0000] {processor.py:840} INFO - DAG(s) 'daily_scrape_and_load' retrieved from /opt/airflow/dags/daily_scrape_and_load.py
[2026-08-12T19:18:08.344+0000] {logging_mixin.py:188} INFO - [2026-08-12T19:18:08.343+0000] {dag.py:3096} INFO - Sync 1 DAGs
[2026-08-12T19:18:08.368+0000] {logging_mixin.py:188} INFO - [2026-08-12T19:18:08.367+0000] {dag.py:3954} INFO - Setting next_dagrun for daily_scrape_and_load to 2026-08-12 00:00:00+00:00, run_after=2026-08-13 00:00:00+00:00
[2026-08-12T19:18:08.392+0000] {processor.py:183} INFO - Processing /opt/airflow/dags/daily_scrape_and_load.py took 0.823 seconds
[2026-08-12T19:18:38.730+0000] {processor.py:161} INFO - Started process (PID=1504) to work on /opt/airflow/dags/daily_scrape_and_load.py
[2026-08-12T19:18:38.731+0000] {processor.py:830} INFO - Processing file /opt/airflow/dags/daily_scrape_and_load.py for tasks to queue
[2026-08-12T19:18:38.732+0000] {logging_mixin.py:188} INFO - [2026-08-12T19:18:38.732+0000] {dagbag.py:545} INFO - Filling up the DagBag from /opt/airflow/dags/daily_scrape_and_load.py
[2026-08-12T19:18:39.512+0000] {processor.py:840} INFO - DAG(s) 'daily_scrape_and_load' retrieved from /opt/airflow/dags/daily_scrape_and_load.py
[2026-08-12T19:18:39.564+0000] {logging_mixin.py:188} INFO - [2026-08-12T19:18:39.564+0000] {dag.py:3096} INFO - Sync 1 DAGs
[2026-08-12T19:18:39.594+0000] {logging_mixin.py:188} INFO - [2026-08-12T19:18:39.593+0000] {dag.py:3954} INFO - Setting next_dagrun for daily_scrape_and_load to 2026-08-12 00:00:00+00:00, run_after=2026-08-13 00:00:00+00:00
[2026-08-12T19:18:39.615+0000] {processor.py:183} INFO - Processing /opt/airflow/dags/daily_scrape_and_load.py took 0.893 seconds
[2026-08-12T19:19:09.957+0000] {processor.py:161} INFO - Started process (PID=1510) to work on /opt/airflow/dags/daily_scrape_and_load.py
[2026-08-12T19:19:09.958+0000] {processor.py:830} INFO - Processing file /opt/airflow/dags/daily_scrape_and_load.py for tasks to queue
[2026-08-12T19:19:09.959+0000] {logging_mixin.py:188} INFO - [2026-08-12T19:19:09.958+0000] {dagbag.py:545} INFO - Filling up the DagBag from /opt/airflow/dags/daily_scrape_and_load.py
[2026-08-12T19:19:10.624+0000] {processor.py:840} INFO - DAG(s) 'daily_scrape_and_load' retrieved from /opt/airflow/dags/daily_scrape_and_load.py
[2026-08-12T19:19:10.658+0000] {logging_mixin.py:188} INFO - [2026-08-12T19:19:10.658+0000] {dag.py:3096} INFO - Sync 1 DAGs
[2026-08-12T19:19:10.683+0000] {logging_mixin.py:188} INFO - [2026-08-12T19:19:10.683+0000] {dag.py:3954} INFO - Setting next_dagrun for daily_scrape_and_load to 2026-08-12 00:00:00+00:00, run_after=2026-08-13 00:00:00+00:00
[2026-08-12T19:19:10.709+0000] {processor.py:183} INFO - Processing /opt/airflow/dags/daily_scrape_and_load.py took 0.761 seconds
[2026-08-12T19:19:40.968+0000] {processor.py:161} INFO - Started process (PID=1516) to work on /opt/airflow/dags/daily_scrape_and_load.py
[2026-08-12T19:19:40.968+0000] {processor.py:830} INFO - Processing file /opt/airflow/dags/daily_scrape_and_load.py for tasks to queue
[2026-08-12T19:19:40.970+0000] {logging_mixin.py:188} INFO - [2026-08-12T19:19:40.969+0000] {dagbag.py:545} INFO - Filling up the DagBag from /opt/airflow/dags/daily_scrape_and_load.py
[2026-08-12T19:19:41.591+0000] {processor.py:840} INFO - DAG(s) 'daily_scrape_and_load' retrieved from /opt/airflow/dags/daily_scrape_and_load.py
[2026-08-12T19:19:41.623+0000] {logging_mixin.py:188} INFO - [2026-08-12T19:19:41.623+0000] {dag.py:3096} INFO - Sync 1 DAGs
[2026-08-12T19:19:41.646+0000] {logging_mixin.py:188} INFO - [2026-08-12T19:19:41.646+0000] {dag.py:3954} INFO - Setting next_dagrun for daily_scrape_and_load to 2026-08-12 00:00:00+00:00, run_after=2026-08-13 00:00:00+00:00
[2026-08-12T19:19:41.671+0000] {processor.py:183} INFO - Processing /opt/airflow/dags/daily_scrape_and_load.py took 0.711 seconds
[2026-08-12T19:20:12.022+0000] {processor.py:161} INFO - Started process (PID=1522) to work on /opt/airflow/dags/daily_scrape_and_load.py
[2026-08-12T19:20:12.023+0000] {processor.py:830} INFO - Processing file /opt/airflow/dags/daily_scrape_and_load.py for tasks to queue
[2026-08-12T19:20:12.025+0000] {logging_mixin.py:188} INFO - [2026-08-12T19:20:12.024+0000] {dagbag.py:545} INFO - Filling up the DagBag from /opt/airflow/dags/daily_scrape_and_load.py
[2026-08-12T19:20:13.098+0000] {processor.py:840} INFO - DAG(s) 'daily_scrape_and_load' retrieved from /opt/airflow/dags/daily_scrape_and_load.py
[2026-08-12T19:20:13.169+0000] {logging_mixin.py:188} INFO - [2026-08-12T19:20:13.168+0000] {dag.py:3096} INFO - Sync 1 DAGs
[2026-08-12T19:20:13.219+0000] {logging_mixin.py:188} INFO - [2026-08-12T19:20:13.219+0000] {dag.py:3954} INFO - Setting next_dagrun for daily_scrape_and_load to 2026-08-12 00:00:00+00:00, run_after=2026-08-13 00:00:00+00:00
[2026-08-12T19:20:13.259+0000] {processor.py:183} INFO - Processing /opt/airflow/dags/daily_scrape_and_load.py took 1.244 seconds
[2026-08-12T19:20:43.376+0000] {processor.py:161} INFO - Started process (PID=1528) to work on /opt/airflow/dags/daily_scrape_and_load.py
[2026-08-12T19:20:43.376+0000] {processor.py:830} INFO - Processing file /opt/airflow/dags/daily_scrape_and_load.py for tasks to queue
[2026-08-12T19:20:43.378+0000] {logging_mixin.py:188} INFO - [2026-08-12T19:20:43.377+0000] {dagbag.py:545} INFO - Filling up the DagBag from /opt/airflow/dags/daily_scrape_and_load.py
[2026-08-12T19:20:44.038+0000] {processor.py:840} INFO - DAG(s) 'daily_scrape_and_load' retrieved from /opt/airflow/dags/daily_scrape_and_load.py
[2026-08-12T19:20:44.069+0000] {logging_mixin.py:188} INFO - [2026-08-12T19:20:44.069+0000] {dag.py:3096} INFO - Sync 1 DAGs
[2026-08-12T19:20:44.092+0000] {logging_mixin.py:188} INFO - [2026-08-12T19:20:44.092+0000] {dag.py:3954} INFO - Setting next_dagrun for daily_scrape_and_load to 2026-08-12 00:00:00+00:00, run_after=2026-08-13 00:00:00+00:00
[2026-08-12T19:20:44.118+0000] {processor.py:183} INFO - Processing /opt/airflow/dags/daily_scrape_and_load.py took 0.749 seconds
[2026-08-12T19:21:14.467+0000] {processor.py:161} INFO - Started process (PID=1534) to work on /opt/airflow/dags/daily_scrape_and_load.py
[2026-08-12T19:21:14.468+0000] {processor.py:830} INFO - Processing file /opt/airflow/dags/daily_scrape_and_load.py for tasks to queue
[2026-08-12T19:21:14.469+0000] {logging_mixin.py:188} INFO - [2026-08-12T19:21:14.469+0000] {dagbag.py:545} INFO - Filling up the DagBag from /opt/airflow/dags/daily_scrape_and_load.py
[2026-08-12T19:21:15.212+0000] {processor.py:840} INFO - DAG(s) 'daily_scrape_and_load' retrieved from /opt/airflow/dags/daily_scrape_and_load.py
[2026-08-12T19:21:15.251+0000] {logging_mixin.py:188} INFO - [2026-08-12T19:21:15.250+0000] {dag.py:3096} INFO - Sync 1 DAGs
[2026-08-12T19:21:15.278+0000] {logging_mixin.py:188} INFO - [2026-08-12T19:21:15.278+0000] {dag.py:3954} INFO - Setting next_dagrun for daily_scrape_and_load to 2026-08-12 00:00:00+00:00, run_after=2026-08-13 00:00:00+00:00
[2026-08-12T19:21:15.301+0000] {processor.py:183} INFO - Processing /opt/airflow/dags/daily_scrape_and_load.py took 0.849 seconds
[2026-08-12T20:22:39.986+0000] {processor.py:161} INFO - Started process (PID=1540) to work on /opt/airflow/dags/daily_scrape_and_load.py
[2026-08-12T20:22:39.994+0000] {processor.py:830} INFO - Processing file /opt/airflow/dags/daily_scrape_and_load.py for tasks to queue
[2026-08-12T20:22:39.998+0000] {logging_mixin.py:188} INFO - [2026-08-12T20:22:39.997+0000] {dagbag.py:545} INFO - Filling up the DagBag from /opt/airflow/dags/daily_scrape_and_load.py
[2026-08-12T20:59:29.836+0000] {processor.py:161} INFO - Started process (PID=1544) to work on /opt/airflow/dags/daily_scrape_and_load.py
[2026-08-12T20:59:29.840+0000] {processor.py:830} INFO - Processing file /opt/airflow/dags/daily_scrape_and_load.py for tasks to queue
[2026-08-12T20:59:29.843+0000] {logging_mixin.py:188} INFO - [2026-08-12T20:59:29.842+0000] {dagbag.py:545} INFO - Filling up the DagBag from /opt/airflow/dags/daily_scrape_and_load.py
[2026-08-12T20:59:31.866+0000] {processor.py:840} INFO - DAG(s) 'daily_scrape_and_load' retrieved from /opt/airflow/dags/daily_scrape_and_load.py
[2026-08-12T20:59:32.605+0000] {logging_mixin.py:188} INFO - [2026-08-12T20:59:32.605+0000] {dag.py:3096} INFO - Sync 1 DAGs
[2026-08-12T20:59:32.646+0000] {logging_mixin.py:188} INFO - [2026-08-12T20:59:32.645+0000] {dag.py:3954} INFO - Setting next_dagrun for daily_scrape_and_load to 2026-08-12 00:00:00+00:00, run_after=2026-08-13 00:00:00+00:00
[2026-08-12T20:59:32.693+0000] {processor.py:183} INFO - Processing /opt/airflow/dags/daily_scrape_and_load.py took 2.915 seconds
[2026-08-12T21:28:01.382+0000] {processor.py:161} INFO - Started process (PID=1550) to work on /opt/airflow/dags/daily_scrape_and_load.py
[2026-08-12T21:28:01.392+0000] {processor.py:830} INFO - Processing file /opt/airflow/dags/daily_scrape_and_load.py for tasks to queue
[2026-08-12T21:28:01.397+0000] {logging_mixin.py:188} INFO - [2026-08-12T21:28:01.395+0000] {dagbag.py:545} INFO - Filling up the DagBag from /opt/airflow/dags/daily_scrape_and_load.py
