[2026-06-18T19:13:05.482+0000] {manager.py:470} INFO - Processing files using up to 2 processes at a time 
[2026-06-18T19:13:05.486+0000] {manager.py:471} INFO - Process each file at most once every 30 seconds
[2026-06-18T19:13:05.488+0000] {manager.py:472} INFO - Checking for new files in /opt/airflow/dags every 300 seconds
[2026-06-18T19:13:05.489+0000] {manager.py:737} INFO - Searching for files in /opt/airflow/dags
[2026-06-18T19:13:05.494+0000] {manager.py:740} INFO - There are 0 files in /opt/airflow/dags
[2026-06-18T19:18:05.876+0000] {manager.py:737} INFO - Searching for files in /opt/airflow/dags
[2026-06-18T19:18:05.880+0000] {manager.py:740} INFO - There are 0 files in /opt/airflow/dags
[2026-06-18T19:20:27.615+0000] {manager.py:452} INFO - Exiting gracefully upon receiving signal 15
[2026-06-18T19:22:20.467+0000] {manager.py:470} INFO - Processing files using up to 2 processes at a time 
[2026-06-18T19:22:20.468+0000] {manager.py:471} INFO - Process each file at most once every 30 seconds
[2026-06-18T19:22:20.469+0000] {manager.py:472} INFO - Checking for new files in /opt/airflow/dags every 300 seconds
[2026-06-18T19:22:20.470+0000] {manager.py:737} INFO - Searching for files in /opt/airflow/dags
[2026-06-18T19:22:20.474+0000] {manager.py:740} INFO - There are 0 files in /opt/airflow/dags
[2026-06-18T19:24:13.200+0000] {manager.py:452} INFO - Exiting gracefully upon receiving signal 15
[2026-06-18T19:24:44.285+0000] {manager.py:470} INFO - Processing files using up to 2 processes at a time 
[2026-06-18T19:24:44.287+0000] {manager.py:471} INFO - Process each file at most once every 30 seconds
[2026-06-18T19:24:44.288+0000] {manager.py:472} INFO - Checking for new files in /opt/airflow/dags every 300 seconds
[2026-06-18T19:24:44.290+0000] {manager.py:737} INFO - Searching for files in /opt/airflow/dags
[2026-06-18T19:24:44.296+0000] {manager.py:740} INFO - There are 0 files in /opt/airflow/dags
[2026-06-18T19:29:44.655+0000] {manager.py:737} INFO - Searching for files in /opt/airflow/dags
[2026-06-18T19:29:44.663+0000] {manager.py:740} INFO - There are 0 files in /opt/airflow/dags
[2026-06-18T19:34:45.007+0000] {manager.py:737} INFO - Searching for files in /opt/airflow/dags
[2026-06-18T19:34:45.012+0000] {manager.py:740} INFO - There are 0 files in /opt/airflow/dags
[2026-06-18T19:34:50.493+0000] {manager.py:452} INFO - Exiting gracefully upon receiving signal 15
[2026-06-21T15:22:47.860+0000] {manager.py:470} INFO - Processing files using up to 2 processes at a time 
[2026-06-21T15:22:47.866+0000] {manager.py:471} INFO - Process each file at most once every 30 seconds
[2026-06-21T15:22:47.881+0000] {manager.py:472} INFO - Checking for new files in /opt/airflow/dags every 300 seconds
[2026-06-21T15:22:47.886+0000] {manager.py:737} INFO - Searching for files in /opt/airflow/dags
[2026-06-21T15:22:47.916+0000] {manager.py:740} INFO - There are 0 files in /opt/airflow/dags
[2026-06-21T15:27:48.219+0000] {manager.py:737} INFO - Searching for files in /opt/airflow/dags
[2026-06-21T15:27:48.238+0000] {manager.py:740} INFO - There are 0 files in /opt/airflow/dags
[2026-06-21T15:32:48.412+0000] {manager.py:737} INFO - Searching for files in /opt/airflow/dags
[2026-06-21T15:32:48.428+0000] {manager.py:740} INFO - There are 0 files in /opt/airflow/dags
[2026-06-21T15:37:48.414+0000] {manager.py:737} INFO - Searching for files in /opt/airflow/dags
[2026-06-21T15:37:48.433+0000] {manager.py:740} INFO - There are 0 files in /opt/airflow/dags
[2026-06-21T15:42:49.294+0000] {manager.py:737} INFO - Searching for files in /opt/airflow/dags
[2026-06-21T15:42:49.312+0000] {manager.py:740} INFO - There are 0 files in /opt/airflow/dags
[2026-06-21T15:47:50.036+0000] {manager.py:737} INFO - Searching for files in /opt/airflow/dags
[2026-06-21T15:47:50.053+0000] {manager.py:740} INFO - There are 0 files in /opt/airflow/dags
[2026-06-21T15:52:50.995+0000] {manager.py:737} INFO - Searching for files in /opt/airflow/dags
[2026-06-21T15:52:51.016+0000] {manager.py:740} INFO - There are 0 files in /opt/airflow/dags
[2026-06-21T15:57:51.801+0000] {manager.py:737} INFO - Searching for files in /opt/airflow/dags
[2026-06-21T15:57:51.817+0000] {manager.py:740} INFO - There are 0 files in /opt/airflow/dags
[2026-06-21T16:02:52.723+0000] {manager.py:737} INFO - Searching for files in /opt/airflow/dags
[2026-06-21T16:02:52.741+0000] {manager.py:740} INFO - There are 0 files in /opt/airflow/dags
[2026-06-21T16:07:53.533+0000] {manager.py:737} INFO - Searching for files in /opt/airflow/dags
[2026-06-21T16:07:53.549+0000] {manager.py:740} INFO - There are 0 files in /opt/airflow/dags
[2026-06-21T16:12:54.387+0000] {manager.py:737} INFO - Searching for files in /opt/airflow/dags
[2026-06-21T16:12:54.404+0000] {manager.py:740} INFO - There are 0 files in /opt/airflow/dags
[2026-06-21T16:17:55.332+0000] {manager.py:737} INFO - Searching for files in /opt/airflow/dags
[2026-06-21T16:17:55.351+0000] {manager.py:740} INFO - There are 0 files in /opt/airflow/dags
[2026-06-21T16:22:56.231+0000] {manager.py:737} INFO - Searching for files in /opt/airflow/dags
[2026-06-21T16:22:56.249+0000] {manager.py:740} INFO - There are 0 files in /opt/airflow/dags
[2026-06-21T16:27:57.007+0000] {manager.py:737} INFO - Searching for files in /opt/airflow/dags
[2026-06-21T16:27:57.025+0000] {manager.py:740} INFO - There are 0 files in /opt/airflow/dags
[2026-06-21T16:32:57.701+0000] {manager.py:737} INFO - Searching for files in /opt/airflow/dags
[2026-06-21T16:32:57.716+0000] {manager.py:740} INFO - There are 0 files in /opt/airflow/dags
[2026-06-21T16:37:58.394+0000] {manager.py:737} INFO - Searching for files in /opt/airflow/dags
[2026-06-21T16:37:58.411+0000] {manager.py:740} INFO - There are 0 files in /opt/airflow/dags
[2026-06-21T16:42:59.104+0000] {manager.py:737} INFO - Searching for files in /opt/airflow/dags
[2026-06-21T16:42:59.137+0000] {manager.py:740} INFO - There are 0 files in /opt/airflow/dags
[2026-06-21T16:47:59.822+0000] {manager.py:737} INFO - Searching for files in /opt/airflow/dags
[2026-06-21T16:47:59.838+0000] {manager.py:740} INFO - There are 0 files in /opt/airflow/dags
[2026-06-21T16:53:00.539+0000] {manager.py:737} INFO - Searching for files in /opt/airflow/dags
[2026-06-21T16:53:00.558+0000] {manager.py:740} INFO - There are 0 files in /opt/airflow/dags
[2026-06-21T16:58:01.225+0000] {manager.py:737} INFO - Searching for files in /opt/airflow/dags
[2026-06-21T16:58:01.240+0000] {manager.py:740} INFO - There are 0 files in /opt/airflow/dags
[2026-06-21T17:03:01.920+0000] {manager.py:737} INFO - Searching for files in /opt/airflow/dags
[2026-06-21T17:03:01.934+0000] {manager.py:740} INFO - There are 0 files in /opt/airflow/dags
[2026-06-21T17:08:02.637+0000] {manager.py:737} INFO - Searching for files in /opt/airflow/dags
[2026-06-21T17:08:02.654+0000] {manager.py:740} INFO - There are 0 files in /opt/airflow/dags
[2026-06-21T17:13:03.459+0000] {manager.py:737} INFO - Searching for files in /opt/airflow/dags
[2026-06-21T17:13:03.476+0000] {manager.py:740} INFO - There are 0 files in /opt/airflow/dags
[2026-06-21T17:18:04.395+0000] {manager.py:737} INFO - Searching for files in /opt/airflow/dags
[2026-06-21T17:18:04.409+0000] {manager.py:740} INFO - There are 0 files in /opt/airflow/dags
[2026-06-21T17:23:04.468+0000] {manager.py:737} INFO - Searching for files in /opt/airflow/dags
[2026-06-21T17:23:04.487+0000] {manager.py:740} INFO - There are 0 files in /opt/airflow/dags
[2026-06-21T17:28:05.414+0000] {manager.py:737} INFO - Searching for files in /opt/airflow/dags
[2026-06-21T17:28:05.431+0000] {manager.py:740} INFO - There are 0 files in /opt/airflow/dags
[2026-06-21T17:33:06.233+0000] {manager.py:737} INFO - Searching for files in /opt/airflow/dags
[2026-06-21T17:33:06.251+0000] {manager.py:740} INFO - There are 0 files in /opt/airflow/dags
[2026-06-21T17:38:07.025+0000] {manager.py:737} INFO - Searching for files in /opt/airflow/dags
[2026-06-21T17:38:07.043+0000] {manager.py:740} INFO - There are 0 files in /opt/airflow/dags
[2026-06-21T17:43:07.892+0000] {manager.py:737} INFO - Searching for files in /opt/airflow/dags
[2026-06-21T17:43:07.908+0000] {manager.py:740} INFO - There are 0 files in /opt/airflow/dags
[2026-06-21T17:48:08.716+0000] {manager.py:737} INFO - Searching for files in /opt/airflow/dags
[2026-06-21T17:48:08.733+0000] {manager.py:740} INFO - There are 0 files in /opt/airflow/dags
[2026-06-21T17:53:09.664+0000] {manager.py:737} INFO - Searching for files in /opt/airflow/dags
[2026-06-21T17:53:09.677+0000] {manager.py:740} INFO - There are 0 files in /opt/airflow/dags
[2026-06-21T17:58:10.620+0000] {manager.py:737} INFO - Searching for files in /opt/airflow/dags
[2026-06-21T17:58:10.638+0000] {manager.py:740} INFO - There are 0 files in /opt/airflow/dags
[2026-06-21T18:03:11.401+0000] {manager.py:737} INFO - Searching for files in /opt/airflow/dags
[2026-06-21T18:03:11.418+0000] {manager.py:740} INFO - There are 0 files in /opt/airflow/dags
[2026-06-21T18:08:12.274+0000] {manager.py:737} INFO - Searching for files in /opt/airflow/dags
[2026-06-21T18:08:12.291+0000] {manager.py:740} INFO - There are 0 files in /opt/airflow/dags
[2026-06-21T18:13:13.198+0000] {manager.py:737} INFO - Searching for files in /opt/airflow/dags
[2026-06-21T18:13:13.214+0000] {manager.py:740} INFO - There are 0 files in /opt/airflow/dags
[2026-06-21T18:18:14.057+0000] {manager.py:737} INFO - Searching for files in /opt/airflow/dags
[2026-06-21T18:18:14.075+0000] {manager.py:740} INFO - There are 0 files in /opt/airflow/dags
[2026-06-21T18:23:15.029+0000] {manager.py:737} INFO - Searching for files in /opt/airflow/dags
[2026-06-21T18:23:15.046+0000] {manager.py:740} INFO - There are 0 files in /opt/airflow/dags
[2026-06-21T18:28:15.923+0000] {manager.py:737} INFO - Searching for files in /opt/airflow/dags
[2026-06-21T18:28:15.941+0000] {manager.py:740} INFO - There are 0 files in /opt/airflow/dags
[2026-06-21T18:33:12.470+0000] {manager.py:452} INFO - Exiting gracefully upon receiving signal 15
[2026-07-10T14:45:48.799+0000] {manager.py:470} INFO - Processing files using up to 2 processes at a time 
[2026-07-10T14:45:48.801+0000] {manager.py:471} INFO - Process each file at most once every 30 seconds
[2026-07-10T14:45:48.803+0000] {manager.py:472} INFO - Checking for new files in /opt/airflow/dags every 300 seconds
[2026-07-10T14:45:48.805+0000] {manager.py:737} INFO - Searching for files in /opt/airflow/dags
[2026-07-10T14:45:48.811+0000] {manager.py:740} INFO - There are 0 files in /opt/airflow/dags
[2026-07-10T14:50:49.146+0000] {manager.py:737} INFO - Searching for files in /opt/airflow/dags
[2026-07-10T14:50:49.152+0000] {manager.py:740} INFO - There are 0 files in /opt/airflow/dags
[2026-07-10T14:55:49.449+0000] {manager.py:737} INFO - Searching for files in /opt/airflow/dags
[2026-07-10T14:55:49.454+0000] {manager.py:740} INFO - There are 0 files in /opt/airflow/dags
[2026-07-10T15:00:49.730+0000] {manager.py:737} INFO - Searching for files in /opt/airflow/dags
[2026-07-10T15:00:49.737+0000] {manager.py:740} INFO - There are 0 files in /opt/airflow/dags
[2026-07-10T15:05:50.033+0000] {manager.py:737} INFO - Searching for files in /opt/airflow/dags
[2026-07-10T15:05:50.039+0000] {manager.py:740} INFO - There are 0 files in /opt/airflow/dags
[2026-07-10T15:10:50.333+0000] {manager.py:737} INFO - Searching for files in /opt/airflow/dags
[2026-07-10T15:10:50.339+0000] {manager.py:740} INFO - There are 0 files in /opt/airflow/dags
[2026-07-10T15:15:50.654+0000] {manager.py:737} INFO - Searching for files in /opt/airflow/dags
[2026-07-10T15:15:50.661+0000] {manager.py:740} INFO - There are 0 files in /opt/airflow/dags
[2026-07-10T15:20:50.964+0000] {manager.py:737} INFO - Searching for files in /opt/airflow/dags
[2026-07-10T15:20:50.970+0000] {manager.py:740} INFO - There are 0 files in /opt/airflow/dags
[2026-07-10T15:25:51.288+0000] {manager.py:737} INFO - Searching for files in /opt/airflow/dags
[2026-07-10T15:25:51.293+0000] {manager.py:740} INFO - There are 0 files in /opt/airflow/dags
[2026-07-10T15:30:51.592+0000] {manager.py:737} INFO - Searching for files in /opt/airflow/dags
[2026-07-10T15:30:51.597+0000] {manager.py:740} INFO - There are 0 files in /opt/airflow/dags
[2026-07-10T15:35:51.903+0000] {manager.py:737} INFO - Searching for files in /opt/airflow/dags
[2026-07-10T15:35:51.909+0000] {manager.py:740} INFO - There are 0 files in /opt/airflow/dags
[2026-07-10T15:40:52.217+0000] {manager.py:737} INFO - Searching for files in /opt/airflow/dags
[2026-07-10T15:40:52.224+0000] {manager.py:740} INFO - There are 0 files in /opt/airflow/dags
[2026-07-10T15:45:52.551+0000] {manager.py:737} INFO - Searching for files in /opt/airflow/dags
[2026-07-10T15:45:52.557+0000] {manager.py:740} INFO - There are 0 files in /opt/airflow/dags
[2026-07-10T15:50:52.859+0000] {manager.py:737} INFO - Searching for files in /opt/airflow/dags
[2026-07-10T15:50:52.866+0000] {manager.py:740} INFO - There are 0 files in /opt/airflow/dags
[2026-07-10T15:55:53.184+0000] {manager.py:737} INFO - Searching for files in /opt/airflow/dags
[2026-07-10T15:55:53.190+0000] {manager.py:740} INFO - There are 0 files in /opt/airflow/dags
[2026-07-10T16:00:53.513+0000] {manager.py:737} INFO - Searching for files in /opt/airflow/dags
[2026-07-10T16:00:53.519+0000] {manager.py:740} INFO - There are 0 files in /opt/airflow/dags
[2026-07-10T16:05:53.821+0000] {manager.py:737} INFO - Searching for files in /opt/airflow/dags
[2026-07-10T16:05:53.828+0000] {manager.py:740} INFO - There are 0 files in /opt/airflow/dags
[2026-07-10T16:10:54.128+0000] {manager.py:737} INFO - Searching for files in /opt/airflow/dags
[2026-07-10T16:10:54.134+0000] {manager.py:740} INFO - There are 0 files in /opt/airflow/dags
[2026-07-10T16:15:54.453+0000] {manager.py:737} INFO - Searching for files in /opt/airflow/dags
[2026-07-10T16:15:54.458+0000] {manager.py:740} INFO - There are 0 files in /opt/airflow/dags
[2026-07-10T16:20:54.744+0000] {manager.py:737} INFO - Searching for files in /opt/airflow/dags
[2026-07-10T16:20:54.750+0000] {manager.py:740} INFO - There are 0 files in /opt/airflow/dags
[2026-07-10T16:25:55.056+0000] {manager.py:737} INFO - Searching for files in /opt/airflow/dags
[2026-07-10T16:25:55.062+0000] {manager.py:740} INFO - There are 0 files in /opt/airflow/dags
[2026-07-10T16:30:55.362+0000] {manager.py:737} INFO - Searching for files in /opt/airflow/dags
[2026-07-10T16:30:55.368+0000] {manager.py:740} INFO - There are 0 files in /opt/airflow/dags
[2026-07-10T16:35:55.697+0000] {manager.py:737} INFO - Searching for files in /opt/airflow/dags
[2026-07-10T16:35:55.703+0000] {manager.py:740} INFO - There are 0 files in /opt/airflow/dags
[2026-07-10T16:40:56.023+0000] {manager.py:737} INFO - Searching for files in /opt/airflow/dags
[2026-07-10T16:40:56.028+0000] {manager.py:740} INFO - There are 0 files in /opt/airflow/dags
[2026-07-10T16:45:56.352+0000] {manager.py:737} INFO - Searching for files in /opt/airflow/dags
[2026-07-10T16:45:56.358+0000] {manager.py:740} INFO - There are 0 files in /opt/airflow/dags
[2026-07-10T16:50:56.624+0000] {manager.py:737} INFO - Searching for files in /opt/airflow/dags
[2026-07-10T16:50:56.630+0000] {manager.py:740} INFO - There are 0 files in /opt/airflow/dags
[2026-07-10T16:55:56.950+0000] {manager.py:737} INFO - Searching for files in /opt/airflow/dags
[2026-07-10T16:55:56.956+0000] {manager.py:740} INFO - There are 0 files in /opt/airflow/dags
[2026-07-10T17:02:43.937+0000] {manager.py:470} INFO - Processing files using up to 2 processes at a time 
[2026-07-10T17:02:43.940+0000] {manager.py:471} INFO - Process each file at most once every 30 seconds
[2026-07-10T17:02:43.944+0000] {manager.py:472} INFO - Checking for new files in /opt/airflow/dags every 300 seconds
[2026-07-10T17:02:43.946+0000] {manager.py:737} INFO - Searching for files in /opt/airflow/dags
[2026-07-10T17:02:43.955+0000] {manager.py:740} INFO - There are 0 files in /opt/airflow/dags
[2026-07-10T17:07:44.373+0000] {manager.py:737} INFO - Searching for files in /opt/airflow/dags
[2026-07-10T17:07:44.380+0000] {manager.py:740} INFO - There are 0 files in /opt/airflow/dags
[2026-07-10T17:12:44.690+0000] {manager.py:737} INFO - Searching for files in /opt/airflow/dags
[2026-07-10T17:12:44.697+0000] {manager.py:740} INFO - There are 0 files in /opt/airflow/dags
[2026-07-10T17:17:45.035+0000] {manager.py:737} INFO - Searching for files in /opt/airflow/dags
[2026-07-10T17:17:45.041+0000] {manager.py:740} INFO - There are 0 files in /opt/airflow/dags
[2026-07-10T17:18:21.555+0000] {manager.py:452} INFO - Exiting gracefully upon receiving signal 15
[2026-07-10T17:21:01.777+0000] {manager.py:470} INFO - Processing files using up to 2 processes at a time 
[2026-07-10T17:21:01.779+0000] {manager.py:471} INFO - Process each file at most once every 30 seconds
[2026-07-10T17:21:01.780+0000] {manager.py:472} INFO - Checking for new files in /opt/airflow/dags every 300 seconds
[2026-07-10T17:21:01.782+0000] {manager.py:737} INFO - Searching for files in /opt/airflow/dags
[2026-07-10T17:21:01.788+0000] {manager.py:740} INFO - There are 0 files in /opt/airflow/dags
[2026-07-10T17:26:02.127+0000] {manager.py:737} INFO - Searching for files in /opt/airflow/dags
[2026-07-10T17:26:02.134+0000] {manager.py:740} INFO - There are 0 files in /opt/airflow/dags
[2026-07-10T17:30:31.206+0000] {manager.py:452} INFO - Exiting gracefully upon receiving signal 15
[2026-07-12T13:19:09.003+0000] {manager.py:470} INFO - Processing files using up to 2 processes at a time 
[2026-07-12T13:19:09.006+0000] {manager.py:471} INFO - Process each file at most once every 30 seconds
[2026-07-12T13:19:09.007+0000] {manager.py:472} INFO - Checking for new files in /opt/airflow/dags every 300 seconds
[2026-07-12T13:19:09.009+0000] {manager.py:737} INFO - Searching for files in /opt/airflow/dags
[2026-07-12T13:19:09.015+0000] {manager.py:740} INFO - There are 0 files in /opt/airflow/dags
[2026-07-12T13:24:09.280+0000] {manager.py:737} INFO - Searching for files in /opt/airflow/dags
[2026-07-12T13:24:09.287+0000] {manager.py:740} INFO - There are 0 files in /opt/airflow/dags
[2026-07-12T13:29:09.567+0000] {manager.py:737} INFO - Searching for files in /opt/airflow/dags
[2026-07-12T13:29:09.574+0000] {manager.py:740} INFO - There are 0 files in /opt/airflow/dags
[2026-07-12T13:34:09.858+0000] {manager.py:737} INFO - Searching for files in /opt/airflow/dags
[2026-07-12T13:34:09.863+0000] {manager.py:740} INFO - There are 0 files in /opt/airflow/dags
[2026-07-12T13:39:10.139+0000] {manager.py:737} INFO - Searching for files in /opt/airflow/dags
[2026-07-12T13:39:10.144+0000] {manager.py:740} INFO - There are 0 files in /opt/airflow/dags
[2026-07-12T13:41:14.969+0000] {manager.py:452} INFO - Exiting gracefully upon receiving signal 15
[2026-07-12T13:48:53.147+0000] {manager.py:470} INFO - Processing files using up to 2 processes at a time 
[2026-07-12T13:48:53.149+0000] {manager.py:471} INFO - Process each file at most once every 30 seconds
[2026-07-12T13:48:53.150+0000] {manager.py:472} INFO - Checking for new files in /opt/airflow/dags every 300 seconds
[2026-07-12T13:48:53.152+0000] {manager.py:737} INFO - Searching for files in /opt/airflow/dags
[2026-07-12T13:48:53.156+0000] {manager.py:740} INFO - There are 0 files in /opt/airflow/dags
[2026-07-12T13:53:53.501+0000] {manager.py:737} INFO - Searching for files in /opt/airflow/dags
[2026-07-12T13:53:53.508+0000] {manager.py:740} INFO - There are 0 files in /opt/airflow/dags
[2026-07-12T13:58:53.853+0000] {manager.py:737} INFO - Searching for files in /opt/airflow/dags
[2026-07-12T13:58:53.859+0000] {manager.py:740} INFO - There are 0 files in /opt/airflow/dags
[2026-07-12T14:03:54.167+0000] {manager.py:737} INFO - Searching for files in /opt/airflow/dags
[2026-07-12T14:03:54.174+0000] {manager.py:740} INFO - There are 0 files in /opt/airflow/dags
[2026-07-12T14:08:54.499+0000] {manager.py:737} INFO - Searching for files in /opt/airflow/dags
[2026-07-12T14:08:54.506+0000] {manager.py:740} INFO - There are 0 files in /opt/airflow/dags
[2026-07-12T14:13:54.780+0000] {manager.py:737} INFO - Searching for files in /opt/airflow/dags
[2026-07-12T14:13:54.783+0000] {manager.py:740} INFO - There are 0 files in /opt/airflow/dags
[2026-07-12T14:18:55.053+0000] {manager.py:737} INFO - Searching for files in /opt/airflow/dags
[2026-07-12T14:18:55.058+0000] {manager.py:740} INFO - There are 0 files in /opt/airflow/dags
[2026-07-12T14:23:55.384+0000] {manager.py:737} INFO - Searching for files in /opt/airflow/dags
[2026-07-12T14:23:55.390+0000] {manager.py:740} INFO - There are 0 files in /opt/airflow/dags
[2026-07-12T14:28:55.692+0000] {manager.py:737} INFO - Searching for files in /opt/airflow/dags
[2026-07-12T14:28:55.698+0000] {manager.py:740} INFO - There are 0 files in /opt/airflow/dags
[2026-07-12T14:33:56.011+0000] {manager.py:737} INFO - Searching for files in /opt/airflow/dags
[2026-07-12T14:33:56.018+0000] {manager.py:740} INFO - There are 0 files in /opt/airflow/dags
[2026-07-12T14:38:56.332+0000] {manager.py:737} INFO - Searching for files in /opt/airflow/dags
[2026-07-12T14:38:56.338+0000] {manager.py:740} INFO - There are 0 files in /opt/airflow/dags
[2026-07-12T14:43:56.650+0000] {manager.py:737} INFO - Searching for files in /opt/airflow/dags
[2026-07-12T14:43:56.656+0000] {manager.py:740} INFO - There are 0 files in /opt/airflow/dags
[2026-07-12T14:48:56.991+0000] {manager.py:737} INFO - Searching for files in /opt/airflow/dags
[2026-07-12T14:48:56.997+0000] {manager.py:740} INFO - There are 0 files in /opt/airflow/dags
[2026-07-12T14:53:57.318+0000] {manager.py:737} INFO - Searching for files in /opt/airflow/dags
[2026-07-12T14:53:57.324+0000] {manager.py:740} INFO - There are 0 files in /opt/airflow/dags
[2026-07-12T14:58:57.646+0000] {manager.py:737} INFO - Searching for files in /opt/airflow/dags
[2026-07-12T14:58:57.650+0000] {manager.py:740} INFO - There are 0 files in /opt/airflow/dags
[2026-07-18T20:22:41.345+0000] {manager.py:470} INFO - Processing files using up to 2 processes at a time 
[2026-07-18T20:22:41.347+0000] {manager.py:471} INFO - Process each file at most once every 30 seconds
[2026-07-18T20:22:41.349+0000] {manager.py:472} INFO - Checking for new files in /opt/airflow/dags every 300 seconds
[2026-07-18T20:22:41.351+0000] {manager.py:737} INFO - Searching for files in /opt/airflow/dags
[2026-07-18T20:22:41.359+0000] {manager.py:740} INFO - There are 0 files in /opt/airflow/dags
[2026-07-18T20:27:42.268+0000] {manager.py:737} INFO - Searching for files in /opt/airflow/dags
[2026-07-18T20:27:42.334+0000] {manager.py:740} INFO - There are 0 files in /opt/airflow/dags
[2026-07-18T20:32:42.437+0000] {manager.py:737} INFO - Searching for files in /opt/airflow/dags
[2026-07-18T20:32:42.450+0000] {manager.py:740} INFO - There are 0 files in /opt/airflow/dags
[2026-07-18T20:37:43.380+0000] {manager.py:737} INFO - Searching for files in /opt/airflow/dags
[2026-07-18T20:37:43.403+0000] {manager.py:740} INFO - There are 0 files in /opt/airflow/dags
[2026-07-18T20:42:43.678+0000] {manager.py:737} INFO - Searching for files in /opt/airflow/dags
[2026-07-18T20:42:43.688+0000] {manager.py:740} INFO - There are 0 files in /opt/airflow/dags
[2026-07-18T20:47:44.647+0000] {manager.py:737} INFO - Searching for files in /opt/airflow/dags
[2026-07-18T20:47:44.690+0000] {manager.py:740} INFO - There are 0 files in /opt/airflow/dags
[2026-07-18T20:52:47.043+0000] {manager.py:470} INFO - Processing files using up to 2 processes at a time 
[2026-07-18T20:52:47.046+0000] {manager.py:471} INFO - Process each file at most once every 30 seconds
[2026-07-18T20:52:47.047+0000] {manager.py:472} INFO - Checking for new files in /opt/airflow/dags every 300 seconds
[2026-07-18T20:52:47.050+0000] {manager.py:737} INFO - Searching for files in /opt/airflow/dags
[2026-07-18T20:52:47.061+0000] {manager.py:740} INFO - There are 0 files in /opt/airflow/dags
[2026-07-18T20:57:47.251+0000] {manager.py:737} INFO - Searching for files in /opt/airflow/dags
[2026-07-18T20:57:47.282+0000] {manager.py:740} INFO - There are 0 files in /opt/airflow/dags
[2026-07-18T21:02:47.540+0000] {manager.py:737} INFO - Searching for files in /opt/airflow/dags
[2026-07-18T21:02:47.549+0000] {manager.py:740} INFO - There are 0 files in /opt/airflow/dags
[2026-07-18T21:07:47.774+0000] {manager.py:737} INFO - Searching for files in /opt/airflow/dags
[2026-07-18T21:07:47.793+0000] {manager.py:740} INFO - There are 0 files in /opt/airflow/dags
[2026-07-18T21:12:48.152+0000] {manager.py:737} INFO - Searching for files in /opt/airflow/dags
[2026-07-18T21:12:48.167+0000] {manager.py:740} INFO - There are 0 files in /opt/airflow/dags
[2026-07-18T21:17:48.657+0000] {manager.py:737} INFO - Searching for files in /opt/airflow/dags
[2026-07-18T21:17:48.678+0000] {manager.py:740} INFO - There are 0 files in /opt/airflow/dags
[2026-07-18T21:22:49.135+0000] {manager.py:737} INFO - Searching for files in /opt/airflow/dags
[2026-07-18T21:22:49.156+0000] {manager.py:740} INFO - There are 0 files in /opt/airflow/dags
[2026-07-18T21:27:49.329+0000] {manager.py:737} INFO - Searching for files in /opt/airflow/dags
[2026-07-18T21:27:49.347+0000] {manager.py:740} INFO - There are 0 files in /opt/airflow/dags
[2026-07-18T21:30:59.947+0000] {manager.py:452} INFO - Exiting gracefully upon receiving signal 15
[2026-07-19T17:01:11.114+0000] {manager.py:470} INFO - Processing files using up to 2 processes at a time 
[2026-07-19T17:01:11.117+0000] {manager.py:471} INFO - Process each file at most once every 30 seconds
[2026-07-19T17:01:11.119+0000] {manager.py:472} INFO - Checking for new files in /opt/airflow/dags every 300 seconds
[2026-07-19T17:01:11.120+0000] {manager.py:737} INFO - Searching for files in /opt/airflow/dags
[2026-07-19T17:01:11.130+0000] {manager.py:740} INFO - There are 0 files in /opt/airflow/dags
[2026-07-19T17:06:11.239+0000] {manager.py:737} INFO - Searching for files in /opt/airflow/dags
[2026-07-19T17:06:11.410+0000] {manager.py:740} INFO - There are 0 files in /opt/airflow/dags
[2026-07-19T17:11:11.663+0000] {manager.py:737} INFO - Searching for files in /opt/airflow/dags
[2026-07-19T17:11:11.679+0000] {manager.py:740} INFO - There are 0 files in /opt/airflow/dags
[2026-07-19T17:16:12.039+0000] {manager.py:737} INFO - Searching for files in /opt/airflow/dags
[2026-07-19T17:16:12.067+0000] {manager.py:740} INFO - There are 0 files in /opt/airflow/dags
[2026-07-19T17:19:51.348+0000] {manager.py:452} INFO - Exiting gracefully upon receiving signal 15
[2026-07-19T17:20:25.331+0000] {manager.py:470} INFO - Processing files using up to 2 processes at a time 
[2026-07-19T17:20:25.333+0000] {manager.py:471} INFO - Process each file at most once every 30 seconds
[2026-07-19T17:20:25.336+0000] {manager.py:472} INFO - Checking for new files in /opt/airflow/dags every 300 seconds
[2026-07-19T17:20:25.338+0000] {manager.py:737} INFO - Searching for files in /opt/airflow/dags
[2026-07-19T17:20:25.346+0000] {manager.py:740} INFO - There are 0 files in /opt/airflow/dags
[2026-07-19T17:25:25.587+0000] {manager.py:737} INFO - Searching for files in /opt/airflow/dags
[2026-07-19T17:25:25.694+0000] {manager.py:740} INFO - There are 1 files in /opt/airflow/dags
[2026-07-19T17:25:27.789+0000] {manager.py:878} INFO - 
================================================================================
DAG File Processing Stats

File Path                                   PID    Runtime      # DAGs    # Errors  Last Runtime    Last Run
------------------------------------------  -----  ---------  --------  ----------  --------------  -------------------
/opt/airflow/dags/daily_scrape_and_load.py                           0           1  1.03s           2026-07-19T17:25:26
================================================================================
[2026-07-19T17:25:58.014+0000] {manager.py:878} INFO - 
================================================================================
DAG File Processing Stats

File Path                                     PID  Runtime      # DAGs    # Errors  Last Runtime    Last Run
------------------------------------------  -----  ---------  --------  ----------  --------------  -------------------
/opt/airflow/dags/daily_scrape_and_load.py    193  1.01s             0           1  1.03s           2026-07-19T17:25:26
================================================================================
[2026-07-19T17:26:28.218+0000] {manager.py:878} INFO - 
================================================================================
DAG File Processing Stats

File Path                                     PID  Runtime      # DAGs    # Errors  Last Runtime    Last Run
------------------------------------------  -----  ---------  --------  ----------  --------------  -------------------
/opt/airflow/dags/daily_scrape_and_load.py    199  0.01s             0           1  1.06s           2026-07-19T17:25:58
================================================================================
[2026-07-19T17:26:58.411+0000] {manager.py:878} INFO - 
================================================================================
DAG File Processing Stats

File Path                                   PID    Runtime      # DAGs    # Errors  Last Runtime    Last Run
------------------------------------------  -----  ---------  --------  ----------  --------------  -------------------
/opt/airflow/dags/daily_scrape_and_load.py                           0           1  1.13s           2026-07-19T17:26:29
================================================================================
[2026-07-19T18:25:15.316+0000] {manager.py:737} INFO - Searching for files in /opt/airflow/dags
[2026-07-19T18:25:16.462+0000] {manager.py:740} INFO - There are 1 files in /opt/airflow/dags
[2026-07-19T18:25:23.265+0000] {manager.py:878} INFO - 
================================================================================
DAG File Processing Stats

File Path                                   PID    Runtime      # DAGs    # Errors  Last Runtime    Last Run
------------------------------------------  -----  ---------  --------  ----------  --------------  -------------------
/opt/airflow/dags/daily_scrape_and_load.py                           0           1  4.47s           2026-07-19T18:25:21
================================================================================
[2026-07-19T18:25:53.888+0000] {manager.py:878} INFO - 
================================================================================
DAG File Processing Stats

File Path                                   PID    Runtime      # DAGs    # Errors  Last Runtime    Last Run
------------------------------------------  -----  ---------  --------  ----------  --------------  -------------------
/opt/airflow/dags/daily_scrape_and_load.py                           0           1  1.60s           2026-07-19T18:25:53
================================================================================
[2026-08-12T16:34:22.982+0000] {manager.py:470} INFO - Processing files using up to 2 processes at a time 
[2026-08-12T16:34:22.989+0000] {manager.py:471} INFO - Process each file at most once every 30 seconds
[2026-08-12T16:34:22.998+0000] {manager.py:472} INFO - Checking for new files in /opt/airflow/dags every 300 seconds
[2026-08-12T16:34:23.001+0000] {manager.py:737} INFO - Searching for files in /opt/airflow/dags
[2026-08-12T16:34:23.078+0000] {manager.py:740} INFO - There are 1 files in /opt/airflow/dags
[2026-08-12T16:34:23.447+0000] {manager.py:878} INFO - 
================================================================================
DAG File Processing Stats

File Path                                     PID  Runtime      # DAGs    # Errors  Last Runtime    Last Run
------------------------------------------  -----  ---------  --------  ----------  --------------  ----------
/opt/airflow/dags/daily_scrape_and_load.py    164  0.16s             0           0
================================================================================
[2026-08-12T16:34:53.809+0000] {manager.py:878} INFO - 
================================================================================
DAG File Processing Stats

File Path                                   PID    Runtime      # DAGs    # Errors  Last Runtime    Last Run
------------------------------------------  -----  ---------  --------  ----------  --------------  -------------------
/opt/airflow/dags/daily_scrape_and_load.py                           0           1  4.76s           2026-08-12T16:34:28
================================================================================
[2026-08-12T16:35:24.164+0000] {manager.py:878} INFO - 
================================================================================
DAG File Processing Stats

File Path                                   PID    Runtime      # DAGs    # Errors  Last Runtime    Last Run
------------------------------------------  -----  ---------  --------  ----------  --------------  -------------------
/opt/airflow/dags/daily_scrape_and_load.py                           0           1  2.60s           2026-08-12T16:35:01
================================================================================
[2026-08-12T16:35:54.595+0000] {manager.py:878} INFO - 
================================================================================
DAG File Processing Stats

File Path                                   PID    Runtime      # DAGs    # Errors  Last Runtime    Last Run
------------------------------------------  -----  ---------  --------  ----------  --------------  -------------------
/opt/airflow/dags/daily_scrape_and_load.py                           0           1  1.66s           2026-08-12T16:35:32
================================================================================
[2026-08-12T16:36:24.963+0000] {manager.py:878} INFO - 
================================================================================
DAG File Processing Stats

File Path                                   PID    Runtime      # DAGs    # Errors  Last Runtime    Last Run
------------------------------------------  -----  ---------  --------  ----------  --------------  -------------------
/opt/airflow/dags/daily_scrape_and_load.py                           0           1  1.73s           2026-08-12T16:36:05
================================================================================
[2026-08-12T16:36:55.192+0000] {manager.py:878} INFO - 
================================================================================
DAG File Processing Stats

File Path                                   PID    Runtime      # DAGs    # Errors  Last Runtime    Last Run
------------------------------------------  -----  ---------  --------  ----------  --------------  -------------------
/opt/airflow/dags/daily_scrape_and_load.py                           0           1  1.88s           2026-08-12T16:36:36
================================================================================
[2026-08-12T16:37:25.419+0000] {manager.py:878} INFO - 
================================================================================
DAG File Processing Stats

File Path                                   PID    Runtime      # DAGs    # Errors  Last Runtime    Last Run
------------------------------------------  -----  ---------  --------  ----------  --------------  -------------------
/opt/airflow/dags/daily_scrape_and_load.py                           0           1  1.85s           2026-08-12T16:37:09
================================================================================
[2026-08-12T16:37:55.446+0000] {manager.py:878} INFO - 
================================================================================
DAG File Processing Stats

File Path                                   PID    Runtime      # DAGs    # Errors  Last Runtime    Last Run
------------------------------------------  -----  ---------  --------  ----------  --------------  -------------------
/opt/airflow/dags/daily_scrape_and_load.py                           0           1  1.94s           2026-08-12T16:37:41
================================================================================
[2026-08-12T16:38:25.938+0000] {manager.py:878} INFO - 
================================================================================
DAG File Processing Stats

File Path                                   PID    Runtime      # DAGs    # Errors  Last Runtime    Last Run
------------------------------------------  -----  ---------  --------  ----------  --------------  -------------------
/opt/airflow/dags/daily_scrape_and_load.py                           0           1  2.28s           2026-08-12T16:38:13
================================================================================
[2026-08-12T16:38:56.153+0000] {manager.py:878} INFO - 
================================================================================
DAG File Processing Stats

File Path                                   PID    Runtime      # DAGs    # Errors  Last Runtime    Last Run
------------------------------------------  -----  ---------  --------  ----------  --------------  -------------------
/opt/airflow/dags/daily_scrape_and_load.py                           0           1  2.76s           2026-08-12T16:38:47
================================================================================
[2026-08-12T16:39:23.526+0000] {manager.py:737} INFO - Searching for files in /opt/airflow/dags
[2026-08-12T16:39:23.585+0000] {manager.py:740} INFO - There are 1 files in /opt/airflow/dags
[2026-08-12T16:39:26.681+0000] {manager.py:878} INFO - 
================================================================================
DAG File Processing Stats

File Path                                   PID    Runtime      # DAGs    # Errors  Last Runtime    Last Run
------------------------------------------  -----  ---------  --------  ----------  --------------  -------------------
/opt/airflow/dags/daily_scrape_and_load.py                           0           1  2.15s           2026-08-12T16:39:19
================================================================================
[2026-08-12T16:39:56.828+0000] {manager.py:878} INFO - 
================================================================================
DAG File Processing Stats

File Path                                   PID    Runtime      # DAGs    # Errors  Last Runtime    Last Run
------------------------------------------  -----  ---------  --------  ----------  --------------  -------------------
/opt/airflow/dags/daily_scrape_and_load.py                           0           1  1.77s           2026-08-12T16:39:51
================================================================================
[2026-08-12T16:40:26.884+0000] {manager.py:878} INFO - 
================================================================================
DAG File Processing Stats

File Path                                   PID    Runtime      # DAGs    # Errors  Last Runtime    Last Run
------------------------------------------  -----  ---------  --------  ----------  --------------  -------------------
/opt/airflow/dags/daily_scrape_and_load.py                           0           1  0.75s           2026-08-12T16:40:22
================================================================================
[2026-08-12T16:40:56.956+0000] {manager.py:878} INFO - 
================================================================================
DAG File Processing Stats

File Path                                   PID    Runtime      # DAGs    # Errors  Last Runtime    Last Run
------------------------------------------  -----  ---------  --------  ----------  --------------  -------------------
/opt/airflow/dags/daily_scrape_and_load.py                           0           1  0.81s           2026-08-12T16:40:53
================================================================================
[2026-08-12T16:41:27.007+0000] {manager.py:878} INFO - 
================================================================================
DAG File Processing Stats

File Path                                   PID    Runtime      # DAGs    # Errors  Last Runtime    Last Run
------------------------------------------  -----  ---------  --------  ----------  --------------  -------------------
/opt/airflow/dags/daily_scrape_and_load.py                           0           1  0.80s           2026-08-12T16:41:24
================================================================================
[2026-08-12T16:41:57.114+0000] {manager.py:878} INFO - 
================================================================================
DAG File Processing Stats

File Path                                   PID    Runtime      # DAGs    # Errors  Last Runtime    Last Run
------------------------------------------  -----  ---------  --------  ----------  --------------  -------------------
/opt/airflow/dags/daily_scrape_and_load.py                           0           1  1.07s           2026-08-12T16:41:56
================================================================================
[2026-08-12T16:42:27.232+0000] {manager.py:878} INFO - 
================================================================================
DAG File Processing Stats

File Path                                   PID    Runtime      # DAGs    # Errors  Last Runtime    Last Run
------------------------------------------  -----  ---------  --------  ----------  --------------  -------------------
/opt/airflow/dags/daily_scrape_and_load.py                           0           1  0.81s           2026-08-12T16:42:27
================================================================================
[2026-08-12T16:42:57.479+0000] {manager.py:878} INFO - 
================================================================================
DAG File Processing Stats

File Path                                     PID  Runtime      # DAGs    # Errors  Last Runtime    Last Run
------------------------------------------  -----  ---------  --------  ----------  --------------  -------------------
/opt/airflow/dags/daily_scrape_and_load.py    260  0.01s             0           1  0.81s           2026-08-12T16:42:27
================================================================================
[2026-08-12T16:43:27.985+0000] {manager.py:878} INFO - 
================================================================================
DAG File Processing Stats

File Path                                   PID    Runtime      # DAGs    # Errors  Last Runtime    Last Run
------------------------------------------  -----  ---------  --------  ----------  --------------  -------------------
/opt/airflow/dags/daily_scrape_and_load.py                           0           1  0.75s           2026-08-12T16:42:58
================================================================================
[2026-08-12T16:43:57.989+0000] {manager.py:878} INFO - 
================================================================================
DAG File Processing Stats

File Path                                   PID    Runtime      # DAGs    # Errors  Last Runtime    Last Run
------------------------------------------  -----  ---------  --------  ----------  --------------  -------------------
/opt/airflow/dags/daily_scrape_and_load.py                           0           1  1.31s           2026-08-12T16:43:29
================================================================================
[2026-08-12T16:44:23.885+0000] {manager.py:737} INFO - Searching for files in /opt/airflow/dags
[2026-08-12T16:44:23.918+0000] {manager.py:740} INFO - There are 1 files in /opt/airflow/dags
[2026-08-12T16:44:27.981+0000] {manager.py:878} INFO - 
================================================================================
DAG File Processing Stats

File Path                                   PID    Runtime      # DAGs    # Errors  Last Runtime    Last Run
------------------------------------------  -----  ---------  --------  ----------  --------------  -------------------
/opt/airflow/dags/daily_scrape_and_load.py                           1           0  1.98s           2026-08-12T16:44:10
================================================================================
[2026-08-12T16:44:58.189+0000] {manager.py:878} INFO - 
================================================================================
DAG File Processing Stats

File Path                                   PID    Runtime      # DAGs    # Errors  Last Runtime    Last Run
------------------------------------------  -----  ---------  --------  ----------  --------------  -------------------
/opt/airflow/dags/daily_scrape_and_load.py                           1           0  0.93s           2026-08-12T16:44:42
================================================================================
[2026-08-12T16:45:28.361+0000] {manager.py:878} INFO - 
================================================================================
DAG File Processing Stats

File Path                                   PID    Runtime      # DAGs    # Errors  Last Runtime    Last Run
------------------------------------------  -----  ---------  --------  ----------  --------------  -------------------
/opt/airflow/dags/daily_scrape_and_load.py                           1           0  0.86s           2026-08-12T16:45:13
================================================================================
[2026-08-12T16:45:58.517+0000] {manager.py:878} INFO - 
================================================================================
DAG File Processing Stats

File Path                                   PID    Runtime      # DAGs    # Errors  Last Runtime    Last Run
------------------------------------------  -----  ---------  --------  ----------  --------------  -------------------
/opt/airflow/dags/daily_scrape_and_load.py                           1           0  0.85s           2026-08-12T16:45:44
================================================================================
[2026-08-12T16:46:28.716+0000] {manager.py:878} INFO - 
================================================================================
DAG File Processing Stats

File Path                                   PID    Runtime      # DAGs    # Errors  Last Runtime    Last Run
------------------------------------------  -----  ---------  --------  ----------  --------------  -------------------
/opt/airflow/dags/daily_scrape_and_load.py                           1           0  0.91s           2026-08-12T16:46:15
================================================================================
[2026-08-12T16:46:58.826+0000] {manager.py:878} INFO - 
================================================================================
DAG File Processing Stats

File Path                                   PID    Runtime      # DAGs    # Errors  Last Runtime    Last Run
------------------------------------------  -----  ---------  --------  ----------  --------------  -------------------
/opt/airflow/dags/daily_scrape_and_load.py                           1           0  0.92s           2026-08-12T16:46:46
================================================================================
[2026-08-12T16:47:29.001+0000] {manager.py:878} INFO - 
================================================================================
DAG File Processing Stats

File Path                                   PID    Runtime      # DAGs    # Errors  Last Runtime    Last Run
------------------------------------------  -----  ---------  --------  ----------  --------------  -------------------
/opt/airflow/dags/daily_scrape_and_load.py                           1           0  0.96s           2026-08-12T16:47:17
================================================================================
[2026-08-12T16:47:59.264+0000] {manager.py:878} INFO - 
================================================================================
DAG File Processing Stats

File Path                                   PID    Runtime      # DAGs    # Errors  Last Runtime    Last Run
------------------------------------------  -----  ---------  --------  ----------  --------------  -------------------
/opt/airflow/dags/daily_scrape_and_load.py                           1           0  0.83s           2026-08-12T16:47:49
================================================================================
[2026-08-12T16:48:29.546+0000] {manager.py:878} INFO - 
================================================================================
DAG File Processing Stats

File Path                                   PID    Runtime      # DAGs    # Errors  Last Runtime    Last Run
------------------------------------------  -----  ---------  --------  ----------  --------------  -------------------
/opt/airflow/dags/daily_scrape_and_load.py                           1           0  0.92s           2026-08-12T16:48:20
================================================================================
[2026-08-12T16:48:59.905+0000] {manager.py:878} INFO - 
================================================================================
DAG File Processing Stats

File Path                                   PID    Runtime      # DAGs    # Errors  Last Runtime    Last Run
------------------------------------------  -----  ---------  --------  ----------  --------------  -------------------
/opt/airflow/dags/daily_scrape_and_load.py                           1           0  0.82s           2026-08-12T16:48:51
================================================================================
[2026-08-12T16:49:24.108+0000] {manager.py:737} INFO - Searching for files in /opt/airflow/dags
[2026-08-12T16:49:24.128+0000] {manager.py:740} INFO - There are 1 files in /opt/airflow/dags
[2026-08-12T16:49:30.237+0000] {manager.py:878} INFO - 
================================================================================
DAG File Processing Stats

File Path                                   PID    Runtime      # DAGs    # Errors  Last Runtime    Last Run
------------------------------------------  -----  ---------  --------  ----------  --------------  -------------------
/opt/airflow/dags/daily_scrape_and_load.py                           1           0  0.82s           2026-08-12T16:49:22
================================================================================
[2026-08-12T16:50:00.567+0000] {manager.py:878} INFO - 
================================================================================
DAG File Processing Stats

File Path                                   PID    Runtime      # DAGs    # Errors  Last Runtime    Last Run
------------------------------------------  -----  ---------  --------  ----------  --------------  -------------------
/opt/airflow/dags/daily_scrape_and_load.py                           1           0  0.89s           2026-08-12T16:49:53
================================================================================
[2026-08-12T16:50:30.776+0000] {manager.py:878} INFO - 
================================================================================
DAG File Processing Stats

File Path                                   PID    Runtime      # DAGs    # Errors  Last Runtime    Last Run
------------------------------------------  -----  ---------  --------  ----------  --------------  -------------------
/opt/airflow/dags/daily_scrape_and_load.py                           1           0  0.89s           2026-08-12T16:50:24
================================================================================
[2026-08-12T16:51:00.995+0000] {manager.py:878} INFO - 
================================================================================
DAG File Processing Stats

File Path                                   PID    Runtime      # DAGs    # Errors  Last Runtime    Last Run
------------------------------------------  -----  ---------  --------  ----------  --------------  -------------------
/opt/airflow/dags/daily_scrape_and_load.py                           1           0  0.83s           2026-08-12T16:50:55
================================================================================
[2026-08-12T16:51:31.228+0000] {manager.py:878} INFO - 
================================================================================
DAG File Processing Stats

File Path                                   PID    Runtime      # DAGs    # Errors  Last Runtime    Last Run
------------------------------------------  -----  ---------  --------  ----------  --------------  -------------------
/opt/airflow/dags/daily_scrape_and_load.py                           1           0  1.01s           2026-08-12T16:51:27
================================================================================
[2026-08-12T16:52:01.321+0000] {manager.py:878} INFO - 
================================================================================
DAG File Processing Stats

File Path                                   PID    Runtime      # DAGs    # Errors  Last Runtime    Last Run
------------------------------------------  -----  ---------  --------  ----------  --------------  -------------------
/opt/airflow/dags/daily_scrape_and_load.py                           1           0  0.77s           2026-08-12T16:51:58
================================================================================
[2026-08-12T16:52:31.343+0000] {manager.py:878} INFO - 
================================================================================
DAG File Processing Stats

File Path                                   PID    Runtime      # DAGs    # Errors  Last Runtime    Last Run
------------------------------------------  -----  ---------  --------  ----------  --------------  -------------------
/opt/airflow/dags/daily_scrape_and_load.py                           1           0  0.87s           2026-08-12T16:52:09
================================================================================
[2026-08-12T16:53:01.493+0000] {manager.py:878} INFO - 
================================================================================
DAG File Processing Stats

File Path                                   PID    Runtime      # DAGs    # Errors  Last Runtime    Last Run
------------------------------------------  -----  ---------  --------  ----------  --------------  -------------------
/opt/airflow/dags/daily_scrape_and_load.py                           1           0  0.82s           2026-08-12T16:52:40
================================================================================
[2026-08-12T16:53:31.749+0000] {manager.py:878} INFO - 
================================================================================
DAG File Processing Stats

File Path                                   PID    Runtime      # DAGs    # Errors  Last Runtime    Last Run
------------------------------------------  -----  ---------  --------  ----------  --------------  -------------------
/opt/airflow/dags/daily_scrape_and_load.py                           1           0  1.00s           2026-08-12T16:53:11
================================================================================
[2026-08-12T16:54:01.952+0000] {manager.py:878} INFO - 
================================================================================
DAG File Processing Stats

File Path                                   PID    Runtime      # DAGs    # Errors  Last Runtime    Last Run
------------------------------------------  -----  ---------  --------  ----------  --------------  -------------------
/opt/airflow/dags/daily_scrape_and_load.py                           1           0  0.97s           2026-08-12T16:53:42
================================================================================
[2026-08-12T16:54:24.414+0000] {manager.py:737} INFO - Searching for files in /opt/airflow/dags
[2026-08-12T16:54:24.449+0000] {manager.py:740} INFO - There are 1 files in /opt/airflow/dags
[2026-08-12T16:54:32.039+0000] {manager.py:878} INFO - 
================================================================================
DAG File Processing Stats

File Path                                   PID    Runtime      # DAGs    # Errors  Last Runtime    Last Run
------------------------------------------  -----  ---------  --------  ----------  --------------  -------------------
/opt/airflow/dags/daily_scrape_and_load.py                           1           0  0.80s           2026-08-12T16:54:13
================================================================================
[2026-08-12T16:55:02.051+0000] {manager.py:878} INFO - 
================================================================================
DAG File Processing Stats

File Path                                   PID    Runtime      # DAGs    # Errors  Last Runtime    Last Run
------------------------------------------  -----  ---------  --------  ----------  --------------  -------------------
/opt/airflow/dags/daily_scrape_and_load.py                           1           0  0.76s           2026-08-12T16:54:44
================================================================================
[2026-08-12T16:55:32.408+0000] {manager.py:878} INFO - 
================================================================================
DAG File Processing Stats

File Path                                   PID    Runtime      # DAGs    # Errors  Last Runtime    Last Run
------------------------------------------  -----  ---------  --------  ----------  --------------  -------------------
/opt/airflow/dags/daily_scrape_and_load.py                           1           0  1.32s           2026-08-12T16:55:16
================================================================================
[2026-08-12T16:56:03.100+0000] {manager.py:878} INFO - 
================================================================================
DAG File Processing Stats

File Path                                   PID    Runtime      # DAGs    # Errors  Last Runtime    Last Run
------------------------------------------  -----  ---------  --------  ----------  --------------  -------------------
/opt/airflow/dags/daily_scrape_and_load.py                           1           0  1.44s           2026-08-12T16:55:48
================================================================================
[2026-08-12T16:56:33.386+0000] {manager.py:878} INFO - 
================================================================================
DAG File Processing Stats

File Path                                   PID    Runtime      # DAGs    # Errors  Last Runtime    Last Run
------------------------------------------  -----  ---------  --------  ----------  --------------  -------------------
/opt/airflow/dags/daily_scrape_and_load.py                           1           0  1.89s           2026-08-12T16:56:20
================================================================================
[2026-08-12T16:57:03.422+0000] {manager.py:878} INFO - 
================================================================================
DAG File Processing Stats

File Path                                   PID    Runtime      # DAGs    # Errors  Last Runtime    Last Run
------------------------------------------  -----  ---------  --------  ----------  --------------  -------------------
/opt/airflow/dags/daily_scrape_and_load.py                           1           0  2.63s           2026-08-12T16:56:53
================================================================================
[2026-08-12T16:57:33.856+0000] {manager.py:878} INFO - 
================================================================================
DAG File Processing Stats

File Path                                   PID    Runtime      # DAGs    # Errors  Last Runtime    Last Run
------------------------------------------  -----  ---------  --------  ----------  --------------  -------------------
/opt/airflow/dags/daily_scrape_and_load.py                           1           0  1.46s           2026-08-12T16:57:25
================================================================================
[2026-08-12T16:58:04.594+0000] {manager.py:878} INFO - 
================================================================================
DAG File Processing Stats

File Path                                   PID    Runtime      # DAGs    # Errors  Last Runtime    Last Run
------------------------------------------  -----  ---------  --------  ----------  --------------  -------------------
/opt/airflow/dags/daily_scrape_and_load.py                           1           0  1.02s           2026-08-12T16:57:56
================================================================================
[2026-08-12T16:58:34.674+0000] {manager.py:878} INFO - 
================================================================================
DAG File Processing Stats

File Path                                   PID    Runtime      # DAGs    # Errors  Last Runtime    Last Run
------------------------------------------  -----  ---------  --------  ----------  --------------  -------------------
/opt/airflow/dags/daily_scrape_and_load.py                           1           0  0.80s           2026-08-12T16:58:27
================================================================================
[2026-08-12T16:59:04.746+0000] {manager.py:878} INFO - 
================================================================================
DAG File Processing Stats

File Path                                   PID    Runtime      # DAGs    # Errors  Last Runtime    Last Run
------------------------------------------  -----  ---------  --------  ----------  --------------  -------------------
/opt/airflow/dags/daily_scrape_and_load.py                           1           0  0.87s           2026-08-12T16:58:58
================================================================================
[2026-08-12T16:59:24.889+0000] {manager.py:737} INFO - Searching for files in /opt/airflow/dags
[2026-08-12T16:59:24.926+0000] {manager.py:740} INFO - There are 1 files in /opt/airflow/dags
[2026-08-12T16:59:35.332+0000] {manager.py:878} INFO - 
================================================================================
DAG File Processing Stats

File Path                                   PID    Runtime      # DAGs    # Errors  Last Runtime    Last Run
------------------------------------------  -----  ---------  --------  ----------  --------------  -------------------
/opt/airflow/dags/daily_scrape_and_load.py                           1           0  2.34s           2026-08-12T16:59:31
================================================================================
[2026-08-12T17:00:05.536+0000] {manager.py:878} INFO - 
================================================================================
DAG File Processing Stats

File Path                                   PID    Runtime      # DAGs    # Errors  Last Runtime    Last Run
------------------------------------------  -----  ---------  --------  ----------  --------------  -------------------
/opt/airflow/dags/daily_scrape_and_load.py                           1           0  0.93s           2026-08-12T17:00:02
================================================================================
[2026-08-12T17:00:35.689+0000] {manager.py:878} INFO - 
================================================================================
DAG File Processing Stats

File Path                                   PID    Runtime      # DAGs    # Errors  Last Runtime    Last Run
------------------------------------------  -----  ---------  --------  ----------  --------------  -------------------
/opt/airflow/dags/daily_scrape_and_load.py                           1           0  0.92s           2026-08-12T17:00:33
================================================================================
[2026-08-12T17:01:05.999+0000] {manager.py:878} INFO - 
================================================================================
DAG File Processing Stats

File Path                                     PID  Runtime      # DAGs    # Errors  Last Runtime    Last Run
------------------------------------------  -----  ---------  --------  ----------  --------------  -------------------
/opt/airflow/dags/daily_scrape_and_load.py    552  2.10s             1           0  0.92s           2026-08-12T17:00:33
================================================================================
[2026-08-12T17:01:36.310+0000] {manager.py:878} INFO - 
================================================================================
DAG File Processing Stats

File Path                                   PID    Runtime      # DAGs    # Errors  Last Runtime    Last Run
------------------------------------------  -----  ---------  --------  ----------  --------------  -------------------
/opt/airflow/dags/daily_scrape_and_load.py                           1           0  3.72s           2026-08-12T17:01:07
================================================================================
[2026-08-12T17:02:07.236+0000] {manager.py:878} INFO - 
================================================================================
DAG File Processing Stats

File Path                                   PID    Runtime      # DAGs    # Errors  Last Runtime    Last Run
------------------------------------------  -----  ---------  --------  ----------  --------------  -------------------
/opt/airflow/dags/daily_scrape_and_load.py                           1           0  1.10s           2026-08-12T17:01:39
================================================================================
[2026-08-12T17:02:37.492+0000] {manager.py:878} INFO - 
================================================================================
DAG File Processing Stats

File Path                                   PID    Runtime      # DAGs    # Errors  Last Runtime    Last Run
------------------------------------------  -----  ---------  --------  ----------  --------------  -------------------
/opt/airflow/dags/daily_scrape_and_load.py                           1           0  0.95s           2026-08-12T17:02:10
================================================================================
[2026-08-12T17:03:07.721+0000] {manager.py:878} INFO - 
================================================================================
DAG File Processing Stats

File Path                                   PID    Runtime      # DAGs    # Errors  Last Runtime    Last Run
------------------------------------------  -----  ---------  --------  ----------  --------------  -------------------
/opt/airflow/dags/daily_scrape_and_load.py                           1           0  0.89s           2026-08-12T17:02:41
================================================================================
[2026-08-12T17:03:38.157+0000] {manager.py:878} INFO - 
================================================================================
DAG File Processing Stats

File Path                                   PID    Runtime      # DAGs    # Errors  Last Runtime    Last Run
------------------------------------------  -----  ---------  --------  ----------  --------------  -------------------
/opt/airflow/dags/daily_scrape_and_load.py                           1           0  1.40s           2026-08-12T17:03:13
================================================================================
[2026-08-12T17:04:08.324+0000] {manager.py:878} INFO - 
================================================================================
DAG File Processing Stats

File Path                                   PID    Runtime      # DAGs    # Errors  Last Runtime    Last Run
------------------------------------------  -----  ---------  --------  ----------  --------------  -------------------
/opt/airflow/dags/daily_scrape_and_load.py                           1           0  0.92s           2026-08-12T17:03:44
================================================================================
[2026-08-12T17:04:25.426+0000] {manager.py:737} INFO - Searching for files in /opt/airflow/dags
[2026-08-12T17:04:25.448+0000] {manager.py:740} INFO - There are 1 files in /opt/airflow/dags
[2026-08-12T17:04:38.549+0000] {manager.py:878} INFO - 
================================================================================
DAG File Processing Stats

File Path                                   PID    Runtime      # DAGs    # Errors  Last Runtime    Last Run
------------------------------------------  -----  ---------  --------  ----------  --------------  -------------------
/opt/airflow/dags/daily_scrape_and_load.py                           1           0  2.97s           2026-08-12T17:04:17
================================================================================
[2026-08-12T17:05:08.694+0000] {manager.py:878} INFO - 
================================================================================
DAG File Processing Stats

File Path                                   PID    Runtime      # DAGs    # Errors  Last Runtime    Last Run
------------------------------------------  -----  ---------  --------  ----------  --------------  -------------------
/opt/airflow/dags/daily_scrape_and_load.py                           1           0  0.85s           2026-08-12T17:04:48
================================================================================
[2026-08-12T17:05:38.792+0000] {manager.py:878} INFO - 
================================================================================
DAG File Processing Stats

File Path                                   PID    Runtime      # DAGs    # Errors  Last Runtime    Last Run
------------------------------------------  -----  ---------  --------  ----------  --------------  -------------------
/opt/airflow/dags/daily_scrape_and_load.py                           1           0  0.80s           2026-08-12T17:05:19
================================================================================
[2026-08-12T17:06:08.894+0000] {manager.py:878} INFO - 
================================================================================
DAG File Processing Stats

File Path                                   PID    Runtime      # DAGs    # Errors  Last Runtime    Last Run
------------------------------------------  -----  ---------  --------  ----------  --------------  -------------------
/opt/airflow/dags/daily_scrape_and_load.py                           1           0  0.86s           2026-08-12T17:05:50
================================================================================
[2026-08-12T17:06:38.977+0000] {manager.py:878} INFO - 
================================================================================
DAG File Processing Stats

File Path                                   PID    Runtime      # DAGs    # Errors  Last Runtime    Last Run
------------------------------------------  -----  ---------  --------  ----------  --------------  -------------------
/opt/airflow/dags/daily_scrape_and_load.py                           1           0  0.87s           2026-08-12T17:06:21
================================================================================
[2026-08-12T17:07:09.227+0000] {manager.py:878} INFO - 
================================================================================
DAG File Processing Stats

File Path                                   PID    Runtime      # DAGs    # Errors  Last Runtime    Last Run
------------------------------------------  -----  ---------  --------  ----------  --------------  -------------------
/opt/airflow/dags/daily_scrape_and_load.py                           1           0  0.83s           2026-08-12T17:06:52
================================================================================
[2026-08-12T17:07:39.259+0000] {manager.py:878} INFO - 
================================================================================
DAG File Processing Stats

File Path                                   PID    Runtime      # DAGs    # Errors  Last Runtime    Last Run
------------------------------------------  -----  ---------  --------  ----------  --------------  -------------------
/opt/airflow/dags/daily_scrape_and_load.py                           1           0  0.99s           2026-08-12T17:07:24
================================================================================
[2026-08-12T17:08:09.449+0000] {manager.py:878} INFO - 
================================================================================
DAG File Processing Stats

File Path                                   PID    Runtime      # DAGs    # Errors  Last Runtime    Last Run
------------------------------------------  -----  ---------  --------  ----------  --------------  -------------------
/opt/airflow/dags/daily_scrape_and_load.py                           1           0  0.85s           2026-08-12T17:07:55
================================================================================
[2026-08-12T17:08:39.503+0000] {manager.py:878} INFO - 
================================================================================
DAG File Processing Stats

File Path                                   PID    Runtime      # DAGs    # Errors  Last Runtime    Last Run
------------------------------------------  -----  ---------  --------  ----------  --------------  -------------------
/opt/airflow/dags/daily_scrape_and_load.py                           1           0  0.81s           2026-08-12T17:08:26
================================================================================
[2026-08-12T17:09:09.532+0000] {manager.py:878} INFO - 
================================================================================
DAG File Processing Stats

File Path                                   PID    Runtime      # DAGs    # Errors  Last Runtime    Last Run
------------------------------------------  -----  ---------  --------  ----------  --------------  -------------------
/opt/airflow/dags/daily_scrape_and_load.py                           1           0  6.96s           2026-08-12T17:09:04
================================================================================
[2026-08-12T17:09:25.654+0000] {manager.py:737} INFO - Searching for files in /opt/airflow/dags
[2026-08-12T17:09:25.707+0000] {manager.py:740} INFO - There are 1 files in /opt/airflow/dags
[2026-08-12T17:09:39.562+0000] {manager.py:878} INFO - 
================================================================================
DAG File Processing Stats

File Path                                   PID    Runtime      # DAGs    # Errors  Last Runtime    Last Run
------------------------------------------  -----  ---------  --------  ----------  --------------  -------------------
/opt/airflow/dags/daily_scrape_and_load.py                           1           0  1.14s           2026-08-12T17:09:35
================================================================================
[2026-08-12T17:10:09.614+0000] {manager.py:878} INFO - 
================================================================================
DAG File Processing Stats

File Path                                   PID    Runtime      # DAGs    # Errors  Last Runtime    Last Run
------------------------------------------  -----  ---------  --------  ----------  --------------  -------------------
/opt/airflow/dags/daily_scrape_and_load.py                           1           0  0.84s           2026-08-12T17:10:06
================================================================================
[2026-08-12T17:10:39.710+0000] {manager.py:878} INFO - 
================================================================================
DAG File Processing Stats

File Path                                   PID    Runtime      # DAGs    # Errors  Last Runtime    Last Run
------------------------------------------  -----  ---------  --------  ----------  --------------  -------------------
/opt/airflow/dags/daily_scrape_and_load.py                           1           0  0.79s           2026-08-12T17:10:37
================================================================================
[2026-08-12T17:11:09.769+0000] {manager.py:878} INFO - 
================================================================================
DAG File Processing Stats

File Path                                   PID    Runtime      # DAGs    # Errors  Last Runtime    Last Run
------------------------------------------  -----  ---------  --------  ----------  --------------  -------------------
/opt/airflow/dags/daily_scrape_and_load.py                           1           0  0.79s           2026-08-12T17:11:08
================================================================================
[2026-08-12T17:11:39.867+0000] {manager.py:878} INFO - 
================================================================================
DAG File Processing Stats

File Path                                   PID    Runtime      # DAGs    # Errors  Last Runtime    Last Run
------------------------------------------  -----  ---------  --------  ----------  --------------  -------------------
/opt/airflow/dags/daily_scrape_and_load.py                           1           0  0.81s           2026-08-12T17:11:39
================================================================================
[2026-08-12T17:12:09.910+0000] {manager.py:878} INFO - 
================================================================================
DAG File Processing Stats

File Path                                     PID  Runtime      # DAGs    # Errors  Last Runtime    Last Run
------------------------------------------  -----  ---------  --------  ----------  --------------  -------------------
/opt/airflow/dags/daily_scrape_and_load.py    710  0.01s             1           0  0.81s           2026-08-12T17:11:39
================================================================================
[2026-08-12T17:12:39.939+0000] {manager.py:878} INFO - 
================================================================================
DAG File Processing Stats

File Path                                   PID    Runtime      # DAGs    # Errors  Last Runtime    Last Run
------------------------------------------  -----  ---------  --------  ----------  --------------  -------------------
/opt/airflow/dags/daily_scrape_and_load.py                           1           0  0.77s           2026-08-12T17:12:10
================================================================================
[2026-08-12T17:13:10.032+0000] {manager.py:878} INFO - 
================================================================================
DAG File Processing Stats

File Path                                   PID    Runtime      # DAGs    # Errors  Last Runtime    Last Run
------------------------------------------  -----  ---------  --------  ----------  --------------  -------------------
/opt/airflow/dags/daily_scrape_and_load.py                           1           0  0.78s           2026-08-12T17:12:41
================================================================================
[2026-08-12T17:13:40.355+0000] {manager.py:878} INFO - 
================================================================================
DAG File Processing Stats

File Path                                   PID    Runtime      # DAGs    # Errors  Last Runtime    Last Run
------------------------------------------  -----  ---------  --------  ----------  --------------  -------------------
/opt/airflow/dags/daily_scrape_and_load.py                           1           0  0.78s           2026-08-12T17:13:12
================================================================================
[2026-08-12T17:14:10.717+0000] {manager.py:878} INFO - 
================================================================================
DAG File Processing Stats

File Path                                   PID    Runtime      # DAGs    # Errors  Last Runtime    Last Run
------------------------------------------  -----  ---------  --------  ----------  --------------  -------------------
/opt/airflow/dags/daily_scrape_and_load.py                           1           0  0.77s           2026-08-12T17:13:43
================================================================================
[2026-08-12T17:14:25.873+0000] {manager.py:737} INFO - Searching for files in /opt/airflow/dags
[2026-08-12T17:14:25.901+0000] {manager.py:740} INFO - There are 1 files in /opt/airflow/dags
[2026-08-12T17:14:41.064+0000] {manager.py:878} INFO - 
================================================================================
DAG File Processing Stats

File Path                                   PID    Runtime      # DAGs    # Errors  Last Runtime    Last Run
------------------------------------------  -----  ---------  --------  ----------  --------------  -------------------
/opt/airflow/dags/daily_scrape_and_load.py                           1           0  0.79s           2026-08-12T17:14:14
================================================================================
[2026-08-12T17:15:11.230+0000] {manager.py:878} INFO - 
================================================================================
DAG File Processing Stats

File Path                                   PID    Runtime      # DAGs    # Errors  Last Runtime    Last Run
------------------------------------------  -----  ---------  --------  ----------  --------------  -------------------
/opt/airflow/dags/daily_scrape_and_load.py                           1           0  0.81s           2026-08-12T17:14:45
================================================================================
[2026-08-12T17:15:41.429+0000] {manager.py:878} INFO - 
================================================================================
DAG File Processing Stats

File Path                                   PID    Runtime      # DAGs    # Errors  Last Runtime    Last Run
------------------------------------------  -----  ---------  --------  ----------  --------------  -------------------
/opt/airflow/dags/daily_scrape_and_load.py                           1           0  0.77s           2026-08-12T17:15:17
================================================================================
[2026-08-12T17:16:11.622+0000] {manager.py:878} INFO - 
================================================================================
DAG File Processing Stats

File Path                                   PID    Runtime      # DAGs    # Errors  Last Runtime    Last Run
------------------------------------------  -----  ---------  --------  ----------  --------------  -------------------
/opt/airflow/dags/daily_scrape_and_load.py                           1           0  0.81s           2026-08-12T17:15:48
================================================================================
[2026-08-12T17:16:41.750+0000] {manager.py:878} INFO - 
================================================================================
DAG File Processing Stats

File Path                                   PID    Runtime      # DAGs    # Errors  Last Runtime    Last Run
------------------------------------------  -----  ---------  --------  ----------  --------------  -------------------
/opt/airflow/dags/daily_scrape_and_load.py                           1           0  0.77s           2026-08-12T17:16:19
================================================================================
[2026-08-12T17:17:11.857+0000] {manager.py:878} INFO - 
================================================================================
DAG File Processing Stats

File Path                                   PID    Runtime      # DAGs    # Errors  Last Runtime    Last Run
------------------------------------------  -----  ---------  --------  ----------  --------------  -------------------
/opt/airflow/dags/daily_scrape_and_load.py                           1           0  0.77s           2026-08-12T17:16:50
================================================================================
[2026-08-12T17:17:42.184+0000] {manager.py:878} INFO - 
================================================================================
DAG File Processing Stats

File Path                                   PID    Runtime      # DAGs    # Errors  Last Runtime    Last Run
------------------------------------------  -----  ---------  --------  ----------  --------------  -------------------
/opt/airflow/dags/daily_scrape_and_load.py                           1           0  0.81s           2026-08-12T17:17:21
================================================================================
[2026-08-12T17:18:12.366+0000] {manager.py:878} INFO - 
================================================================================
DAG File Processing Stats

File Path                                   PID    Runtime      # DAGs    # Errors  Last Runtime    Last Run
------------------------------------------  -----  ---------  --------  ----------  --------------  -------------------
/opt/airflow/dags/daily_scrape_and_load.py                           1           0  0.88s           2026-08-12T17:17:52
================================================================================
[2026-08-12T17:18:43.264+0000] {manager.py:878} INFO - 
================================================================================
DAG File Processing Stats

File Path                                   PID    Runtime      # DAGs    # Errors  Last Runtime    Last Run
------------------------------------------  -----  ---------  --------  ----------  --------------  -------------------
/opt/airflow/dags/daily_scrape_and_load.py                           1           0  1.07s           2026-08-12T17:18:24
================================================================================
[2026-08-12T17:19:13.495+0000] {manager.py:878} INFO - 
================================================================================
DAG File Processing Stats

File Path                                   PID    Runtime      # DAGs    # Errors  Last Runtime    Last Run
------------------------------------------  -----  ---------  --------  ----------  --------------  -------------------
/opt/airflow/dags/daily_scrape_and_load.py                           1           0  0.99s           2026-08-12T17:18:55
================================================================================
[2026-08-12T17:19:26.502+0000] {manager.py:737} INFO - Searching for files in /opt/airflow/dags
[2026-08-12T17:19:26.523+0000] {manager.py:740} INFO - There are 1 files in /opt/airflow/dags
[2026-08-12T17:19:43.712+0000] {manager.py:878} INFO - 
================================================================================
DAG File Processing Stats

File Path                                   PID    Runtime      # DAGs    # Errors  Last Runtime    Last Run
------------------------------------------  -----  ---------  --------  ----------  --------------  -------------------
/opt/airflow/dags/daily_scrape_and_load.py                           1           0  0.91s           2026-08-12T17:19:26
================================================================================
[2026-08-12T17:20:13.926+0000] {manager.py:878} INFO - 
================================================================================
DAG File Processing Stats

File Path                                   PID    Runtime      # DAGs    # Errors  Last Runtime    Last Run
------------------------------------------  -----  ---------  --------  ----------  --------------  -------------------
/opt/airflow/dags/daily_scrape_and_load.py                           1           0  0.92s           2026-08-12T17:19:57
================================================================================
[2026-08-12T17:20:44.152+0000] {manager.py:878} INFO - 
================================================================================
DAG File Processing Stats

File Path                                   PID    Runtime      # DAGs    # Errors  Last Runtime    Last Run
------------------------------------------  -----  ---------  --------  ----------  --------------  -------------------
/opt/airflow/dags/daily_scrape_and_load.py                           1           0  0.98s           2026-08-12T17:20:29
================================================================================
[2026-08-12T17:21:14.415+0000] {manager.py:878} INFO - 
================================================================================
DAG File Processing Stats

File Path                                   PID    Runtime      # DAGs    # Errors  Last Runtime    Last Run
------------------------------------------  -----  ---------  --------  ----------  --------------  -------------------
/opt/airflow/dags/daily_scrape_and_load.py                           1           0  1.04s           2026-08-12T17:21:00
================================================================================
[2026-08-12T17:21:44.468+0000] {manager.py:878} INFO - 
================================================================================
DAG File Processing Stats

File Path                                   PID    Runtime      # DAGs    # Errors  Last Runtime    Last Run
------------------------------------------  -----  ---------  --------  ----------  --------------  -------------------
/opt/airflow/dags/daily_scrape_and_load.py                           1           0  0.77s           2026-08-12T17:21:31
================================================================================
[2026-08-12T17:22:14.598+0000] {manager.py:878} INFO - 
================================================================================
DAG File Processing Stats

File Path                                   PID    Runtime      # DAGs    # Errors  Last Runtime    Last Run
------------------------------------------  -----  ---------  --------  ----------  --------------  -------------------
/opt/airflow/dags/daily_scrape_and_load.py                           1           0  0.85s           2026-08-12T17:22:02
================================================================================
[2026-08-12T17:22:44.905+0000] {manager.py:878} INFO - 
================================================================================
DAG File Processing Stats

File Path                                   PID    Runtime      # DAGs    # Errors  Last Runtime    Last Run
------------------------------------------  -----  ---------  --------  ----------  --------------  -------------------
/opt/airflow/dags/daily_scrape_and_load.py                           1           0  1.01s           2026-08-12T17:22:33
================================================================================
[2026-08-12T17:23:15.421+0000] {manager.py:878} INFO - 
================================================================================
DAG File Processing Stats

File Path                                   PID    Runtime      # DAGs    # Errors  Last Runtime    Last Run
------------------------------------------  -----  ---------  --------  ----------  --------------  -------------------
/opt/airflow/dags/daily_scrape_and_load.py                           1           0  1.59s           2026-08-12T17:23:05
================================================================================
[2026-08-12T17:23:45.956+0000] {manager.py:878} INFO - 
================================================================================
DAG File Processing Stats

File Path                                   PID    Runtime      # DAGs    # Errors  Last Runtime    Last Run
------------------------------------------  -----  ---------  --------  ----------  --------------  -------------------
/opt/airflow/dags/daily_scrape_and_load.py                           1           0  5.38s           2026-08-12T17:23:41
================================================================================
[2026-08-12T17:24:16.430+0000] {manager.py:878} INFO - 
================================================================================
DAG File Processing Stats

File Path                                     PID  Runtime      # DAGs    # Errors  Last Runtime    Last Run
------------------------------------------  -----  ---------  --------  ----------  --------------  -------------------
/opt/airflow/dags/daily_scrape_and_load.py    879  4.83s             1           0  5.38s           2026-08-12T17:23:41
================================================================================
[2026-08-12T17:24:26.963+0000] {manager.py:737} INFO - Searching for files in /opt/airflow/dags
[2026-08-12T17:24:26.999+0000] {manager.py:740} INFO - There are 1 files in /opt/airflow/dags
[2026-08-12T17:24:46.554+0000] {manager.py:878} INFO - 
================================================================================
DAG File Processing Stats

File Path                                   PID    Runtime      # DAGs    # Errors  Last Runtime    Last Run
------------------------------------------  -----  ---------  --------  ----------  --------------  -------------------
/opt/airflow/dags/daily_scrape_and_load.py                           1           0  7.91s           2026-08-12T17:24:19
================================================================================
[2026-08-12T17:25:16.753+0000] {manager.py:878} INFO - 
================================================================================
DAG File Processing Stats

File Path                                   PID    Runtime      # DAGs    # Errors  Last Runtime    Last Run
------------------------------------------  -----  ---------  --------  ----------  --------------  -------------------
/opt/airflow/dags/daily_scrape_and_load.py                           1           0  6.41s           2026-08-12T17:24:55
================================================================================
[2026-08-12T17:25:46.929+0000] {manager.py:878} INFO - 
================================================================================
DAG File Processing Stats

File Path                                   PID    Runtime      # DAGs    # Errors  Last Runtime    Last Run
------------------------------------------  -----  ---------  --------  ----------  --------------  -------------------
/opt/airflow/dags/daily_scrape_and_load.py                           1           0  1.61s           2026-08-12T17:25:27
================================================================================
[2026-08-12T17:26:17.469+0000] {manager.py:878} INFO - 
================================================================================
DAG File Processing Stats

File Path                                   PID    Runtime      # DAGs    # Errors  Last Runtime    Last Run
------------------------------------------  -----  ---------  --------  ----------  --------------  -------------------
/opt/airflow/dags/daily_scrape_and_load.py                           1           0  5.70s           2026-08-12T17:26:03
================================================================================
[2026-08-12T17:26:47.842+0000] {manager.py:878} INFO - 
================================================================================
DAG File Processing Stats

File Path                                   PID    Runtime      # DAGs    # Errors  Last Runtime    Last Run
------------------------------------------  -----  ---------  --------  ----------  --------------  -------------------
/opt/airflow/dags/daily_scrape_and_load.py                           1           0  1.34s           2026-08-12T17:26:36
================================================================================
[2026-08-12T17:27:18.054+0000] {manager.py:878} INFO - 
================================================================================
DAG File Processing Stats

File Path                                   PID    Runtime      # DAGs    # Errors  Last Runtime    Last Run
------------------------------------------  -----  ---------  --------  ----------  --------------  -------------------
/opt/airflow/dags/daily_scrape_and_load.py                           1           0  0.85s           2026-08-12T17:27:06
================================================================================
[2026-08-12T17:27:48.150+0000] {manager.py:878} INFO - 
================================================================================
DAG File Processing Stats

File Path                                   PID    Runtime      # DAGs    # Errors  Last Runtime    Last Run
------------------------------------------  -----  ---------  --------  ----------  --------------  -------------------
/opt/airflow/dags/daily_scrape_and_load.py                           1           0  0.83s           2026-08-12T17:27:38
================================================================================
[2026-08-12T17:28:18.281+0000] {manager.py:878} INFO - 
================================================================================
DAG File Processing Stats

File Path                                   PID    Runtime      # DAGs    # Errors  Last Runtime    Last Run
------------------------------------------  -----  ---------  --------  ----------  --------------  -------------------
/opt/airflow/dags/daily_scrape_and_load.py                           1           0  0.82s           2026-08-12T17:28:09
================================================================================
[2026-08-12T17:28:48.591+0000] {manager.py:878} INFO - 
================================================================================
DAG File Processing Stats

File Path                                   PID    Runtime      # DAGs    # Errors  Last Runtime    Last Run
------------------------------------------  -----  ---------  --------  ----------  --------------  -------------------
/opt/airflow/dags/daily_scrape_and_load.py                           1           0  0.79s           2026-08-12T17:28:40
================================================================================
[2026-08-12T17:29:18.918+0000] {manager.py:878} INFO - 
================================================================================
DAG File Processing Stats

File Path                                   PID    Runtime      # DAGs    # Errors  Last Runtime    Last Run
------------------------------------------  -----  ---------  --------  ----------  --------------  -------------------
/opt/airflow/dags/daily_scrape_and_load.py                           1           0  0.93s           2026-08-12T17:29:11
================================================================================
[2026-08-12T17:29:24.104+0000] {manager.py:452} INFO - Exiting gracefully upon receiving signal 15
[2026-08-12T17:30:26.086+0000] {manager.py:470} INFO - Processing files using up to 2 processes at a time 
[2026-08-12T17:30:26.089+0000] {manager.py:471} INFO - Process each file at most once every 30 seconds
[2026-08-12T17:30:26.091+0000] {manager.py:472} INFO - Checking for new files in /opt/airflow/dags every 300 seconds
[2026-08-12T17:30:26.094+0000] {manager.py:737} INFO - Searching for files in /opt/airflow/dags
[2026-08-12T17:30:26.174+0000] {manager.py:740} INFO - There are 1 files in /opt/airflow/dags
[2026-08-12T17:30:26.932+0000] {manager.py:878} INFO - 
================================================================================
DAG File Processing Stats

File Path                                     PID  Runtime      # DAGs    # Errors  Last Runtime    Last Run
------------------------------------------  -----  ---------  --------  ----------  --------------  ----------
/opt/airflow/dags/daily_scrape_and_load.py    164  0.31s             0           0
================================================================================
[2026-08-12T17:30:57.003+0000] {manager.py:878} INFO - 
================================================================================
DAG File Processing Stats

File Path                                   PID    Runtime      # DAGs    # Errors  Last Runtime    Last Run
------------------------------------------  -----  ---------  --------  ----------  --------------  -------------------
/opt/airflow/dags/daily_scrape_and_load.py                           1           0  4.00s           2026-08-12T17:30:30
================================================================================
[2026-08-12T17:31:27.057+0000] {manager.py:878} INFO - 
================================================================================
DAG File Processing Stats

File Path                                   PID    Runtime      # DAGs    # Errors  Last Runtime    Last Run
------------------------------------------  -----  ---------  --------  ----------  --------------  -------------------
/opt/airflow/dags/daily_scrape_and_load.py                           1           0  2.82s           2026-08-12T17:31:03
================================================================================
[2026-08-12T17:31:57.366+0000] {manager.py:878} INFO - 
================================================================================
DAG File Processing Stats

File Path                                   PID    Runtime      # DAGs    # Errors  Last Runtime    Last Run
------------------------------------------  -----  ---------  --------  ----------  --------------  -------------------
/opt/airflow/dags/daily_scrape_and_load.py                           1           0  1.18s           2026-08-12T17:31:35
================================================================================
[2026-08-12T17:32:27.624+0000] {manager.py:878} INFO - 
================================================================================
DAG File Processing Stats

File Path                                   PID    Runtime      # DAGs    # Errors  Last Runtime    Last Run
------------------------------------------  -----  ---------  --------  ----------  --------------  -------------------
/opt/airflow/dags/daily_scrape_and_load.py                           1           0  1.02s           2026-08-12T17:32:06
================================================================================
[2026-08-12T17:32:57.705+0000] {manager.py:878} INFO - 
================================================================================
DAG File Processing Stats

File Path                                   PID    Runtime      # DAGs    # Errors  Last Runtime    Last Run
------------------------------------------  -----  ---------  --------  ----------  --------------  -------------------
/opt/airflow/dags/daily_scrape_and_load.py                           1           0  0.81s           2026-08-12T17:32:37
================================================================================
[2026-08-12T17:33:28.085+0000] {manager.py:878} INFO - 
================================================================================
DAG File Processing Stats

File Path                                   PID    Runtime      # DAGs    # Errors  Last Runtime    Last Run
------------------------------------------  -----  ---------  --------  ----------  --------------  -------------------
/opt/airflow/dags/daily_scrape_and_load.py                           1           0  1.28s           2026-08-12T17:33:09
================================================================================
[2026-08-12T17:33:58.251+0000] {manager.py:878} INFO - 
================================================================================
DAG File Processing Stats

File Path                                   PID    Runtime      # DAGs    # Errors  Last Runtime    Last Run
------------------------------------------  -----  ---------  --------  ----------  --------------  -------------------
/opt/airflow/dags/daily_scrape_and_load.py                           1           0  4.97s           2026-08-12T17:33:44
================================================================================
[2026-08-12T17:34:28.589+0000] {manager.py:878} INFO - 
================================================================================
DAG File Processing Stats

File Path                                   PID    Runtime      # DAGs    # Errors  Last Runtime    Last Run
------------------------------------------  -----  ---------  --------  ----------  --------------  -------------------
/opt/airflow/dags/daily_scrape_and_load.py                           1           0  0.96s           2026-08-12T17:34:15
================================================================================
[2026-08-12T17:34:58.647+0000] {manager.py:878} INFO - 
================================================================================
DAG File Processing Stats

File Path                                   PID    Runtime      # DAGs    # Errors  Last Runtime    Last Run
------------------------------------------  -----  ---------  --------  ----------  --------------  -------------------
/opt/airflow/dags/daily_scrape_and_load.py                           1           0  0.82s           2026-08-12T17:34:46
================================================================================
[2026-08-12T17:35:26.898+0000] {manager.py:737} INFO - Searching for files in /opt/airflow/dags
[2026-08-12T17:35:26.925+0000] {manager.py:740} INFO - There are 1 files in /opt/airflow/dags
[2026-08-12T17:35:28.971+0000] {manager.py:878} INFO - 
================================================================================
DAG File Processing Stats

File Path                                   PID    Runtime      # DAGs    # Errors  Last Runtime    Last Run
------------------------------------------  -----  ---------  --------  ----------  --------------  -------------------
/opt/airflow/dags/daily_scrape_and_load.py                           1           0  3.03s           2026-08-12T17:35:19
================================================================================
[2026-08-12T17:35:59.281+0000] {manager.py:878} INFO - 
================================================================================
DAG File Processing Stats

File Path                                   PID    Runtime      # DAGs    # Errors  Last Runtime    Last Run
------------------------------------------  -----  ---------  --------  ----------  --------------  -------------------
/opt/airflow/dags/daily_scrape_and_load.py                           1           0  1.13s           2026-08-12T17:35:51
================================================================================
[2026-08-12T17:36:29.583+0000] {manager.py:878} INFO - 
================================================================================
DAG File Processing Stats

File Path                                   PID    Runtime      # DAGs    # Errors  Last Runtime    Last Run
------------------------------------------  -----  ---------  --------  ----------  --------------  -------------------
/opt/airflow/dags/daily_scrape_and_load.py                           1           0  5.46s           2026-08-12T17:36:26
================================================================================
[2026-08-12T17:37:00.228+0000] {manager.py:878} INFO - 
================================================================================
DAG File Processing Stats

File Path                                   PID    Runtime      # DAGs    # Errors  Last Runtime    Last Run
------------------------------------------  -----  ---------  --------  ----------  --------------  -------------------
/opt/airflow/dags/daily_scrape_and_load.py                           1           0  1.04s           2026-08-12T17:36:58
================================================================================
[2026-08-12T17:37:30.534+0000] {manager.py:878} INFO - 
================================================================================
DAG File Processing Stats

File Path                                     PID  Runtime      # DAGs    # Errors  Last Runtime    Last Run
------------------------------------------  -----  ---------  --------  ----------  --------------  -------------------
/opt/airflow/dags/daily_scrape_and_load.py    280  2.07s             1           0  1.04s           2026-08-12T17:36:58
================================================================================
[2026-08-12T17:38:00.820+0000] {manager.py:878} INFO - 
================================================================================
DAG File Processing Stats

File Path                                   PID    Runtime      # DAGs    # Errors  Last Runtime    Last Run
------------------------------------------  -----  ---------  --------  ----------  --------------  -------------------
/opt/airflow/dags/daily_scrape_and_load.py                           1           0  4.71s           2026-08-12T17:37:33
================================================================================
[2026-08-12T17:38:31.131+0000] {manager.py:878} INFO - 
================================================================================
DAG File Processing Stats

File Path                                   PID    Runtime      # DAGs    # Errors  Last Runtime    Last Run
------------------------------------------  -----  ---------  --------  ----------  --------------  -------------------
/opt/airflow/dags/daily_scrape_and_load.py                           1           0  5.98s           2026-08-12T17:38:09
================================================================================
[2026-08-12T17:39:01.444+0000] {manager.py:878} INFO - 
================================================================================
DAG File Processing Stats

File Path                                   PID    Runtime      # DAGs    # Errors  Last Runtime    Last Run
------------------------------------------  -----  ---------  --------  ----------  --------------  -------------------
/opt/airflow/dags/daily_scrape_and_load.py                           1           0  0.78s           2026-08-12T17:38:40
================================================================================
[2026-08-12T17:39:31.722+0000] {manager.py:878} INFO - 
================================================================================
DAG File Processing Stats

File Path                                   PID    Runtime      # DAGs    # Errors  Last Runtime    Last Run
------------------------------------------  -----  ---------  --------  ----------  --------------  -------------------
/opt/airflow/dags/daily_scrape_and_load.py                           1           0  6.37s           2026-08-12T17:39:16
================================================================================
[2026-08-12T17:40:02.098+0000] {manager.py:878} INFO - 
================================================================================
DAG File Processing Stats

File Path                                   PID    Runtime      # DAGs    # Errors  Last Runtime    Last Run
------------------------------------------  -----  ---------  --------  ----------  --------------  -------------------
/opt/airflow/dags/daily_scrape_and_load.py                           1           0  0.93s           2026-08-12T17:39:48
================================================================================
[2026-08-12T17:40:27.006+0000] {manager.py:737} INFO - Searching for files in /opt/airflow/dags
[2026-08-12T17:40:27.041+0000] {manager.py:740} INFO - There are 1 files in /opt/airflow/dags
[2026-08-12T17:40:32.828+0000] {manager.py:878} INFO - 
================================================================================
DAG File Processing Stats

File Path                                   PID    Runtime      # DAGs    # Errors  Last Runtime    Last Run
------------------------------------------  -----  ---------  --------  ----------  --------------  -------------------
/opt/airflow/dags/daily_scrape_and_load.py                           1           0  2.65s           2026-08-12T17:40:20
================================================================================
[2026-08-12T17:41:02.932+0000] {manager.py:878} INFO - 
================================================================================
DAG File Processing Stats

File Path                                   PID    Runtime      # DAGs    # Errors  Last Runtime    Last Run
------------------------------------------  -----  ---------  --------  ----------  --------------  -------------------
/opt/airflow/dags/daily_scrape_and_load.py                           1           0  0.86s           2026-08-12T17:40:51
================================================================================
[2026-08-12T17:41:33.134+0000] {manager.py:878} INFO - 
================================================================================
DAG File Processing Stats

File Path                                   PID    Runtime      # DAGs    # Errors  Last Runtime    Last Run
------------------------------------------  -----  ---------  --------  ----------  --------------  -------------------
/opt/airflow/dags/daily_scrape_and_load.py                           1           0  0.88s           2026-08-12T17:41:23
================================================================================
[2026-08-12T17:42:03.199+0000] {manager.py:878} INFO - 
================================================================================
DAG File Processing Stats

File Path                                   PID    Runtime      # DAGs    # Errors  Last Runtime    Last Run
------------------------------------------  -----  ---------  --------  ----------  --------------  -------------------
/opt/airflow/dags/daily_scrape_and_load.py                           1           0  0.81s           2026-08-12T17:41:54
================================================================================
[2026-08-12T17:42:33.313+0000] {manager.py:878} INFO - 
================================================================================
DAG File Processing Stats

File Path                                   PID    Runtime      # DAGs    # Errors  Last Runtime    Last Run
------------------------------------------  -----  ---------  --------  ----------  --------------  -------------------
/opt/airflow/dags/daily_scrape_and_load.py                           1           0  0.83s           2026-08-12T17:42:25
================================================================================
[2026-08-12T17:43:03.615+0000] {manager.py:878} INFO - 
================================================================================
DAG File Processing Stats

File Path                                   PID    Runtime      # DAGs    # Errors  Last Runtime    Last Run
------------------------------------------  -----  ---------  --------  ----------  --------------  -------------------
/opt/airflow/dags/daily_scrape_and_load.py                           1           0  0.80s           2026-08-12T17:42:56
================================================================================
[2026-08-12T17:43:33.991+0000] {manager.py:878} INFO - 
================================================================================
DAG File Processing Stats

File Path                                   PID    Runtime      # DAGs    # Errors  Last Runtime    Last Run
------------------------------------------  -----  ---------  --------  ----------  --------------  -------------------
/opt/airflow/dags/daily_scrape_and_load.py                           1           0  0.78s           2026-08-12T17:43:27
================================================================================
[2026-08-12T17:44:04.293+0000] {manager.py:878} INFO - 
================================================================================
DAG File Processing Stats

File Path                                   PID    Runtime      # DAGs    # Errors  Last Runtime    Last Run
------------------------------------------  -----  ---------  --------  ----------  --------------  -------------------
/opt/airflow/dags/daily_scrape_and_load.py                           1           0  0.81s           2026-08-12T17:43:58
================================================================================
[2026-08-12T17:44:34.449+0000] {manager.py:878} INFO - 
================================================================================
DAG File Processing Stats

File Path                                   PID    Runtime      # DAGs    # Errors  Last Runtime    Last Run
------------------------------------------  -----  ---------  --------  ----------  --------------  -------------------
/opt/airflow/dags/daily_scrape_and_load.py                           1           0  1.91s           2026-08-12T17:44:30
================================================================================
[2026-08-12T17:45:04.521+0000] {manager.py:878} INFO - 
================================================================================
DAG File Processing Stats

File Path                                   PID    Runtime      # DAGs    # Errors  Last Runtime    Last Run
------------------------------------------  -----  ---------  --------  ----------  --------------  -------------------
/opt/airflow/dags/daily_scrape_and_load.py                           1           0  0.77s           2026-08-12T17:45:01
================================================================================
[2026-08-12T17:45:27.069+0000] {manager.py:737} INFO - Searching for files in /opt/airflow/dags
[2026-08-12T17:45:27.087+0000] {manager.py:740} INFO - There are 1 files in /opt/airflow/dags
[2026-08-12T17:45:34.558+0000] {manager.py:878} INFO - 
================================================================================
DAG File Processing Stats

File Path                                   PID    Runtime      # DAGs    # Errors  Last Runtime    Last Run
------------------------------------------  -----  ---------  --------  ----------  --------------  -------------------
/opt/airflow/dags/daily_scrape_and_load.py                           1           0  0.80s           2026-08-12T17:45:32
================================================================================
[2026-08-12T17:46:04.587+0000] {manager.py:878} INFO - 
================================================================================
DAG File Processing Stats

File Path                                   PID    Runtime      # DAGs    # Errors  Last Runtime    Last Run
------------------------------------------  -----  ---------  --------  ----------  --------------  -------------------
/opt/airflow/dags/daily_scrape_and_load.py                           1           0  0.85s           2026-08-12T17:46:03
================================================================================
[2026-08-12T17:46:34.669+0000] {manager.py:878} INFO - 
================================================================================
DAG File Processing Stats

File Path                                   PID    Runtime      # DAGs    # Errors  Last Runtime    Last Run
------------------------------------------  -----  ---------  --------  ----------  --------------  -------------------
/opt/airflow/dags/daily_scrape_and_load.py                           1           0  0.92s           2026-08-12T17:46:34
================================================================================
[2026-08-12T17:47:04.865+0000] {manager.py:878} INFO - 
================================================================================
DAG File Processing Stats

File Path                                     PID  Runtime      # DAGs    # Errors  Last Runtime    Last Run
------------------------------------------  -----  ---------  --------  ----------  --------------  -------------------
/opt/airflow/dags/daily_scrape_and_load.py    422  0.04s             1           0  0.92s           2026-08-12T17:46:34
================================================================================
[2026-08-12T17:47:35.259+0000] {manager.py:878} INFO - 
================================================================================
DAG File Processing Stats

File Path                                   PID    Runtime      # DAGs    # Errors  Last Runtime    Last Run
------------------------------------------  -----  ---------  --------  ----------  --------------  -------------------
/opt/airflow/dags/daily_scrape_and_load.py                           1           0  3.48s           2026-08-12T17:47:08
================================================================================
[2026-08-12T17:48:05.685+0000] {manager.py:878} INFO - 
================================================================================
DAG File Processing Stats

File Path                                   PID    Runtime      # DAGs    # Errors  Last Runtime    Last Run
------------------------------------------  -----  ---------  --------  ----------  --------------  -------------------
/opt/airflow/dags/daily_scrape_and_load.py                           1           0  4.03s           2026-08-12T17:47:42
================================================================================
[2026-08-12T17:48:36.150+0000] {manager.py:878} INFO - 
================================================================================
DAG File Processing Stats

File Path                                   PID    Runtime      # DAGs    # Errors  Last Runtime    Last Run
------------------------------------------  -----  ---------  --------  ----------  --------------  -------------------
/opt/airflow/dags/daily_scrape_and_load.py                           1           0  2.41s           2026-08-12T17:48:15
================================================================================
[2026-08-12T17:49:06.494+0000] {manager.py:878} INFO - 
================================================================================
DAG File Processing Stats

File Path                                   PID    Runtime      # DAGs    # Errors  Last Runtime    Last Run
------------------------------------------  -----  ---------  --------  ----------  --------------  -------------------
/opt/airflow/dags/daily_scrape_and_load.py                           1           0  2.20s           2026-08-12T17:48:47
================================================================================
[2026-08-12T17:49:36.778+0000] {manager.py:878} INFO - 
================================================================================
DAG File Processing Stats

File Path                                   PID    Runtime      # DAGs    # Errors  Last Runtime    Last Run
------------------------------------------  -----  ---------  --------  ----------  --------------  -------------------
/opt/airflow/dags/daily_scrape_and_load.py                           1           0  2.11s           2026-08-12T17:49:19
================================================================================
[2026-08-12T17:50:07.130+0000] {manager.py:878} INFO - 
================================================================================
DAG File Processing Stats

File Path                                   PID    Runtime      # DAGs    # Errors  Last Runtime    Last Run
------------------------------------------  -----  ---------  --------  ----------  --------------  -------------------
/opt/airflow/dags/daily_scrape_and_load.py                           1           0  1.17s           2026-08-12T17:49:51
================================================================================
[2026-08-12T17:50:27.300+0000] {manager.py:737} INFO - Searching for files in /opt/airflow/dags
[2026-08-12T17:50:27.336+0000] {manager.py:740} INFO - There are 1 files in /opt/airflow/dags
[2026-08-12T17:50:37.451+0000] {manager.py:878} INFO - 
================================================================================
DAG File Processing Stats

File Path                                   PID    Runtime      # DAGs    # Errors  Last Runtime    Last Run
------------------------------------------  -----  ---------  --------  ----------  --------------  -------------------
/opt/airflow/dags/daily_scrape_and_load.py                           1           0  1.31s           2026-08-12T17:50:22
================================================================================
[2026-08-12T17:51:07.701+0000] {manager.py:878} INFO - 
================================================================================
DAG File Processing Stats

File Path                                   PID    Runtime      # DAGs    # Errors  Last Runtime    Last Run
------------------------------------------  -----  ---------  --------  ----------  --------------  -------------------
/opt/airflow/dags/daily_scrape_and_load.py                           1           0  2.14s           2026-08-12T17:50:54
================================================================================
[2026-08-12T17:51:38.057+0000] {manager.py:878} INFO - 
================================================================================
DAG File Processing Stats

File Path                                   PID    Runtime      # DAGs    # Errors  Last Runtime    Last Run
------------------------------------------  -----  ---------  --------  ----------  --------------  -------------------
/opt/airflow/dags/daily_scrape_and_load.py                           1           0  1.56s           2026-08-12T17:51:26
================================================================================
[2026-08-12T17:52:08.563+0000] {manager.py:878} INFO - 
================================================================================
DAG File Processing Stats

File Path                                   PID    Runtime      # DAGs    # Errors  Last Runtime    Last Run
------------------------------------------  -----  ---------  --------  ----------  --------------  -------------------
/opt/airflow/dags/daily_scrape_and_load.py                           1           0  4.91s           2026-08-12T17:52:01
================================================================================
[2026-08-12T17:52:38.844+0000] {manager.py:878} INFO - 
================================================================================
DAG File Processing Stats

File Path                                   PID    Runtime      # DAGs    # Errors  Last Runtime    Last Run
------------------------------------------  -----  ---------  --------  ----------  --------------  -------------------
/opt/airflow/dags/daily_scrape_and_load.py                           1           0  1.98s           2026-08-12T17:52:34
================================================================================
[2026-08-12T17:53:09.406+0000] {manager.py:878} INFO - 
================================================================================
DAG File Processing Stats

File Path                                   PID    Runtime      # DAGs    # Errors  Last Runtime    Last Run
------------------------------------------  -----  ---------  --------  ----------  --------------  -------------------
/opt/airflow/dags/daily_scrape_and_load.py                           1           0  1.35s           2026-08-12T17:53:05
================================================================================
[2026-08-12T17:53:40.300+0000] {manager.py:878} INFO - 
================================================================================
DAG File Processing Stats

File Path                                     PID  Runtime      # DAGs    # Errors  Last Runtime    Last Run
------------------------------------------  -----  ---------  --------  ----------  --------------  -------------------
/opt/airflow/dags/daily_scrape_and_load.py    494  4.33s             1           0  1.35s           2026-08-12T17:53:05
================================================================================
[2026-08-12T17:54:10.606+0000] {manager.py:878} INFO - 
================================================================================
DAG File Processing Stats

File Path                                   PID    Runtime      # DAGs    # Errors  Last Runtime    Last Run
------------------------------------------  -----  ---------  --------  ----------  --------------  -------------------
/opt/airflow/dags/daily_scrape_and_load.py                           1           0  5.54s           2026-08-12T17:53:41
================================================================================
[2026-08-12T17:54:40.892+0000] {manager.py:878} INFO - 
================================================================================
DAG File Processing Stats

File Path                                   PID    Runtime      # DAGs    # Errors  Last Runtime    Last Run
------------------------------------------  -----  ---------  --------  ----------  --------------  -------------------
/opt/airflow/dags/daily_scrape_and_load.py                           1           0  1.22s           2026-08-12T17:54:12
================================================================================
[2026-08-12T17:55:11.257+0000] {manager.py:878} INFO - 
================================================================================
DAG File Processing Stats

File Path                                   PID    Runtime      # DAGs    # Errors  Last Runtime    Last Run
------------------------------------------  -----  ---------  --------  ----------  --------------  -------------------
/opt/airflow/dags/daily_scrape_and_load.py                           1           0  2.44s           2026-08-12T17:54:45
================================================================================
[2026-08-12T17:55:27.653+0000] {manager.py:737} INFO - Searching for files in /opt/airflow/dags
[2026-08-12T17:55:27.693+0000] {manager.py:740} INFO - There are 1 files in /opt/airflow/dags
[2026-08-12T17:55:41.821+0000] {manager.py:878} INFO - 
================================================================================
DAG File Processing Stats

File Path                                   PID    Runtime      # DAGs    # Errors  Last Runtime    Last Run
------------------------------------------  -----  ---------  --------  ----------  --------------  -------------------
/opt/airflow/dags/daily_scrape_and_load.py                           1           0  1.14s           2026-08-12T17:55:16
================================================================================
[2026-08-12T17:56:11.983+0000] {manager.py:878} INFO - 
================================================================================
DAG File Processing Stats

File Path                                   PID    Runtime      # DAGs    # Errors  Last Runtime    Last Run
------------------------------------------  -----  ---------  --------  ----------  --------------  -------------------
/opt/airflow/dags/daily_scrape_and_load.py                           1           0  1.92s           2026-08-12T17:55:48
================================================================================
[2026-08-12T17:56:42.568+0000] {manager.py:878} INFO - 
================================================================================
DAG File Processing Stats

File Path                                   PID    Runtime      # DAGs    # Errors  Last Runtime    Last Run
------------------------------------------  -----  ---------  --------  ----------  --------------  -------------------
/opt/airflow/dags/daily_scrape_and_load.py                           1           0  5.17s           2026-08-12T17:56:24
================================================================================
[2026-08-12T17:57:12.821+0000] {manager.py:878} INFO - 
================================================================================
DAG File Processing Stats

File Path                                   PID    Runtime      # DAGs    # Errors  Last Runtime    Last Run
------------------------------------------  -----  ---------  --------  ----------  --------------  -------------------
/opt/airflow/dags/daily_scrape_and_load.py                           1           0  1.42s           2026-08-12T17:56:56
================================================================================
[2026-08-12T17:57:43.382+0000] {manager.py:878} INFO - 
================================================================================
DAG File Processing Stats

File Path                                   PID    Runtime      # DAGs    # Errors  Last Runtime    Last Run
------------------------------------------  -----  ---------  --------  ----------  --------------  -------------------
/opt/airflow/dags/daily_scrape_and_load.py                           1           0  1.17s           2026-08-12T17:57:27
================================================================================
[2026-08-12T17:58:13.710+0000] {manager.py:878} INFO - 
================================================================================
DAG File Processing Stats

File Path                                   PID    Runtime      # DAGs    # Errors  Last Runtime    Last Run
------------------------------------------  -----  ---------  --------  ----------  --------------  -------------------
/opt/airflow/dags/daily_scrape_and_load.py                           1           0  1.17s           2026-08-12T17:57:58
================================================================================
[2026-08-12T17:58:43.915+0000] {manager.py:878} INFO - 
================================================================================
DAG File Processing Stats

File Path                                   PID    Runtime      # DAGs    # Errors  Last Runtime    Last Run
------------------------------------------  -----  ---------  --------  ----------  --------------  -------------------
/opt/airflow/dags/daily_scrape_and_load.py                           1           0  1.55s           2026-08-12T17:58:30
================================================================================
[2026-08-12T17:59:14.633+0000] {manager.py:878} INFO - 
================================================================================
DAG File Processing Stats

File Path                                   PID    Runtime      # DAGs    # Errors  Last Runtime    Last Run
------------------------------------------  -----  ---------  --------  ----------  --------------  -------------------
/opt/airflow/dags/daily_scrape_and_load.py                           1           0  1.30s           2026-08-12T17:59:01
================================================================================
[2026-08-12T17:59:44.840+0000] {manager.py:878} INFO - 
================================================================================
DAG File Processing Stats

File Path                                   PID    Runtime      # DAGs    # Errors  Last Runtime    Last Run
------------------------------------------  -----  ---------  --------  ----------  --------------  -------------------
/opt/airflow/dags/daily_scrape_and_load.py                           1           0  2.02s           2026-08-12T17:59:34
================================================================================
[2026-08-12T18:00:15.293+0000] {manager.py:878} INFO - 
================================================================================
DAG File Processing Stats

File Path                                   PID    Runtime      # DAGs    # Errors  Last Runtime    Last Run
------------------------------------------  -----  ---------  --------  ----------  --------------  -------------------
/opt/airflow/dags/daily_scrape_and_load.py                           1           0  1.32s           2026-08-12T18:00:05
================================================================================
[2026-08-12T18:00:27.670+0000] {manager.py:737} INFO - Searching for files in /opt/airflow/dags
[2026-08-12T18:00:27.714+0000] {manager.py:740} INFO - There are 1 files in /opt/airflow/dags
[2026-08-12T18:00:45.524+0000] {manager.py:878} INFO - 
================================================================================
DAG File Processing Stats

File Path                                   PID    Runtime      # DAGs    # Errors  Last Runtime    Last Run
------------------------------------------  -----  ---------  --------  ----------  --------------  -------------------
/opt/airflow/dags/daily_scrape_and_load.py                           1           0  1.65s           2026-08-12T18:00:37
================================================================================
[2026-08-12T18:01:15.777+0000] {manager.py:878} INFO - 
================================================================================
DAG File Processing Stats

File Path                                   PID    Runtime      # DAGs    # Errors  Last Runtime    Last Run
------------------------------------------  -----  ---------  --------  ----------  --------------  -------------------
/opt/airflow/dags/daily_scrape_and_load.py                           1           0  1.31s           2026-08-12T18:01:09
================================================================================
[2026-08-12T18:01:46.328+0000] {manager.py:878} INFO - 
================================================================================
DAG File Processing Stats

File Path                                   PID    Runtime      # DAGs    # Errors  Last Runtime    Last Run
------------------------------------------  -----  ---------  --------  ----------  --------------  -------------------
/opt/airflow/dags/daily_scrape_and_load.py                           1           0  1.51s           2026-08-12T18:01:40
================================================================================
[2026-08-12T18:02:16.374+0000] {manager.py:878} INFO - 
================================================================================
DAG File Processing Stats

File Path                                   PID    Runtime      # DAGs    # Errors  Last Runtime    Last Run
------------------------------------------  -----  ---------  --------  ----------  --------------  -------------------
/opt/airflow/dags/daily_scrape_and_load.py                           1           0  1.42s           2026-08-12T18:02:12
================================================================================
[2026-08-12T18:02:46.559+0000] {manager.py:878} INFO - 
================================================================================
DAG File Processing Stats

File Path                                   PID    Runtime      # DAGs    # Errors  Last Runtime    Last Run
------------------------------------------  -----  ---------  --------  ----------  --------------  -------------------
/opt/airflow/dags/daily_scrape_and_load.py                           1           0  1.01s           2026-08-12T18:02:43
================================================================================
[2026-08-12T18:03:16.742+0000] {manager.py:878} INFO - 
================================================================================
DAG File Processing Stats

File Path                                   PID    Runtime      # DAGs    # Errors  Last Runtime    Last Run
------------------------------------------  -----  ---------  --------  ----------  --------------  -------------------
/opt/airflow/dags/daily_scrape_and_load.py                           1           0  1.04s           2026-08-12T18:03:14
================================================================================
[2026-08-12T18:03:46.944+0000] {manager.py:878} INFO - 
================================================================================
DAG File Processing Stats

File Path                                   PID    Runtime      # DAGs    # Errors  Last Runtime    Last Run
------------------------------------------  -----  ---------  --------  ----------  --------------  -------------------
/opt/airflow/dags/daily_scrape_and_load.py                           1           0  1.31s           2026-08-12T18:03:46
================================================================================
[2026-08-12T18:04:17.119+0000] {manager.py:878} INFO - 
================================================================================
DAG File Processing Stats

File Path                                     PID  Runtime      # DAGs    # Errors  Last Runtime    Last Run
------------------------------------------  -----  ---------  --------  ----------  --------------  -------------------
/opt/airflow/dags/daily_scrape_and_load.py    614  0.73s             1           0  1.31s           2026-08-12T18:03:46
================================================================================
[2026-08-12T18:04:47.603+0000] {manager.py:878} INFO - 
================================================================================
DAG File Processing Stats

File Path                                     PID  Runtime      # DAGs    # Errors  Last Runtime    Last Run
------------------------------------------  -----  ---------  --------  ----------  --------------  -------------------
/opt/airflow/dags/daily_scrape_and_load.py    620  0.01s             1           0  1.01s           2026-08-12T18:04:17
================================================================================
[2026-08-12T18:05:17.787+0000] {manager.py:878} INFO - 
================================================================================
DAG File Processing Stats

File Path                                   PID    Runtime      # DAGs    # Errors  Last Runtime    Last Run
------------------------------------------  -----  ---------  --------  ----------  --------------  -------------------
/opt/airflow/dags/daily_scrape_and_load.py                           1           0  1.24s           2026-08-12T18:04:48
================================================================================
[2026-08-12T18:05:28.042+0000] {manager.py:737} INFO - Searching for files in /opt/airflow/dags
[2026-08-12T18:05:28.066+0000] {manager.py:740} INFO - There are 1 files in /opt/airflow/dags
[2026-08-12T18:05:48.197+0000] {manager.py:878} INFO - 
================================================================================
DAG File Processing Stats

File Path                                   PID    Runtime      # DAGs    # Errors  Last Runtime    Last Run
------------------------------------------  -----  ---------  --------  ----------  --------------  -------------------
/opt/airflow/dags/daily_scrape_and_load.py                           1           0  1.34s           2026-08-12T18:05:20
================================================================================
[2026-08-12T18:06:18.363+0000] {manager.py:878} INFO - 
================================================================================
DAG File Processing Stats

File Path                                   PID    Runtime      # DAGs    # Errors  Last Runtime    Last Run
------------------------------------------  -----  ---------  --------  ----------  --------------  -------------------
/opt/airflow/dags/daily_scrape_and_load.py                           1           0  1.00s           2026-08-12T18:05:51
================================================================================
[2026-08-12T18:06:48.547+0000] {manager.py:878} INFO - 
================================================================================
DAG File Processing Stats

File Path                                   PID    Runtime      # DAGs    # Errors  Last Runtime    Last Run
------------------------------------------  -----  ---------  --------  ----------  --------------  -------------------
/opt/airflow/dags/daily_scrape_and_load.py                           1           0  0.98s           2026-08-12T18:06:22
================================================================================
[2026-08-12T18:07:18.734+0000] {manager.py:878} INFO - 
================================================================================
DAG File Processing Stats

File Path                                   PID    Runtime      # DAGs    # Errors  Last Runtime    Last Run
------------------------------------------  -----  ---------  --------  ----------  --------------  -------------------
/opt/airflow/dags/daily_scrape_and_load.py                           1           0  0.90s           2026-08-12T18:06:53
================================================================================
[2026-08-12T18:07:49.143+0000] {manager.py:878} INFO - 
================================================================================
DAG File Processing Stats

File Path                                   PID    Runtime      # DAGs    # Errors  Last Runtime    Last Run
------------------------------------------  -----  ---------  --------  ----------  --------------  -------------------
/opt/airflow/dags/daily_scrape_and_load.py                           1           0  1.75s           2026-08-12T18:07:25
================================================================================
[2026-08-12T18:08:19.960+0000] {manager.py:878} INFO - 
================================================================================
DAG File Processing Stats

File Path                                   PID    Runtime      # DAGs    # Errors  Last Runtime    Last Run
------------------------------------------  -----  ---------  --------  ----------  --------------  -------------------
/opt/airflow/dags/daily_scrape_and_load.py                           1           0  1.15s           2026-08-12T18:07:56
================================================================================
[2026-08-12T18:08:50.362+0000] {manager.py:878} INFO - 
================================================================================
DAG File Processing Stats

File Path                                   PID    Runtime      # DAGs    # Errors  Last Runtime    Last Run
------------------------------------------  -----  ---------  --------  ----------  --------------  -------------------
/opt/airflow/dags/daily_scrape_and_load.py                           1           0  1.41s           2026-08-12T18:08:28
================================================================================
[2026-08-12T18:09:20.786+0000] {manager.py:878} INFO - 
================================================================================
DAG File Processing Stats

File Path                                   PID    Runtime      # DAGs    # Errors  Last Runtime    Last Run
------------------------------------------  -----  ---------  --------  ----------  --------------  -------------------
/opt/airflow/dags/daily_scrape_and_load.py                           1           0  1.74s           2026-08-12T18:09:00
================================================================================
[2026-08-12T18:09:51.106+0000] {manager.py:878} INFO - 
================================================================================
DAG File Processing Stats

File Path                                   PID    Runtime      # DAGs    # Errors  Last Runtime    Last Run
------------------------------------------  -----  ---------  --------  ----------  --------------  -------------------
/opt/airflow/dags/daily_scrape_and_load.py                           1           0  2.84s           2026-08-12T18:09:33
================================================================================
[2026-08-12T18:10:21.683+0000] {manager.py:878} INFO - 
================================================================================
DAG File Processing Stats

File Path                                   PID    Runtime      # DAGs    # Errors  Last Runtime    Last Run
------------------------------------------  -----  ---------  --------  ----------  --------------  -------------------
/opt/airflow/dags/daily_scrape_and_load.py                           1           0  5.44s           2026-08-12T18:10:09
================================================================================
[2026-08-12T18:10:28.740+0000] {manager.py:737} INFO - Searching for files in /opt/airflow/dags
[2026-08-12T18:10:28.805+0000] {manager.py:740} INFO - There are 1 files in /opt/airflow/dags
[2026-08-12T18:10:52.162+0000] {manager.py:878} INFO - 
================================================================================
DAG File Processing Stats

File Path                                   PID    Runtime      # DAGs    # Errors  Last Runtime    Last Run
------------------------------------------  -----  ---------  --------  ----------  --------------  -------------------
/opt/airflow/dags/daily_scrape_and_load.py                           1           0  1.27s           2026-08-12T18:10:41
================================================================================
[2026-08-12T18:11:22.533+0000] {manager.py:878} INFO - 
================================================================================
DAG File Processing Stats

File Path                                   PID    Runtime      # DAGs    # Errors  Last Runtime    Last Run
------------------------------------------  -----  ---------  --------  ----------  --------------  -------------------
/opt/airflow/dags/daily_scrape_and_load.py                           1           0  2.03s           2026-08-12T18:11:13
================================================================================
[2026-08-12T18:11:52.852+0000] {manager.py:878} INFO - 
================================================================================
DAG File Processing Stats

File Path                                   PID    Runtime      # DAGs    # Errors  Last Runtime    Last Run
------------------------------------------  -----  ---------  --------  ----------  --------------  -------------------
/opt/airflow/dags/daily_scrape_and_load.py                           1           0  1.22s           2026-08-12T18:11:44
================================================================================
[2026-08-12T18:12:22.954+0000] {manager.py:878} INFO - 
================================================================================
DAG File Processing Stats

File Path                                   PID    Runtime      # DAGs    # Errors  Last Runtime    Last Run
------------------------------------------  -----  ---------  --------  ----------  --------------  -------------------
/opt/airflow/dags/daily_scrape_and_load.py                           1           0  0.78s           2026-08-12T18:12:15
================================================================================
[2026-08-12T18:12:53.055+0000] {manager.py:878} INFO - 
================================================================================
DAG File Processing Stats

File Path                                   PID    Runtime      # DAGs    # Errors  Last Runtime    Last Run
------------------------------------------  -----  ---------  --------  ----------  --------------  -------------------
/opt/airflow/dags/daily_scrape_and_load.py                           1           0  0.80s           2026-08-12T18:12:46
================================================================================
[2026-08-12T18:13:23.303+0000] {manager.py:878} INFO - 
================================================================================
DAG File Processing Stats

File Path                                   PID    Runtime      # DAGs    # Errors  Last Runtime    Last Run
------------------------------------------  -----  ---------  --------  ----------  --------------  -------------------
/opt/airflow/dags/daily_scrape_and_load.py                           1           0  0.86s           2026-08-12T18:13:18
================================================================================
[2026-08-12T18:13:53.463+0000] {manager.py:878} INFO - 
================================================================================
DAG File Processing Stats

File Path                                   PID    Runtime      # DAGs    # Errors  Last Runtime    Last Run
------------------------------------------  -----  ---------  --------  ----------  --------------  -------------------
/opt/airflow/dags/daily_scrape_and_load.py                           1           0  0.81s           2026-08-12T18:13:49
================================================================================
[2026-08-12T18:14:23.494+0000] {manager.py:878} INFO - 
================================================================================
DAG File Processing Stats

File Path                                   PID    Runtime      # DAGs    # Errors  Last Runtime    Last Run
------------------------------------------  -----  ---------  --------  ----------  --------------  -------------------
/opt/airflow/dags/daily_scrape_and_load.py                           1           0  0.88s           2026-08-12T18:14:20
================================================================================
[2026-08-12T18:14:53.659+0000] {manager.py:878} INFO - 
================================================================================
DAG File Processing Stats

File Path                                   PID    Runtime      # DAGs    # Errors  Last Runtime    Last Run
------------------------------------------  -----  ---------  --------  ----------  --------------  -------------------
/opt/airflow/dags/daily_scrape_and_load.py                           1           0  0.80s           2026-08-12T18:14:51
================================================================================
[2026-08-12T18:15:23.740+0000] {manager.py:878} INFO - 
================================================================================
DAG File Processing Stats

File Path                                   PID    Runtime      # DAGs    # Errors  Last Runtime    Last Run
------------------------------------------  -----  ---------  --------  ----------  --------------  -------------------
/opt/airflow/dags/daily_scrape_and_load.py                           1           0  0.76s           2026-08-12T18:15:22
================================================================================
[2026-08-12T18:15:28.800+0000] {manager.py:737} INFO - Searching for files in /opt/airflow/dags
[2026-08-12T18:15:28.842+0000] {manager.py:740} INFO - There are 1 files in /opt/airflow/dags
[2026-08-12T18:15:54.096+0000] {manager.py:878} INFO - 
================================================================================
DAG File Processing Stats

File Path                                   PID    Runtime      # DAGs    # Errors  Last Runtime    Last Run
------------------------------------------  -----  ---------  --------  ----------  --------------  -------------------
/opt/airflow/dags/daily_scrape_and_load.py                           1           0  0.82s           2026-08-12T18:15:53
================================================================================
[2026-08-12T18:16:24.428+0000] {manager.py:878} INFO - 
================================================================================
DAG File Processing Stats

File Path                                     PID  Runtime      # DAGs    # Errors  Last Runtime    Last Run
------------------------------------------  -----  ---------  --------  ----------  --------------  -------------------
/opt/airflow/dags/daily_scrape_and_load.py    790  0.39s             1           0  0.82s           2026-08-12T18:15:53
================================================================================
[2026-08-12T18:16:54.784+0000] {manager.py:878} INFO - 
================================================================================
DAG File Processing Stats

File Path                                   PID    Runtime      # DAGs    # Errors  Last Runtime    Last Run
------------------------------------------  -----  ---------  --------  ----------  --------------  -------------------
/opt/airflow/dags/daily_scrape_and_load.py                           1           0  0.77s           2026-08-12T18:16:24
================================================================================
[2026-08-12T18:17:25.147+0000] {manager.py:878} INFO - 
================================================================================
DAG File Processing Stats

File Path                                   PID    Runtime      # DAGs    # Errors  Last Runtime    Last Run
------------------------------------------  -----  ---------  --------  ----------  --------------  -------------------
/opt/airflow/dags/daily_scrape_and_load.py                           1           0  0.79s           2026-08-12T18:16:55
================================================================================
[2026-08-12T18:17:55.336+0000] {manager.py:878} INFO - 
================================================================================
DAG File Processing Stats

File Path                                   PID    Runtime      # DAGs    # Errors  Last Runtime    Last Run
------------------------------------------  -----  ---------  --------  ----------  --------------  -------------------
/opt/airflow/dags/daily_scrape_and_load.py                           1           0  0.76s           2026-08-12T18:17:26
================================================================================
[2026-08-12T18:18:25.526+0000] {manager.py:878} INFO - 
================================================================================
DAG File Processing Stats

File Path                                   PID    Runtime      # DAGs    # Errors  Last Runtime    Last Run
------------------------------------------  -----  ---------  --------  ----------  --------------  -------------------
/opt/airflow/dags/daily_scrape_and_load.py                           1           0  0.80s           2026-08-12T18:17:58
================================================================================
[2026-08-12T18:18:55.685+0000] {manager.py:878} INFO - 
================================================================================
DAG File Processing Stats

File Path                                   PID    Runtime      # DAGs    # Errors  Last Runtime    Last Run
------------------------------------------  -----  ---------  --------  ----------  --------------  -------------------
/opt/airflow/dags/daily_scrape_and_load.py                           1           0  0.80s           2026-08-12T18:18:29
================================================================================
[2026-08-12T18:19:25.765+0000] {manager.py:878} INFO - 
================================================================================
DAG File Processing Stats

File Path                                   PID    Runtime      # DAGs    # Errors  Last Runtime    Last Run
------------------------------------------  -----  ---------  --------  ----------  --------------  -------------------
/opt/airflow/dags/daily_scrape_and_load.py                           1           0  0.76s           2026-08-12T18:19:00
================================================================================
[2026-08-12T18:19:55.852+0000] {manager.py:878} INFO - 
================================================================================
DAG File Processing Stats

File Path                                   PID    Runtime      # DAGs    # Errors  Last Runtime    Last Run
------------------------------------------  -----  ---------  --------  ----------  --------------  -------------------
/opt/airflow/dags/daily_scrape_and_load.py                           1           0  0.82s           2026-08-12T18:19:31
================================================================================
[2026-08-12T18:20:25.930+0000] {manager.py:878} INFO - 
================================================================================
DAG File Processing Stats

File Path                                   PID    Runtime      # DAGs    # Errors  Last Runtime    Last Run
------------------------------------------  -----  ---------  --------  ----------  --------------  -------------------
/opt/airflow/dags/daily_scrape_and_load.py                           1           0  0.74s           2026-08-12T18:20:02
================================================================================
[2026-08-12T18:20:28.954+0000] {manager.py:737} INFO - Searching for files in /opt/airflow/dags
[2026-08-12T18:20:28.986+0000] {manager.py:740} INFO - There are 1 files in /opt/airflow/dags
[2026-08-12T18:20:56.101+0000] {manager.py:878} INFO - 
================================================================================
DAG File Processing Stats

File Path                                   PID    Runtime      # DAGs    # Errors  Last Runtime    Last Run
------------------------------------------  -----  ---------  --------  ----------  --------------  -------------------
/opt/airflow/dags/daily_scrape_and_load.py                           1           0  0.78s           2026-08-12T18:20:33
================================================================================
[2026-08-12T18:21:26.478+0000] {manager.py:878} INFO - 
================================================================================
DAG File Processing Stats

File Path                                   PID    Runtime      # DAGs    # Errors  Last Runtime    Last Run
------------------------------------------  -----  ---------  --------  ----------  --------------  -------------------
/opt/airflow/dags/daily_scrape_and_load.py                           1           0  0.77s           2026-08-12T18:21:04
================================================================================
[2026-08-12T18:21:56.961+0000] {manager.py:878} INFO - 
================================================================================
DAG File Processing Stats

File Path                                   PID    Runtime      # DAGs    # Errors  Last Runtime    Last Run
------------------------------------------  -----  ---------  --------  ----------  --------------  -------------------
/opt/airflow/dags/daily_scrape_and_load.py                           1           0  1.60s           2026-08-12T18:21:36
================================================================================
[2026-08-12T18:22:27.271+0000] {manager.py:878} INFO - 
================================================================================
DAG File Processing Stats

File Path                                   PID    Runtime      # DAGs    # Errors  Last Runtime    Last Run
------------------------------------------  -----  ---------  --------  ----------  --------------  -------------------
/opt/airflow/dags/daily_scrape_and_load.py                           1           0  1.84s           2026-08-12T18:22:09
================================================================================
[2026-08-12T18:22:57.332+0000] {manager.py:878} INFO - 
================================================================================
DAG File Processing Stats

File Path                                   PID    Runtime      # DAGs    # Errors  Last Runtime    Last Run
------------------------------------------  -----  ---------  --------  ----------  --------------  -------------------
/opt/airflow/dags/daily_scrape_and_load.py                           1           0  0.78s           2026-08-12T18:22:40
================================================================================
[2026-08-12T18:23:27.564+0000] {manager.py:878} INFO - 
================================================================================
DAG File Processing Stats

File Path                                   PID    Runtime      # DAGs    # Errors  Last Runtime    Last Run
------------------------------------------  -----  ---------  --------  ----------  --------------  -------------------
/opt/airflow/dags/daily_scrape_and_load.py                           1           0  0.82s           2026-08-12T18:23:11
================================================================================
[2026-08-12T18:23:57.676+0000] {manager.py:878} INFO - 
================================================================================
DAG File Processing Stats

File Path                                   PID    Runtime      # DAGs    # Errors  Last Runtime    Last Run
------------------------------------------  -----  ---------  --------  ----------  --------------  -------------------
/opt/airflow/dags/daily_scrape_and_load.py                           1           0  0.81s           2026-08-12T18:23:42
================================================================================
[2026-08-12T18:24:27.781+0000] {manager.py:878} INFO - 
================================================================================
DAG File Processing Stats

File Path                                   PID    Runtime      # DAGs    # Errors  Last Runtime    Last Run
------------------------------------------  -----  ---------  --------  ----------  --------------  -------------------
/opt/airflow/dags/daily_scrape_and_load.py                           1           0  0.83s           2026-08-12T18:24:13
================================================================================
[2026-08-12T18:24:58.091+0000] {manager.py:878} INFO - 
================================================================================
DAG File Processing Stats

File Path                                   PID    Runtime      # DAGs    # Errors  Last Runtime    Last Run
------------------------------------------  -----  ---------  --------  ----------  --------------  -------------------
/opt/airflow/dags/daily_scrape_and_load.py                           1           0  0.77s           2026-08-12T18:24:44
================================================================================
[2026-08-12T18:25:28.897+0000] {manager.py:878} INFO - 
================================================================================
DAG File Processing Stats

File Path                                   PID    Runtime      # DAGs    # Errors  Last Runtime    Last Run
------------------------------------------  -----  ---------  --------  ----------  --------------  -------------------
/opt/airflow/dags/daily_scrape_and_load.py                           1           0  1.20s           2026-08-12T18:25:15
================================================================================
[2026-08-12T18:25:29.077+0000] {manager.py:737} INFO - Searching for files in /opt/airflow/dags
[2026-08-12T18:25:29.103+0000] {manager.py:740} INFO - There are 1 files in /opt/airflow/dags
[2026-08-12T18:25:59.014+0000] {manager.py:878} INFO - 
================================================================================
DAG File Processing Stats

File Path                                   PID    Runtime      # DAGs    # Errors  Last Runtime    Last Run
------------------------------------------  -----  ---------  --------  ----------  --------------  -------------------
/opt/airflow/dags/daily_scrape_and_load.py                           1           0  0.78s           2026-08-12T18:25:46
================================================================================
[2026-08-12T18:26:29.087+0000] {manager.py:878} INFO - 
================================================================================
DAG File Processing Stats

File Path                                   PID    Runtime      # DAGs    # Errors  Last Runtime    Last Run
------------------------------------------  -----  ---------  --------  ----------  --------------  -------------------
/opt/airflow/dags/daily_scrape_and_load.py                           1           0  0.76s           2026-08-12T18:26:17
================================================================================
[2026-08-12T18:26:59.085+0000] {manager.py:878} INFO - 
================================================================================
DAG File Processing Stats

File Path                                   PID    Runtime      # DAGs    # Errors  Last Runtime    Last Run
------------------------------------------  -----  ---------  --------  ----------  --------------  -------------------
/opt/airflow/dags/daily_scrape_and_load.py                           1           0  0.75s           2026-08-12T18:26:49
================================================================================
[2026-08-12T18:27:29.234+0000] {manager.py:878} INFO - 
================================================================================
DAG File Processing Stats

File Path                                   PID    Runtime      # DAGs    # Errors  Last Runtime    Last Run
------------------------------------------  -----  ---------  --------  ----------  --------------  -------------------
/opt/airflow/dags/daily_scrape_and_load.py                           1           0  0.88s           2026-08-12T18:27:20
================================================================================
[2026-08-12T18:27:59.404+0000] {manager.py:878} INFO - 
================================================================================
DAG File Processing Stats

File Path                                   PID    Runtime      # DAGs    # Errors  Last Runtime    Last Run
------------------------------------------  -----  ---------  --------  ----------  --------------  -------------------
/opt/airflow/dags/daily_scrape_and_load.py                           1           0  0.89s           2026-08-12T18:27:51
================================================================================
[2026-08-12T18:28:29.912+0000] {manager.py:878} INFO - 
================================================================================
DAG File Processing Stats

File Path                                   PID    Runtime      # DAGs    # Errors  Last Runtime    Last Run
------------------------------------------  -----  ---------  --------  ----------  --------------  -------------------
/opt/airflow/dags/daily_scrape_and_load.py                           1           0  1.43s           2026-08-12T18:28:23
================================================================================
[2026-08-12T18:29:00.299+0000] {manager.py:878} INFO - 
================================================================================
DAG File Processing Stats

File Path                                   PID    Runtime      # DAGs    # Errors  Last Runtime    Last Run
------------------------------------------  -----  ---------  --------  ----------  --------------  -------------------
/opt/airflow/dags/daily_scrape_and_load.py                           1           0  1.23s           2026-08-12T18:28:54
================================================================================
[2026-08-12T18:29:30.526+0000] {manager.py:878} INFO - 
================================================================================
DAG File Processing Stats

File Path                                   PID    Runtime      # DAGs    # Errors  Last Runtime    Last Run
------------------------------------------  -----  ---------  --------  ----------  --------------  -------------------
/opt/airflow/dags/daily_scrape_and_load.py                           1           0  0.87s           2026-08-12T18:29:25
================================================================================
[2026-08-12T18:30:00.767+0000] {manager.py:878} INFO - 
================================================================================
DAG File Processing Stats

File Path                                   PID    Runtime      # DAGs    # Errors  Last Runtime    Last Run
------------------------------------------  -----  ---------  --------  ----------  --------------  -------------------
/opt/airflow/dags/daily_scrape_and_load.py                           1           0  1.92s           2026-08-12T18:29:57
================================================================================
[2026-08-12T18:30:29.317+0000] {manager.py:737} INFO - Searching for files in /opt/airflow/dags
[2026-08-12T18:30:29.409+0000] {manager.py:740} INFO - There are 1 files in /opt/airflow/dags
[2026-08-12T18:30:31.483+0000] {manager.py:878} INFO - 
================================================================================
DAG File Processing Stats

File Path                                   PID    Runtime      # DAGs    # Errors  Last Runtime    Last Run
------------------------------------------  -----  ---------  --------  ----------  --------------  -------------------
/opt/airflow/dags/daily_scrape_and_load.py                           1           0  2.61s           2026-08-12T18:30:30
================================================================================
[2026-08-12T18:31:01.814+0000] {manager.py:878} INFO - 
================================================================================
DAG File Processing Stats

File Path                                     PID  Runtime      # DAGs    # Errors  Last Runtime    Last Run
------------------------------------------  -----  ---------  --------  ----------  --------------  -------------------
/opt/airflow/dags/daily_scrape_and_load.py    958  1.05s             1           0  2.61s           2026-08-12T18:30:30
================================================================================
[2026-08-12T18:31:32.185+0000] {manager.py:878} INFO - 
================================================================================
DAG File Processing Stats

File Path                                   PID    Runtime      # DAGs    # Errors  Last Runtime    Last Run
------------------------------------------  -----  ---------  --------  ----------  --------------  -------------------
/opt/airflow/dags/daily_scrape_and_load.py                           1           0  3.34s           2026-08-12T18:31:04
================================================================================
[2026-08-12T18:32:02.439+0000] {manager.py:878} INFO - 
================================================================================
DAG File Processing Stats

File Path                                   PID    Runtime      # DAGs    # Errors  Last Runtime    Last Run
------------------------------------------  -----  ---------  --------  ----------  --------------  -------------------
/opt/airflow/dags/daily_scrape_and_load.py                           1           0  0.87s           2026-08-12T18:31:35
================================================================================
[2026-08-12T18:32:32.590+0000] {manager.py:878} INFO - 
================================================================================
DAG File Processing Stats

File Path                                   PID    Runtime      # DAGs    # Errors  Last Runtime    Last Run
------------------------------------------  -----  ---------  --------  ----------  --------------  -------------------
/opt/airflow/dags/daily_scrape_and_load.py                           1           0  0.76s           2026-08-12T18:32:06
================================================================================
[2026-08-12T18:33:02.790+0000] {manager.py:878} INFO - 
================================================================================
DAG File Processing Stats

File Path                                   PID    Runtime      # DAGs    # Errors  Last Runtime    Last Run
------------------------------------------  -----  ---------  --------  ----------  --------------  -------------------
/opt/airflow/dags/daily_scrape_and_load.py                           1           0  0.85s           2026-08-12T18:32:37
================================================================================
[2026-08-12T18:33:32.869+0000] {manager.py:878} INFO - 
================================================================================
DAG File Processing Stats

File Path                                   PID    Runtime      # DAGs    # Errors  Last Runtime    Last Run
------------------------------------------  -----  ---------  --------  ----------  --------------  -------------------
/opt/airflow/dags/daily_scrape_and_load.py                           1           0  0.75s           2026-08-12T18:33:08
================================================================================
[2026-08-12T18:34:03.082+0000] {manager.py:878} INFO - 
================================================================================
DAG File Processing Stats

File Path                                   PID    Runtime      # DAGs    # Errors  Last Runtime    Last Run
------------------------------------------  -----  ---------  --------  ----------  --------------  -------------------
/opt/airflow/dags/daily_scrape_and_load.py                           1           0  0.88s           2026-08-12T18:33:39
================================================================================
[2026-08-12T18:34:33.584+0000] {manager.py:878} INFO - 
================================================================================
DAG File Processing Stats

File Path                                   PID    Runtime      # DAGs    # Errors  Last Runtime    Last Run
------------------------------------------  -----  ---------  --------  ----------  --------------  -------------------
/opt/airflow/dags/daily_scrape_and_load.py                           1           0  1.10s           2026-08-12T18:34:11
================================================================================
[2026-08-12T18:35:04.025+0000] {manager.py:878} INFO - 
================================================================================
DAG File Processing Stats

File Path                                   PID    Runtime      # DAGs    # Errors  Last Runtime    Last Run
------------------------------------------  -----  ---------  --------  ----------  --------------  -------------------
/opt/airflow/dags/daily_scrape_and_load.py                           1           0  2.64s           2026-08-12T18:34:44
================================================================================
[2026-08-12T18:35:29.318+0000] {manager.py:737} INFO - Searching for files in /opt/airflow/dags
[2026-08-12T18:35:29.441+0000] {manager.py:740} INFO - There are 1 files in /opt/airflow/dags
[2026-08-12T18:35:34.290+0000] {manager.py:878} INFO - 
================================================================================
DAG File Processing Stats

File Path                                   PID    Runtime      # DAGs    # Errors  Last Runtime    Last Run
------------------------------------------  -----  ---------  --------  ----------  --------------  -------------------
/opt/airflow/dags/daily_scrape_and_load.py                           1           0  3.50s           2026-08-12T18:35:18
================================================================================
[2026-08-12T18:36:04.593+0000] {manager.py:878} INFO - 
================================================================================
DAG File Processing Stats

File Path                                   PID    Runtime      # DAGs    # Errors  Last Runtime    Last Run
------------------------------------------  -----  ---------  --------  ----------  --------------  -------------------
/opt/airflow/dags/daily_scrape_and_load.py                           1           0  1.17s           2026-08-12T18:35:49
================================================================================
[2026-08-12T18:36:34.836+0000] {manager.py:878} INFO - 
================================================================================
DAG File Processing Stats

File Path                                   PID    Runtime      # DAGs    # Errors  Last Runtime    Last Run
------------------------------------------  -----  ---------  --------  ----------  --------------  -------------------
/opt/airflow/dags/daily_scrape_and_load.py                           1           0  1.12s           2026-08-12T18:36:20
================================================================================
[2026-08-12T18:37:05.165+0000] {manager.py:878} INFO - 
================================================================================
DAG File Processing Stats

File Path                                   PID    Runtime      # DAGs    # Errors  Last Runtime    Last Run
------------------------------------------  -----  ---------  --------  ----------  --------------  -------------------
/opt/airflow/dags/daily_scrape_and_load.py                           1           0  1.46s           2026-08-12T18:36:52
================================================================================
[2026-08-12T18:37:35.411+0000] {manager.py:878} INFO - 
================================================================================
DAG File Processing Stats

File Path                                   PID    Runtime      # DAGs    # Errors  Last Runtime    Last Run
------------------------------------------  -----  ---------  --------  ----------  --------------  -------------------
/opt/airflow/dags/daily_scrape_and_load.py                           1           0  1.01s           2026-08-12T18:37:23
================================================================================
[2026-08-12T18:38:06.086+0000] {manager.py:878} INFO - 
================================================================================
DAG File Processing Stats

File Path                                   PID    Runtime      # DAGs    # Errors  Last Runtime    Last Run
------------------------------------------  -----  ---------  --------  ----------  --------------  -------------------
/opt/airflow/dags/daily_scrape_and_load.py                           1           0  1.18s           2026-08-12T18:37:55
================================================================================
[2026-08-12T18:38:36.226+0000] {manager.py:878} INFO - 
================================================================================
DAG File Processing Stats

File Path                                   PID    Runtime      # DAGs    # Errors  Last Runtime    Last Run
------------------------------------------  -----  ---------  --------  ----------  --------------  -------------------
/opt/airflow/dags/daily_scrape_and_load.py                           1           0  0.81s           2026-08-12T18:38:26
================================================================================
[2026-08-12T18:39:06.293+0000] {manager.py:878} INFO - 
================================================================================
DAG File Processing Stats

File Path                                   PID    Runtime      # DAGs    # Errors  Last Runtime    Last Run
------------------------------------------  -----  ---------  --------  ----------  --------------  -------------------
/opt/airflow/dags/daily_scrape_and_load.py                           1           0  0.77s           2026-08-12T18:38:57
================================================================================
[2026-08-12T18:39:36.897+0000] {manager.py:878} INFO - 
================================================================================
DAG File Processing Stats

File Path                                   PID    Runtime      # DAGs    # Errors  Last Runtime    Last Run
------------------------------------------  -----  ---------  --------  ----------  --------------  -------------------
/opt/airflow/dags/daily_scrape_and_load.py                           1           0  1.37s           2026-08-12T18:39:28
================================================================================
[2026-08-12T18:40:07.018+0000] {manager.py:878} INFO - 
================================================================================
DAG File Processing Stats

File Path                                   PID    Runtime      # DAGs    # Errors  Last Runtime    Last Run
------------------------------------------  -----  ---------  --------  ----------  --------------  -------------------
/opt/airflow/dags/daily_scrape_and_load.py                           1           0  0.83s           2026-08-12T18:39:59
================================================================================
[2026-08-12T18:40:29.405+0000] {manager.py:737} INFO - Searching for files in /opt/airflow/dags
[2026-08-12T18:40:29.430+0000] {manager.py:740} INFO - There are 1 files in /opt/airflow/dags
[2026-08-12T18:40:37.293+0000] {manager.py:878} INFO - 
================================================================================
DAG File Processing Stats

File Path                                   PID    Runtime      # DAGs    # Errors  Last Runtime    Last Run
------------------------------------------  -----  ---------  --------  ----------  --------------  -------------------
/opt/airflow/dags/daily_scrape_and_load.py                           1           0  1.01s           2026-08-12T18:40:31
================================================================================
[2026-08-12T18:41:07.722+0000] {manager.py:878} INFO - 
================================================================================
DAG File Processing Stats

File Path                                   PID    Runtime      # DAGs    # Errors  Last Runtime    Last Run
------------------------------------------  -----  ---------  --------  ----------  --------------  -------------------
/opt/airflow/dags/daily_scrape_and_load.py                           1           0  1.29s           2026-08-12T18:41:02
================================================================================
[2026-08-12T18:41:37.984+0000] {manager.py:878} INFO - 
================================================================================
DAG File Processing Stats

File Path                                   PID    Runtime      # DAGs    # Errors  Last Runtime    Last Run
------------------------------------------  -----  ---------  --------  ----------  --------------  -------------------
/opt/airflow/dags/daily_scrape_and_load.py                           1           0  1.15s           2026-08-12T18:41:34
================================================================================
[2026-08-12T18:42:08.504+0000] {manager.py:878} INFO - 
================================================================================
DAG File Processing Stats

File Path                                   PID    Runtime      # DAGs    # Errors  Last Runtime    Last Run
------------------------------------------  -----  ---------  --------  ----------  --------------  -------------------
/opt/airflow/dags/daily_scrape_and_load.py                           1           0  2.35s           2026-08-12T18:42:06
================================================================================
[2026-08-12T18:42:38.917+0000] {manager.py:878} INFO - 
================================================================================
DAG File Processing Stats

File Path                                     PID  Runtime      # DAGs    # Errors  Last Runtime    Last Run
------------------------------------------  -----  ---------  --------  ----------  --------------  -------------------
/opt/airflow/dags/daily_scrape_and_load.py   1090  2.05s             1           0  2.35s           2026-08-12T18:42:06
================================================================================
[2026-08-12T18:43:09.437+0000] {manager.py:878} INFO - 
================================================================================
DAG File Processing Stats

File Path                                   PID    Runtime      # DAGs    # Errors  Last Runtime    Last Run
------------------------------------------  -----  ---------  --------  ----------  --------------  -------------------
/opt/airflow/dags/daily_scrape_and_load.py                           1           0  3.55s           2026-08-12T18:42:40
================================================================================
[2026-08-12T18:43:39.557+0000] {manager.py:878} INFO - 
================================================================================
DAG File Processing Stats

File Path                                   PID    Runtime      # DAGs    # Errors  Last Runtime    Last Run
------------------------------------------  -----  ---------  --------  ----------  --------------  -------------------
/opt/airflow/dags/daily_scrape_and_load.py                           1           0  0.90s           2026-08-12T18:43:11
================================================================================
[2026-08-12T18:44:09.785+0000] {manager.py:878} INFO - 
================================================================================
DAG File Processing Stats

File Path                                   PID    Runtime      # DAGs    # Errors  Last Runtime    Last Run
------------------------------------------  -----  ---------  --------  ----------  --------------  -------------------
/opt/airflow/dags/daily_scrape_and_load.py                           1           0  0.92s           2026-08-12T18:43:42
================================================================================
[2026-08-12T18:44:40.075+0000] {manager.py:878} INFO - 
================================================================================
DAG File Processing Stats

File Path                                   PID    Runtime      # DAGs    # Errors  Last Runtime    Last Run
------------------------------------------  -----  ---------  --------  ----------  --------------  -------------------
/opt/airflow/dags/daily_scrape_and_load.py                           1           0  0.99s           2026-08-12T18:44:13
================================================================================
[2026-08-12T18:45:10.319+0000] {manager.py:878} INFO - 
================================================================================
DAG File Processing Stats

File Path                                   PID    Runtime      # DAGs    # Errors  Last Runtime    Last Run
------------------------------------------  -----  ---------  --------  ----------  --------------  -------------------
/opt/airflow/dags/daily_scrape_and_load.py                           1           0  1.15s           2026-08-12T18:44:45
================================================================================
[2026-08-12T18:45:29.611+0000] {manager.py:737} INFO - Searching for files in /opt/airflow/dags
[2026-08-12T18:45:29.637+0000] {manager.py:740} INFO - There are 1 files in /opt/airflow/dags
[2026-08-12T18:45:40.481+0000] {manager.py:878} INFO - 
================================================================================
DAG File Processing Stats

File Path                                   PID    Runtime      # DAGs    # Errors  Last Runtime    Last Run
------------------------------------------  -----  ---------  --------  ----------  --------------  -------------------
/opt/airflow/dags/daily_scrape_and_load.py                           1           0  0.85s           2026-08-12T18:45:16
================================================================================
[2026-08-12T18:46:10.950+0000] {manager.py:878} INFO - 
================================================================================
DAG File Processing Stats

File Path                                   PID    Runtime      # DAGs    # Errors  Last Runtime    Last Run
------------------------------------------  -----  ---------  --------  ----------  --------------  -------------------
/opt/airflow/dags/daily_scrape_and_load.py                           1           0  1.69s           2026-08-12T18:45:48
================================================================================
[2026-08-12T18:46:41.693+0000] {manager.py:878} INFO - 
================================================================================
DAG File Processing Stats

File Path                                   PID    Runtime      # DAGs    # Errors  Last Runtime    Last Run
------------------------------------------  -----  ---------  --------  ----------  --------------  -------------------
/opt/airflow/dags/daily_scrape_and_load.py                           1           0  1.07s           2026-08-12T18:46:19
================================================================================
[2026-08-12T18:47:11.943+0000] {manager.py:878} INFO - 
================================================================================
DAG File Processing Stats

File Path                                   PID    Runtime      # DAGs    # Errors  Last Runtime    Last Run
------------------------------------------  -----  ---------  --------  ----------  --------------  -------------------
/opt/airflow/dags/daily_scrape_and_load.py                           1           0  0.99s           2026-08-12T18:46:50
================================================================================
[2026-08-12T18:47:41.994+0000] {manager.py:878} INFO - 
================================================================================
DAG File Processing Stats

File Path                                   PID    Runtime      # DAGs    # Errors  Last Runtime    Last Run
------------------------------------------  -----  ---------  --------  ----------  --------------  -------------------
/opt/airflow/dags/daily_scrape_and_load.py                           1           0  0.85s           2026-08-12T18:47:21
================================================================================
[2026-08-12T18:48:12.487+0000] {manager.py:878} INFO - 
================================================================================
DAG File Processing Stats

File Path                                   PID    Runtime      # DAGs    # Errors  Last Runtime    Last Run
------------------------------------------  -----  ---------  --------  ----------  --------------  -------------------
/opt/airflow/dags/daily_scrape_and_load.py                           1           0  1.30s           2026-08-12T18:47:53
================================================================================
[2026-08-12T18:48:42.749+0000] {manager.py:878} INFO - 
================================================================================
DAG File Processing Stats

File Path                                   PID    Runtime      # DAGs    # Errors  Last Runtime    Last Run
------------------------------------------  -----  ---------  --------  ----------  --------------  -------------------
/opt/airflow/dags/daily_scrape_and_load.py                           1           0  0.90s           2026-08-12T18:48:24
================================================================================
[2026-08-12T18:49:12.845+0000] {manager.py:878} INFO - 
================================================================================
DAG File Processing Stats

File Path                                   PID    Runtime      # DAGs    # Errors  Last Runtime    Last Run
------------------------------------------  -----  ---------  --------  ----------  --------------  -------------------
/opt/airflow/dags/daily_scrape_and_load.py                           1           0  0.84s           2026-08-12T18:48:55
================================================================================
[2026-08-12T18:49:43.137+0000] {manager.py:878} INFO - 
================================================================================
DAG File Processing Stats

File Path                                   PID    Runtime      # DAGs    # Errors  Last Runtime    Last Run
------------------------------------------  -----  ---------  --------  ----------  --------------  -------------------
/opt/airflow/dags/daily_scrape_and_load.py                           1           0  2.10s           2026-08-12T18:49:28
================================================================================
[2026-08-12T18:50:13.418+0000] {manager.py:878} INFO - 
================================================================================
DAG File Processing Stats

File Path                                   PID    Runtime      # DAGs    # Errors  Last Runtime    Last Run
------------------------------------------  -----  ---------  --------  ----------  --------------  -------------------
/opt/airflow/dags/daily_scrape_and_load.py                           1           0  1.07s           2026-08-12T18:49:59
================================================================================
[2026-08-12T18:50:29.636+0000] {manager.py:737} INFO - Searching for files in /opt/airflow/dags
[2026-08-12T18:50:29.667+0000] {manager.py:740} INFO - There are 1 files in /opt/airflow/dags
[2026-08-12T18:50:43.527+0000] {manager.py:878} INFO - 
================================================================================
DAG File Processing Stats

File Path                                   PID    Runtime      # DAGs    # Errors  Last Runtime    Last Run
------------------------------------------  -----  ---------  --------  ----------  --------------  -------------------
/opt/airflow/dags/daily_scrape_and_load.py                           1           0  0.78s           2026-08-12T18:50:30
================================================================================
[2026-08-12T18:51:13.690+0000] {manager.py:878} INFO - 
================================================================================
DAG File Processing Stats

File Path                                   PID    Runtime      # DAGs    # Errors  Last Runtime    Last Run
------------------------------------------  -----  ---------  --------  ----------  --------------  -------------------
/opt/airflow/dags/daily_scrape_and_load.py                           1           0  0.82s           2026-08-12T18:51:01
================================================================================
[2026-08-12T18:51:43.894+0000] {manager.py:878} INFO - 
================================================================================
DAG File Processing Stats

File Path                                   PID    Runtime      # DAGs    # Errors  Last Runtime    Last Run
------------------------------------------  -----  ---------  --------  ----------  --------------  -------------------
/opt/airflow/dags/daily_scrape_and_load.py                           1           0  0.90s           2026-08-12T18:51:32
================================================================================
[2026-08-12T18:52:13.975+0000] {manager.py:878} INFO - 
================================================================================
DAG File Processing Stats

File Path                                   PID    Runtime      # DAGs    # Errors  Last Runtime    Last Run
------------------------------------------  -----  ---------  --------  ----------  --------------  -------------------
/opt/airflow/dags/daily_scrape_and_load.py                           1           0  0.75s           2026-08-12T18:52:03
================================================================================
[2026-08-12T18:52:44.053+0000] {manager.py:878} INFO - 
================================================================================
DAG File Processing Stats

File Path                                   PID    Runtime      # DAGs    # Errors  Last Runtime    Last Run
------------------------------------------  -----  ---------  --------  ----------  --------------  -------------------
/opt/airflow/dags/daily_scrape_and_load.py                           1           0  0.91s           2026-08-12T18:52:34
================================================================================
[2026-08-12T18:53:14.205+0000] {manager.py:878} INFO - 
================================================================================
DAG File Processing Stats

File Path                                   PID    Runtime      # DAGs    # Errors  Last Runtime    Last Run
------------------------------------------  -----  ---------  --------  ----------  --------------  -------------------
/opt/airflow/dags/daily_scrape_and_load.py                           1           0  0.82s           2026-08-12T18:53:06
================================================================================
[2026-08-12T18:53:44.257+0000] {manager.py:878} INFO - 
================================================================================
DAG File Processing Stats

File Path                                   PID    Runtime      # DAGs    # Errors  Last Runtime    Last Run
------------------------------------------  -----  ---------  --------  ----------  --------------  -------------------
/opt/airflow/dags/daily_scrape_and_load.py                           1           0  0.75s           2026-08-12T18:53:37
================================================================================
[2026-08-12T18:54:14.377+0000] {manager.py:878} INFO - 
================================================================================
DAG File Processing Stats

File Path                                   PID    Runtime      # DAGs    # Errors  Last Runtime    Last Run
------------------------------------------  -----  ---------  --------  ----------  --------------  -------------------
/opt/airflow/dags/daily_scrape_and_load.py                           1           0  0.80s           2026-08-12T18:54:08
================================================================================
[2026-08-12T18:54:44.545+0000] {manager.py:878} INFO - 
================================================================================
DAG File Processing Stats

File Path                                   PID    Runtime      # DAGs    # Errors  Last Runtime    Last Run
------------------------------------------  -----  ---------  --------  ----------  --------------  -------------------
/opt/airflow/dags/daily_scrape_and_load.py                           1           0  0.83s           2026-08-12T18:54:39
================================================================================
[2026-08-12T18:55:14.826+0000] {manager.py:878} INFO - 
================================================================================
DAG File Processing Stats

File Path                                   PID    Runtime      # DAGs    # Errors  Last Runtime    Last Run
------------------------------------------  -----  ---------  --------  ----------  --------------  -------------------
/opt/airflow/dags/daily_scrape_and_load.py                           1           0  0.77s           2026-08-12T18:55:10
================================================================================
[2026-08-12T18:55:30.004+0000] {manager.py:737} INFO - Searching for files in /opt/airflow/dags
[2026-08-12T18:55:30.046+0000] {manager.py:740} INFO - There are 1 files in /opt/airflow/dags
[2026-08-12T18:55:45.199+0000] {manager.py:878} INFO - 
================================================================================
DAG File Processing Stats

File Path                                   PID    Runtime      # DAGs    # Errors  Last Runtime    Last Run
------------------------------------------  -----  ---------  --------  ----------  --------------  -------------------
/opt/airflow/dags/daily_scrape_and_load.py                           1           0  0.86s           2026-08-12T18:55:41
================================================================================
[2026-08-12T18:56:15.322+0000] {manager.py:878} INFO - 
================================================================================
DAG File Processing Stats

File Path                                   PID    Runtime      # DAGs    # Errors  Last Runtime    Last Run
------------------------------------------  -----  ---------  --------  ----------  --------------  -------------------
/opt/airflow/dags/daily_scrape_and_load.py                           1           0  0.75s           2026-08-12T18:56:12
================================================================================
[2026-08-12T18:56:45.429+0000] {manager.py:878} INFO - 
================================================================================
DAG File Processing Stats

File Path                                   PID    Runtime      # DAGs    # Errors  Last Runtime    Last Run
------------------------------------------  -----  ---------  --------  ----------  --------------  -------------------
/opt/airflow/dags/daily_scrape_and_load.py                           1           0  0.77s           2026-08-12T18:56:43
================================================================================
[2026-08-12T18:57:15.736+0000] {manager.py:878} INFO - 
================================================================================
DAG File Processing Stats

File Path                                   PID    Runtime      # DAGs    # Errors  Last Runtime    Last Run
------------------------------------------  -----  ---------  --------  ----------  --------------  -------------------
/opt/airflow/dags/daily_scrape_and_load.py                           1           0  0.75s           2026-08-12T18:57:14
================================================================================
[2026-08-12T18:57:45.995+0000] {manager.py:878} INFO - 
================================================================================
DAG File Processing Stats

File Path                                   PID    Runtime      # DAGs    # Errors  Last Runtime    Last Run
------------------------------------------  -----  ---------  --------  ----------  --------------  -------------------
/opt/airflow/dags/daily_scrape_and_load.py                           1           0  0.77s           2026-08-12T18:57:45
================================================================================
[2026-08-12T18:58:16.318+0000] {manager.py:878} INFO - 
================================================================================
DAG File Processing Stats

File Path                                     PID  Runtime      # DAGs    # Errors  Last Runtime    Last Run
------------------------------------------  -----  ---------  --------  ----------  --------------  -------------------
/opt/airflow/dags/daily_scrape_and_load.py   1270  0.67s             1           0  0.77s           2026-08-12T18:57:45
================================================================================
[2026-08-12T18:58:46.710+0000] {manager.py:878} INFO - 
================================================================================
DAG File Processing Stats

File Path                                     PID  Runtime      # DAGs    # Errors  Last Runtime    Last Run
------------------------------------------  -----  ---------  --------  ----------  --------------  -------------------
/opt/airflow/dags/daily_scrape_and_load.py   1276  0.00s             1           0  0.75s           2026-08-12T18:58:16
================================================================================
[2026-08-12T18:59:16.851+0000] {manager.py:878} INFO - 
================================================================================
DAG File Processing Stats

File Path                                   PID    Runtime      # DAGs    # Errors  Last Runtime    Last Run
------------------------------------------  -----  ---------  --------  ----------  --------------  -------------------
/opt/airflow/dags/daily_scrape_and_load.py                           1           0  0.82s           2026-08-12T18:58:47
================================================================================
[2026-08-12T18:59:46.977+0000] {manager.py:878} INFO - 
================================================================================
DAG File Processing Stats

File Path                                   PID    Runtime      # DAGs    # Errors  Last Runtime    Last Run
------------------------------------------  -----  ---------  --------  ----------  --------------  -------------------
/opt/airflow/dags/daily_scrape_and_load.py                           1           0  0.88s           2026-08-12T18:59:18
================================================================================
[2026-08-12T19:00:17.173+0000] {manager.py:878} INFO - 
================================================================================
DAG File Processing Stats

File Path                                   PID    Runtime      # DAGs    # Errors  Last Runtime    Last Run
------------------------------------------  -----  ---------  --------  ----------  --------------  -------------------
/opt/airflow/dags/daily_scrape_and_load.py                           1           0  0.93s           2026-08-12T18:59:49
================================================================================
[2026-08-12T19:00:30.835+0000] {manager.py:737} INFO - Searching for files in /opt/airflow/dags
[2026-08-12T19:00:30.874+0000] {manager.py:740} INFO - There are 1 files in /opt/airflow/dags
[2026-08-12T19:00:48.075+0000] {manager.py:878} INFO - 
================================================================================
DAG File Processing Stats

File Path                                   PID    Runtime      # DAGs    # Errors  Last Runtime    Last Run
------------------------------------------  -----  ---------  --------  ----------  --------------  -------------------
/opt/airflow/dags/daily_scrape_and_load.py                           1           0  1.53s           2026-08-12T19:00:21
================================================================================
[2026-08-12T19:01:18.343+0000] {manager.py:878} INFO - 
================================================================================
DAG File Processing Stats

File Path                                   PID    Runtime      # DAGs    # Errors  Last Runtime    Last Run
------------------------------------------  -----  ---------  --------  ----------  --------------  -------------------
/opt/airflow/dags/daily_scrape_and_load.py                           1           0  1.17s           2026-08-12T19:00:53
================================================================================
[2026-08-12T19:01:48.453+0000] {manager.py:878} INFO - 
================================================================================
DAG File Processing Stats

File Path                                   PID    Runtime      # DAGs    # Errors  Last Runtime    Last Run
------------------------------------------  -----  ---------  --------  ----------  --------------  -------------------
/opt/airflow/dags/daily_scrape_and_load.py                           1           0  0.83s           2026-08-12T19:01:24
================================================================================
[2026-08-12T19:02:18.720+0000] {manager.py:878} INFO - 
================================================================================
DAG File Processing Stats

File Path                                   PID    Runtime      # DAGs    # Errors  Last Runtime    Last Run
------------------------------------------  -----  ---------  --------  ----------  --------------  -------------------
/opt/airflow/dags/daily_scrape_and_load.py                           1           0  1.30s           2026-08-12T19:01:55
================================================================================
[2026-08-12T19:02:49.039+0000] {manager.py:878} INFO - 
================================================================================
DAG File Processing Stats

File Path                                   PID    Runtime      # DAGs    # Errors  Last Runtime    Last Run
------------------------------------------  -----  ---------  --------  ----------  --------------  -------------------
/opt/airflow/dags/daily_scrape_and_load.py                           1           0  0.77s           2026-08-12T19:02:26
================================================================================
[2026-08-12T19:03:19.187+0000] {manager.py:878} INFO - 
================================================================================
DAG File Processing Stats

File Path                                   PID    Runtime      # DAGs    # Errors  Last Runtime    Last Run
------------------------------------------  -----  ---------  --------  ----------  --------------  -------------------
/opt/airflow/dags/daily_scrape_and_load.py                           1           0  0.83s           2026-08-12T19:02:58
================================================================================
[2026-08-12T19:03:49.243+0000] {manager.py:878} INFO - 
================================================================================
DAG File Processing Stats

File Path                                   PID    Runtime      # DAGs    # Errors  Last Runtime    Last Run
------------------------------------------  -----  ---------  --------  ----------  --------------  -------------------
/opt/airflow/dags/daily_scrape_and_load.py                           1           0  0.79s           2026-08-12T19:03:29
================================================================================
[2026-08-12T19:04:19.347+0000] {manager.py:878} INFO - 
================================================================================
DAG File Processing Stats

File Path                                   PID    Runtime      # DAGs    # Errors  Last Runtime    Last Run
------------------------------------------  -----  ---------  --------  ----------  --------------  -------------------
/opt/airflow/dags/daily_scrape_and_load.py                           1           0  0.81s           2026-08-12T19:04:00
================================================================================
[2026-08-12T19:04:49.581+0000] {manager.py:878} INFO - 
================================================================================
DAG File Processing Stats

File Path                                   PID    Runtime      # DAGs    # Errors  Last Runtime    Last Run
------------------------------------------  -----  ---------  --------  ----------  --------------  -------------------
/opt/airflow/dags/daily_scrape_and_load.py                           1           0  0.85s           2026-08-12T19:04:31
================================================================================
[2026-08-12T19:05:19.674+0000] {manager.py:878} INFO - 
================================================================================
DAG File Processing Stats

File Path                                   PID    Runtime      # DAGs    # Errors  Last Runtime    Last Run
------------------------------------------  -----  ---------  --------  ----------  --------------  -------------------
/opt/airflow/dags/daily_scrape_and_load.py                           1           0  1.83s           2026-08-12T19:05:03
================================================================================
[2026-08-12T19:05:31.683+0000] {manager.py:737} INFO - Searching for files in /opt/airflow/dags
[2026-08-12T19:05:31.734+0000] {manager.py:740} INFO - There are 1 files in /opt/airflow/dags
[2026-08-12T19:05:49.964+0000] {manager.py:878} INFO - 
================================================================================
DAG File Processing Stats

File Path                                   PID    Runtime      # DAGs    # Errors  Last Runtime    Last Run
------------------------------------------  -----  ---------  --------  ----------  --------------  -------------------
/opt/airflow/dags/daily_scrape_and_load.py                           1           0  1.04s           2026-08-12T19:05:34
================================================================================
[2026-08-12T19:06:20.140+0000] {manager.py:878} INFO - 
================================================================================
DAG File Processing Stats

File Path                                   PID    Runtime      # DAGs    # Errors  Last Runtime    Last Run
------------------------------------------  -----  ---------  --------  ----------  --------------  -------------------
/opt/airflow/dags/daily_scrape_and_load.py                           1           0  0.78s           2026-08-12T19:06:05
================================================================================
[2026-08-12T19:06:50.326+0000] {manager.py:878} INFO - 
================================================================================
DAG File Processing Stats

File Path                                   PID    Runtime      # DAGs    # Errors  Last Runtime    Last Run
------------------------------------------  -----  ---------  --------  ----------  --------------  -------------------
/opt/airflow/dags/daily_scrape_and_load.py                           1           0  0.84s           2026-08-12T19:06:37
================================================================================
[2026-08-12T19:07:20.412+0000] {manager.py:878} INFO - 
================================================================================
DAG File Processing Stats

File Path                                   PID    Runtime      # DAGs    # Errors  Last Runtime    Last Run
------------------------------------------  -----  ---------  --------  ----------  --------------  -------------------
/opt/airflow/dags/daily_scrape_and_load.py                           1           0  0.77s           2026-08-12T19:07:08
================================================================================
[2026-08-12T19:07:50.521+0000] {manager.py:878} INFO - 
================================================================================
DAG File Processing Stats

File Path                                   PID    Runtime      # DAGs    # Errors  Last Runtime    Last Run
------------------------------------------  -----  ---------  --------  ----------  --------------  -------------------
/opt/airflow/dags/daily_scrape_and_load.py                           1           0  0.82s           2026-08-12T19:07:39
================================================================================
[2026-08-12T19:08:20.843+0000] {manager.py:878} INFO - 
================================================================================
DAG File Processing Stats

File Path                                   PID    Runtime      # DAGs    # Errors  Last Runtime    Last Run
------------------------------------------  -----  ---------  --------  ----------  --------------  -------------------
/opt/airflow/dags/daily_scrape_and_load.py                           1           0  0.72s           2026-08-12T19:08:10
================================================================================
[2026-08-12T19:08:51.084+0000] {manager.py:878} INFO - 
================================================================================
DAG File Processing Stats

File Path                                   PID    Runtime      # DAGs    # Errors  Last Runtime    Last Run
------------------------------------------  -----  ---------  --------  ----------  --------------  -------------------
/opt/airflow/dags/daily_scrape_and_load.py                           1           0  0.86s           2026-08-12T19:08:41
================================================================================
[2026-08-12T19:09:21.643+0000] {manager.py:878} INFO - 
================================================================================
DAG File Processing Stats

File Path                                   PID    Runtime      # DAGs    # Errors  Last Runtime    Last Run
------------------------------------------  -----  ---------  --------  ----------  --------------  -------------------
/opt/airflow/dags/daily_scrape_and_load.py                           1           0  2.29s           2026-08-12T19:09:13
================================================================================
[2026-08-12T19:09:52.193+0000] {manager.py:878} INFO - 
================================================================================
DAG File Processing Stats

File Path                                   PID    Runtime      # DAGs    # Errors  Last Runtime    Last Run
------------------------------------------  -----  ---------  --------  ----------  --------------  -------------------
/opt/airflow/dags/daily_scrape_and_load.py                           1           0  1.38s           2026-08-12T19:09:45
================================================================================
[2026-08-12T19:10:22.901+0000] {manager.py:878} INFO - 
================================================================================
DAG File Processing Stats

File Path                                   PID    Runtime      # DAGs    # Errors  Last Runtime    Last Run
------------------------------------------  -----  ---------  --------  ----------  --------------  -------------------
/opt/airflow/dags/daily_scrape_and_load.py                           1           0  1.12s           2026-08-12T19:10:16
================================================================================
[2026-08-12T19:10:31.971+0000] {manager.py:737} INFO - Searching for files in /opt/airflow/dags
[2026-08-12T19:10:31.999+0000] {manager.py:740} INFO - There are 1 files in /opt/airflow/dags
[2026-08-12T19:10:53.307+0000] {manager.py:878} INFO - 
================================================================================
DAG File Processing Stats

File Path                                   PID    Runtime      # DAGs    # Errors  Last Runtime    Last Run
------------------------------------------  -----  ---------  --------  ----------  --------------  -------------------
/opt/airflow/dags/daily_scrape_and_load.py                           1           0  2.28s           2026-08-12T19:10:49
================================================================================
[2026-08-12T19:11:23.375+0000] {manager.py:878} INFO - 
================================================================================
DAG File Processing Stats

File Path                                   PID    Runtime      # DAGs    # Errors  Last Runtime    Last Run
------------------------------------------  -----  ---------  --------  ----------  --------------  -------------------
/opt/airflow/dags/daily_scrape_and_load.py                           1           0  1.80s           2026-08-12T19:11:21
================================================================================
[2026-08-12T19:11:53.761+0000] {manager.py:878} INFO - 
================================================================================
DAG File Processing Stats

File Path                                     PID  Runtime      # DAGs    # Errors  Last Runtime    Last Run
------------------------------------------  -----  ---------  --------  ----------  --------------  -------------------
/opt/airflow/dags/daily_scrape_and_load.py   1426  2.03s             1           0  1.80s           2026-08-12T19:11:21
================================================================================
[2026-08-12T19:12:24.018+0000] {manager.py:878} INFO - 
================================================================================
DAG File Processing Stats

File Path                                   PID    Runtime      # DAGs    # Errors  Last Runtime    Last Run
------------------------------------------  -----  ---------  --------  ----------  --------------  -------------------
/opt/airflow/dags/daily_scrape_and_load.py                           1           0  2.41s           2026-08-12T19:11:54
================================================================================
[2026-08-12T19:12:54.246+0000] {manager.py:878} INFO - 
================================================================================
DAG File Processing Stats

File Path                                   PID    Runtime      # DAGs    # Errors  Last Runtime    Last Run
------------------------------------------  -----  ---------  --------  ----------  --------------  -------------------
/opt/airflow/dags/daily_scrape_and_load.py                           1           0  0.96s           2026-08-12T19:12:25
================================================================================
[2026-08-12T19:13:24.545+0000] {manager.py:878} INFO - 
================================================================================
DAG File Processing Stats

File Path                                   PID    Runtime      # DAGs    # Errors  Last Runtime    Last Run
------------------------------------------  -----  ---------  --------  ----------  --------------  -------------------
/opt/airflow/dags/daily_scrape_and_load.py                           1           0  1.58s           2026-08-12T19:12:57
================================================================================
[2026-08-12T19:13:54.700+0000] {manager.py:878} INFO - 
================================================================================
DAG File Processing Stats

File Path                                   PID    Runtime      # DAGs    # Errors  Last Runtime    Last Run
------------------------------------------  -----  ---------  --------  ----------  --------------  -------------------
/opt/airflow/dags/daily_scrape_and_load.py                           1           0  0.86s           2026-08-12T19:13:28
================================================================================
[2026-08-12T19:14:24.886+0000] {manager.py:878} INFO - 
================================================================================
DAG File Processing Stats

File Path                                   PID    Runtime      # DAGs    # Errors  Last Runtime    Last Run
------------------------------------------  -----  ---------  --------  ----------  --------------  -------------------
/opt/airflow/dags/daily_scrape_and_load.py                           1           0  0.87s           2026-08-12T19:13:59
================================================================================
[2026-08-12T19:14:55.135+0000] {manager.py:878} INFO - 
================================================================================
DAG File Processing Stats

File Path                                   PID    Runtime      # DAGs    # Errors  Last Runtime    Last Run
------------------------------------------  -----  ---------  --------  ----------  --------------  -------------------
/opt/airflow/dags/daily_scrape_and_load.py                           1           0  0.79s           2026-08-12T19:14:30
================================================================================
[2026-08-12T19:15:25.398+0000] {manager.py:878} INFO - 
================================================================================
DAG File Processing Stats

File Path                                   PID    Runtime      # DAGs    # Errors  Last Runtime    Last Run
------------------------------------------  -----  ---------  --------  ----------  --------------  -------------------
/opt/airflow/dags/daily_scrape_and_load.py                           1           0  0.81s           2026-08-12T19:15:01
================================================================================
[2026-08-12T19:15:32.459+0000] {manager.py:737} INFO - Searching for files in /opt/airflow/dags
[2026-08-12T19:15:32.500+0000] {manager.py:740} INFO - There are 1 files in /opt/airflow/dags
[2026-08-12T19:15:55.696+0000] {manager.py:878} INFO - 
================================================================================
DAG File Processing Stats

File Path                                   PID    Runtime      # DAGs    # Errors  Last Runtime    Last Run
------------------------------------------  -----  ---------  --------  ----------  --------------  -------------------
/opt/airflow/dags/daily_scrape_and_load.py                           1           0  0.94s           2026-08-12T19:15:32
================================================================================
[2026-08-12T19:16:26.006+0000] {manager.py:878} INFO - 
================================================================================
DAG File Processing Stats

File Path                                   PID    Runtime      # DAGs    # Errors  Last Runtime    Last Run
------------------------------------------  -----  ---------  --------  ----------  --------------  -------------------
/opt/airflow/dags/daily_scrape_and_load.py                           1           0  0.85s           2026-08-12T19:16:03
================================================================================
[2026-08-12T19:16:56.135+0000] {manager.py:878} INFO - 
================================================================================
DAG File Processing Stats

File Path                                   PID    Runtime      # DAGs    # Errors  Last Runtime    Last Run
------------------------------------------  -----  ---------  --------  ----------  --------------  -------------------
/opt/airflow/dags/daily_scrape_and_load.py                           1           0  0.91s           2026-08-12T19:16:34
================================================================================
[2026-08-12T19:17:26.312+0000] {manager.py:878} INFO - 
================================================================================
DAG File Processing Stats

File Path                                   PID    Runtime      # DAGs    # Errors  Last Runtime    Last Run
------------------------------------------  -----  ---------  --------  ----------  --------------  -------------------
/opt/airflow/dags/daily_scrape_and_load.py                           1           0  0.95s           2026-08-12T19:17:06
================================================================================
[2026-08-12T19:17:56.442+0000] {manager.py:878} INFO - 
================================================================================
DAG File Processing Stats

File Path                                   PID    Runtime      # DAGs    # Errors  Last Runtime    Last Run
------------------------------------------  -----  ---------  --------  ----------  --------------  -------------------
/opt/airflow/dags/daily_scrape_and_load.py                           1           0  0.86s           2026-08-12T19:17:37
================================================================================
[2026-08-12T19:18:26.586+0000] {manager.py:878} INFO - 
================================================================================
DAG File Processing Stats

File Path                                   PID    Runtime      # DAGs    # Errors  Last Runtime    Last Run
------------------------------------------  -----  ---------  --------  ----------  --------------  -------------------
/opt/airflow/dags/daily_scrape_and_load.py                           1           0  0.86s           2026-08-12T19:18:08
================================================================================
[2026-08-12T19:18:56.773+0000] {manager.py:878} INFO - 
================================================================================
DAG File Processing Stats

File Path                                   PID    Runtime      # DAGs    # Errors  Last Runtime    Last Run
------------------------------------------  -----  ---------  --------  ----------  --------------  -------------------
/opt/airflow/dags/daily_scrape_and_load.py                           1           0  0.93s           2026-08-12T19:18:39
================================================================================
[2026-08-12T19:19:26.908+0000] {manager.py:878} INFO - 
================================================================================
DAG File Processing Stats

File Path                                   PID    Runtime      # DAGs    # Errors  Last Runtime    Last Run
------------------------------------------  -----  ---------  --------  ----------  --------------  -------------------
/opt/airflow/dags/daily_scrape_and_load.py                           1           0  0.80s           2026-08-12T19:19:10
================================================================================
[2026-08-12T19:19:57.237+0000] {manager.py:878} INFO - 
================================================================================
DAG File Processing Stats

File Path                                   PID    Runtime      # DAGs    # Errors  Last Runtime    Last Run
------------------------------------------  -----  ---------  --------  ----------  --------------  -------------------
/opt/airflow/dags/daily_scrape_and_load.py                           1           0  0.75s           2026-08-12T19:19:41
================================================================================
[2026-08-12T19:20:27.385+0000] {manager.py:878} INFO - 
================================================================================
DAG File Processing Stats

File Path                                   PID    Runtime      # DAGs    # Errors  Last Runtime    Last Run
------------------------------------------  -----  ---------  --------  ----------  --------------  -------------------
/opt/airflow/dags/daily_scrape_and_load.py                           1           0  1.29s           2026-08-12T19:20:13
================================================================================
[2026-08-12T19:20:33.171+0000] {manager.py:737} INFO - Searching for files in /opt/airflow/dags
[2026-08-12T19:20:33.197+0000] {manager.py:740} INFO - There are 1 files in /opt/airflow/dags
[2026-08-12T19:20:57.629+0000] {manager.py:878} INFO - 
================================================================================
DAG File Processing Stats

File Path                                   PID    Runtime      # DAGs    # Errors  Last Runtime    Last Run
------------------------------------------  -----  ---------  --------  ----------  --------------  -------------------
/opt/airflow/dags/daily_scrape_and_load.py                           1           0  0.79s           2026-08-12T19:20:44
================================================================================
[2026-08-12T19:21:27.913+0000] {manager.py:878} INFO - 
================================================================================
DAG File Processing Stats

File Path                                   PID    Runtime      # DAGs    # Errors  Last Runtime    Last Run
------------------------------------------  -----  ---------  --------  ----------  --------------  -------------------
/opt/airflow/dags/daily_scrape_and_load.py                           1           0  0.92s           2026-08-12T19:21:15
================================================================================
[2026-08-12T20:22:39.232+0000] {manager.py:737} INFO - Searching for files in /opt/airflow/dags
[2026-08-12T20:22:39.784+0000] {manager.py:740} INFO - There are 1 files in /opt/airflow/dags
[2026-08-12T20:48:12.618+0000] {manager.py:737} INFO - Searching for files in /opt/airflow/dags
[2026-08-12T20:48:13.344+0000] {manager.py:740} INFO - There are 1 files in /opt/airflow/dags
[2026-08-12T20:48:13.418+0000] {manager.py:1203} ERROR - Processor for /opt/airflow/dags/daily_scrape_and_load.py with PID 1540 started at 2026-08-12T20:22:39.846248+00:00 has timed out, killing it.
[2026-08-12T20:59:29.458+0000] {manager.py:737} INFO - Searching for files in /opt/airflow/dags
[2026-08-12T20:59:29.594+0000] {manager.py:740} INFO - There are 1 files in /opt/airflow/dags
[2026-08-12T21:27:59.540+0000] {manager.py:737} INFO - Searching for files in /opt/airflow/dags
[2026-08-12T21:28:00.588+0000] {manager.py:740} INFO - There are 1 files in /opt/airflow/dags
[2026-08-12T21:44:12.364+0000] {manager.py:737} INFO - Searching for files in /opt/airflow/dags
[2026-08-12T21:44:12.650+0000] {manager.py:740} INFO - There are 1 files in /opt/airflow/dags
[2026-08-12T21:44:12.748+0000] {manager.py:1203} ERROR - Processor for /opt/airflow/dags/daily_scrape_and_load.py with PID 1550 started at 2026-08-12T21:28:01.130162+00:00 has timed out, killing it.
[2026-08-12T21:44:19.881+0000] {manager.py:878} INFO - 
================================================================================
DAG File Processing Stats

File Path                                   PID    Runtime      # DAGs    # Errors  Last Runtime    Last Run
------------------------------------------  -----  ---------  --------  ----------  --------------  -------------------
/opt/airflow/dags/daily_scrape_and_load.py                           0           1  971.62s         2026-08-12T21:44:12
================================================================================
[2026-08-14T17:03:03.861+0000] {manager.py:470} INFO - Processing files using up to 2 processes at a time 
[2026-08-14T17:03:03.864+0000] {manager.py:471} INFO - Process each file at most once every 30 seconds
[2026-08-14T17:03:03.867+0000] {manager.py:472} INFO - Checking for new files in /opt/airflow/dags every 300 seconds
[2026-08-14T17:03:03.870+0000] {manager.py:737} INFO - Searching for files in /opt/airflow/dags
[2026-08-14T17:03:04.070+0000] {manager.py:740} INFO - There are 1 files in /opt/airflow/dags
[2026-08-14T17:03:04.425+0000] {manager.py:878} INFO - 
================================================================================
DAG File Processing Stats

File Path                                     PID  Runtime      # DAGs    # Errors  Last Runtime    Last Run
------------------------------------------  -----  ---------  --------  ----------  --------------  ----------
/opt/airflow/dags/daily_scrape_and_load.py    164  0.14s             0           0
================================================================================
[2026-08-14T17:03:34.639+0000] {manager.py:878} INFO - 
================================================================================
DAG File Processing Stats

File Path                                   PID    Runtime      # DAGs    # Errors  Last Runtime    Last Run
------------------------------------------  -----  ---------  --------  ----------  --------------  -------------------
/opt/airflow/dags/daily_scrape_and_load.py                           1           0  3.26s           2026-08-14T17:03:07
================================================================================
[2026-08-14T17:04:04.803+0000] {manager.py:878} INFO - 
================================================================================
DAG File Processing Stats

File Path                                   PID    Runtime      # DAGs    # Errors  Last Runtime    Last Run
------------------------------------------  -----  ---------  --------  ----------  --------------  -------------------
/opt/airflow/dags/daily_scrape_and_load.py                           1           0  0.89s           2026-08-14T17:03:38
================================================================================
[2026-08-14T17:04:35.385+0000] {manager.py:878} INFO - 
================================================================================
DAG File Processing Stats

File Path                                   PID    Runtime      # DAGs    # Errors  Last Runtime    Last Run
------------------------------------------  -----  ---------  --------  ----------  --------------  -------------------
/opt/airflow/dags/daily_scrape_and_load.py                           1           0  4.55s           2026-08-14T17:04:13
================================================================================
[2026-08-14T17:05:05.743+0000] {manager.py:878} INFO - 
================================================================================
DAG File Processing Stats

File Path                                   PID    Runtime      # DAGs    # Errors  Last Runtime    Last Run
------------------------------------------  -----  ---------  --------  ----------  --------------  -------------------
/opt/airflow/dags/daily_scrape_and_load.py                           1           0  1.70s           2026-08-14T17:04:45
================================================================================
[2026-08-14T17:05:36.587+0000] {manager.py:878} INFO - 
================================================================================
DAG File Processing Stats

File Path                                   PID    Runtime      # DAGs    # Errors  Last Runtime    Last Run
------------------------------------------  -----  ---------  --------  ----------  --------------  -------------------
/opt/airflow/dags/daily_scrape_and_load.py                           1           0  1.05s           2026-08-14T17:05:16
================================================================================
[2026-08-14T17:06:06.859+0000] {manager.py:878} INFO - 
================================================================================
DAG File Processing Stats

File Path                                   PID    Runtime      # DAGs    # Errors  Last Runtime    Last Run
------------------------------------------  -----  ---------  --------  ----------  --------------  -------------------
/opt/airflow/dags/daily_scrape_and_load.py                           1           0  1.05s           2026-08-14T17:05:47
================================================================================
[2026-08-14T17:06:37.064+0000] {manager.py:878} INFO - 
================================================================================
DAG File Processing Stats

File Path                                   PID    Runtime      # DAGs    # Errors  Last Runtime    Last Run
------------------------------------------  -----  ---------  --------  ----------  --------------  -------------------
/opt/airflow/dags/daily_scrape_and_load.py                           1           0  0.95s           2026-08-14T17:06:18
================================================================================
[2026-08-14T17:07:07.176+0000] {manager.py:878} INFO - 
================================================================================
DAG File Processing Stats

File Path                                   PID    Runtime      # DAGs    # Errors  Last Runtime    Last Run
------------------------------------------  -----  ---------  --------  ----------  --------------  -------------------
/opt/airflow/dags/daily_scrape_and_load.py                           1           0  1.85s           2026-08-14T17:06:51
================================================================================
[2026-08-14T17:07:37.304+0000] {manager.py:878} INFO - 
================================================================================
DAG File Processing Stats

File Path                                   PID    Runtime      # DAGs    # Errors  Last Runtime    Last Run
------------------------------------------  -----  ---------  --------  ----------  --------------  -------------------
/opt/airflow/dags/daily_scrape_and_load.py                           1           0  0.89s           2026-08-14T17:07:22
================================================================================
[2026-08-14T17:08:04.519+0000] {manager.py:737} INFO - Searching for files in /opt/airflow/dags
[2026-08-14T17:08:04.561+0000] {manager.py:740} INFO - There are 1 files in /opt/airflow/dags
[2026-08-14T17:08:07.610+0000] {manager.py:878} INFO - 
================================================================================
DAG File Processing Stats

File Path                                   PID    Runtime      # DAGs    # Errors  Last Runtime    Last Run
------------------------------------------  -----  ---------  --------  ----------  --------------  -------------------
/opt/airflow/dags/daily_scrape_and_load.py                           1           0  1.24s           2026-08-14T17:07:53
================================================================================
[2026-08-14T17:08:38.131+0000] {manager.py:878} INFO - 
================================================================================
DAG File Processing Stats

File Path                                   PID    Runtime      # DAGs    # Errors  Last Runtime    Last Run
------------------------------------------  -----  ---------  --------  ----------  --------------  -------------------
/opt/airflow/dags/daily_scrape_and_load.py                           1           0  1.42s           2026-08-14T17:08:25
================================================================================
[2026-08-14T17:09:08.379+0000] {manager.py:878} INFO - 
================================================================================
DAG File Processing Stats

File Path                                   PID    Runtime      # DAGs    # Errors  Last Runtime    Last Run
------------------------------------------  -----  ---------  --------  ----------  --------------  -------------------
/opt/airflow/dags/daily_scrape_and_load.py                           1           0  0.96s           2026-08-14T17:08:56
================================================================================
[2026-08-14T17:09:38.391+0000] {manager.py:878} INFO - 
================================================================================
DAG File Processing Stats

File Path                                   PID    Runtime      # DAGs    # Errors  Last Runtime    Last Run
------------------------------------------  -----  ---------  --------  ----------  --------------  -------------------
/opt/airflow/dags/daily_scrape_and_load.py                           1           0  0.80s           2026-08-14T17:09:27
================================================================================
[2026-08-14T17:10:08.418+0000] {manager.py:878} INFO - 
================================================================================
DAG File Processing Stats

File Path                                   PID    Runtime      # DAGs    # Errors  Last Runtime    Last Run
------------------------------------------  -----  ---------  --------  ----------  --------------  -------------------
/opt/airflow/dags/daily_scrape_and_load.py                           1           0  0.82s           2026-08-14T17:09:58
================================================================================
[2026-08-14T17:10:38.430+0000] {manager.py:878} INFO - 
================================================================================
DAG File Processing Stats

File Path                                   PID    Runtime      # DAGs    # Errors  Last Runtime    Last Run
------------------------------------------  -----  ---------  --------  ----------  --------------  -------------------
/opt/airflow/dags/daily_scrape_and_load.py                           1           0  0.77s           2026-08-14T17:10:29
================================================================================
[2026-08-14T17:11:08.730+0000] {manager.py:878} INFO - 
================================================================================
DAG File Processing Stats

File Path                                   PID    Runtime      # DAGs    # Errors  Last Runtime    Last Run
------------------------------------------  -----  ---------  --------  ----------  --------------  -------------------
/opt/airflow/dags/daily_scrape_and_load.py                           1           0  0.78s           2026-08-14T17:11:00
================================================================================
[2026-08-14T17:11:39.069+0000] {manager.py:878} INFO - 
================================================================================
DAG File Processing Stats

File Path                                   PID    Runtime      # DAGs    # Errors  Last Runtime    Last Run
------------------------------------------  -----  ---------  --------  ----------  --------------  -------------------
/opt/airflow/dags/daily_scrape_and_load.py                           1           0  0.78s           2026-08-14T17:11:31
================================================================================
[2026-08-14T17:12:09.376+0000] {manager.py:878} INFO - 
================================================================================
DAG File Processing Stats

File Path                                   PID    Runtime      # DAGs    # Errors  Last Runtime    Last Run
------------------------------------------  -----  ---------  --------  ----------  --------------  -------------------
/opt/airflow/dags/daily_scrape_and_load.py                           1           0  0.87s           2026-08-14T17:12:02
================================================================================
[2026-08-14T17:12:39.701+0000] {manager.py:878} INFO - 
================================================================================
DAG File Processing Stats

File Path                                   PID    Runtime      # DAGs    # Errors  Last Runtime    Last Run
------------------------------------------  -----  ---------  --------  ----------  --------------  -------------------
/opt/airflow/dags/daily_scrape_and_load.py                           1           0  0.79s           2026-08-14T17:12:33
================================================================================
[2026-08-14T17:13:04.784+0000] {manager.py:737} INFO - Searching for files in /opt/airflow/dags
[2026-08-14T17:13:04.802+0000] {manager.py:740} INFO - There are 1 files in /opt/airflow/dags
[2026-08-14T17:13:09.848+0000] {manager.py:878} INFO - 
================================================================================
DAG File Processing Stats

File Path                                   PID    Runtime      # DAGs    # Errors  Last Runtime    Last Run
------------------------------------------  -----  ---------  --------  ----------  --------------  -------------------
/opt/airflow/dags/daily_scrape_and_load.py                           1           0  0.87s           2026-08-14T17:13:04
================================================================================
[2026-08-14T17:13:40.020+0000] {manager.py:878} INFO - 
================================================================================
DAG File Processing Stats

File Path                                   PID    Runtime      # DAGs    # Errors  Last Runtime    Last Run
------------------------------------------  -----  ---------  --------  ----------  --------------  -------------------
/opt/airflow/dags/daily_scrape_and_load.py                           1           0  1.06s           2026-08-14T17:13:36
================================================================================
[2026-08-14T17:14:10.147+0000] {manager.py:878} INFO - 
================================================================================
DAG File Processing Stats

File Path                                   PID    Runtime      # DAGs    # Errors  Last Runtime    Last Run
------------------------------------------  -----  ---------  --------  ----------  --------------  -------------------
/opt/airflow/dags/daily_scrape_and_load.py                           1           0  0.78s           2026-08-14T17:14:07
================================================================================
[2026-08-14T17:14:40.243+0000] {manager.py:878} INFO - 
================================================================================
DAG File Processing Stats

File Path                                   PID    Runtime      # DAGs    # Errors  Last Runtime    Last Run
------------------------------------------  -----  ---------  --------  ----------  --------------  -------------------
/opt/airflow/dags/daily_scrape_and_load.py                           1           0  0.83s           2026-08-14T17:14:38
================================================================================
[2026-08-14T17:15:10.323+0000] {manager.py:878} INFO - 
================================================================================
DAG File Processing Stats

File Path                                   PID    Runtime      # DAGs    # Errors  Last Runtime    Last Run
------------------------------------------  -----  ---------  --------  ----------  --------------  -------------------
/opt/airflow/dags/daily_scrape_and_load.py                           1           0  0.75s           2026-08-14T17:15:09
================================================================================
[2026-08-14T17:15:40.657+0000] {manager.py:878} INFO - 
================================================================================
DAG File Processing Stats

File Path                                     PID  Runtime      # DAGs    # Errors  Last Runtime    Last Run
------------------------------------------  -----  ---------  --------  ----------  --------------  -------------------
/opt/airflow/dags/daily_scrape_and_load.py    331  1.03s             1           0  0.75s           2026-08-14T17:15:09
================================================================================
[2026-08-14T17:16:10.958+0000] {manager.py:878} INFO - 
================================================================================
DAG File Processing Stats

File Path                                   PID    Runtime      # DAGs    # Errors  Last Runtime    Last Run
------------------------------------------  -----  ---------  --------  ----------  --------------  -------------------
/opt/airflow/dags/daily_scrape_and_load.py                           1           0  1.49s           2026-08-14T17:15:41
================================================================================
[2026-08-14T17:16:41.282+0000] {manager.py:878} INFO - 
================================================================================
DAG File Processing Stats

File Path                                   PID    Runtime      # DAGs    # Errors  Last Runtime    Last Run
------------------------------------------  -----  ---------  --------  ----------  --------------  -------------------
/opt/airflow/dags/daily_scrape_and_load.py                           1           0  0.75s           2026-08-14T17:16:12
================================================================================
[2026-08-14T17:17:11.369+0000] {manager.py:878} INFO - 
================================================================================
DAG File Processing Stats

File Path                                   PID    Runtime      # DAGs    # Errors  Last Runtime    Last Run
------------------------------------------  -----  ---------  --------  ----------  --------------  -------------------
/opt/airflow/dags/daily_scrape_and_load.py                           1           0  0.76s           2026-08-14T17:16:43
================================================================================
[2026-08-14T17:17:41.431+0000] {manager.py:878} INFO - 
================================================================================
DAG File Processing Stats

File Path                                   PID    Runtime      # DAGs    # Errors  Last Runtime    Last Run
------------------------------------------  -----  ---------  --------  ----------  --------------  -------------------
/opt/airflow/dags/daily_scrape_and_load.py                           1           0  0.80s           2026-08-14T17:17:14
================================================================================
[2026-08-14T17:18:05.341+0000] {manager.py:737} INFO - Searching for files in /opt/airflow/dags
[2026-08-14T17:18:05.369+0000] {manager.py:740} INFO - There are 1 files in /opt/airflow/dags
[2026-08-14T17:18:11.436+0000] {manager.py:878} INFO - 
================================================================================
DAG File Processing Stats

File Path                                   PID    Runtime      # DAGs    # Errors  Last Runtime    Last Run
------------------------------------------  -----  ---------  --------  ----------  --------------  -------------------
/opt/airflow/dags/daily_scrape_and_load.py                           1           0  0.74s           2026-08-14T17:17:45
================================================================================
[2026-08-14T17:18:41.707+0000] {manager.py:878} INFO - 
================================================================================
DAG File Processing Stats

File Path                                   PID    Runtime      # DAGs    # Errors  Last Runtime    Last Run
------------------------------------------  -----  ---------  --------  ----------  --------------  -------------------
/opt/airflow/dags/daily_scrape_and_load.py                           1           0  1.14s           2026-08-14T17:18:16
================================================================================
[2026-08-14T17:19:11.977+0000] {manager.py:878} INFO - 
================================================================================
DAG File Processing Stats

File Path                                   PID    Runtime      # DAGs    # Errors  Last Runtime    Last Run
------------------------------------------  -----  ---------  --------  ----------  --------------  -------------------
/opt/airflow/dags/daily_scrape_and_load.py                           1           0  1.02s           2026-08-14T17:18:47
================================================================================
[2026-08-14T17:19:42.238+0000] {manager.py:878} INFO - 
================================================================================
DAG File Processing Stats

File Path                                   PID    Runtime      # DAGs    # Errors  Last Runtime    Last Run
------------------------------------------  -----  ---------  --------  ----------  --------------  -------------------
/opt/airflow/dags/daily_scrape_and_load.py                           1           0  1.11s           2026-08-14T17:19:19
================================================================================
[2026-08-14T17:20:12.322+0000] {manager.py:878} INFO - 
================================================================================
DAG File Processing Stats

File Path                                   PID    Runtime      # DAGs    # Errors  Last Runtime    Last Run
------------------------------------------  -----  ---------  --------  ----------  --------------  -------------------
/opt/airflow/dags/daily_scrape_and_load.py                           1           0  0.77s           2026-08-14T17:19:50
================================================================================
[2026-08-14T17:20:42.383+0000] {manager.py:878} INFO - 
================================================================================
DAG File Processing Stats

File Path                                   PID    Runtime      # DAGs    # Errors  Last Runtime    Last Run
------------------------------------------  -----  ---------  --------  ----------  --------------  -------------------
/opt/airflow/dags/daily_scrape_and_load.py                           1           0  0.74s           2026-08-14T17:20:21
================================================================================
[2026-08-14T17:21:12.609+0000] {manager.py:878} INFO - 
================================================================================
DAG File Processing Stats

File Path                                   PID    Runtime      # DAGs    # Errors  Last Runtime    Last Run
------------------------------------------  -----  ---------  --------  ----------  --------------  -------------------
/opt/airflow/dags/daily_scrape_and_load.py                           1           0  0.92s           2026-08-14T17:20:52
================================================================================
[2026-08-14T17:21:42.675+0000] {manager.py:878} INFO - 
================================================================================
DAG File Processing Stats

File Path                                   PID    Runtime      # DAGs    # Errors  Last Runtime    Last Run
------------------------------------------  -----  ---------  --------  ----------  --------------  -------------------
/opt/airflow/dags/daily_scrape_and_load.py                           1           0  0.76s           2026-08-14T17:21:23
================================================================================
[2026-08-14T17:22:12.752+0000] {manager.py:878} INFO - 
================================================================================
DAG File Processing Stats

File Path                                   PID    Runtime      # DAGs    # Errors  Last Runtime    Last Run
------------------------------------------  -----  ---------  --------  ----------  --------------  -------------------
/opt/airflow/dags/daily_scrape_and_load.py                           1           0  0.79s           2026-08-14T17:21:54
================================================================================
[2026-08-14T17:22:42.782+0000] {manager.py:878} INFO - 
================================================================================
DAG File Processing Stats

File Path                                   PID    Runtime      # DAGs    # Errors  Last Runtime    Last Run
------------------------------------------  -----  ---------  --------  ----------  --------------  -------------------
/opt/airflow/dags/daily_scrape_and_load.py                           1           0  0.82s           2026-08-14T17:22:25
================================================================================
[2026-08-14T17:23:05.810+0000] {manager.py:737} INFO - Searching for files in /opt/airflow/dags
[2026-08-14T17:23:05.826+0000] {manager.py:740} INFO - There are 1 files in /opt/airflow/dags
[2026-08-14T17:23:12.925+0000] {manager.py:878} INFO - 
================================================================================
DAG File Processing Stats

File Path                                   PID    Runtime      # DAGs    # Errors  Last Runtime    Last Run
------------------------------------------  -----  ---------  --------  ----------  --------------  -------------------
/opt/airflow/dags/daily_scrape_and_load.py                           1           0  0.78s           2026-08-14T17:22:56
================================================================================
[2026-08-14T17:23:43.012+0000] {manager.py:878} INFO - 
================================================================================
DAG File Processing Stats

File Path                                   PID    Runtime      # DAGs    # Errors  Last Runtime    Last Run
------------------------------------------  -----  ---------  --------  ----------  --------------  -------------------
/opt/airflow/dags/daily_scrape_and_load.py                           1           0  0.78s           2026-08-14T17:23:27
================================================================================
[2026-08-14T17:24:13.107+0000] {manager.py:878} INFO - 
================================================================================
DAG File Processing Stats

File Path                                   PID    Runtime      # DAGs    # Errors  Last Runtime    Last Run
------------------------------------------  -----  ---------  --------  ----------  --------------  -------------------
/opt/airflow/dags/daily_scrape_and_load.py                           1           0  0.78s           2026-08-14T17:23:58
================================================================================
[2026-08-14T17:24:43.146+0000] {manager.py:878} INFO - 
================================================================================
DAG File Processing Stats

File Path                                   PID    Runtime      # DAGs    # Errors  Last Runtime    Last Run
------------------------------------------  -----  ---------  --------  ----------  --------------  -------------------
/opt/airflow/dags/daily_scrape_and_load.py                           1           0  0.80s           2026-08-14T17:24:30
================================================================================
[2026-08-14T17:25:13.214+0000] {manager.py:878} INFO - 
================================================================================
DAG File Processing Stats

File Path                                   PID    Runtime      # DAGs    # Errors  Last Runtime    Last Run
------------------------------------------  -----  ---------  --------  ----------  --------------  -------------------
/opt/airflow/dags/daily_scrape_and_load.py                           1           0  0.88s           2026-08-14T17:25:01
================================================================================
[2026-08-14T17:25:43.415+0000] {manager.py:878} INFO - 
================================================================================
DAG File Processing Stats

File Path                                   PID    Runtime      # DAGs    # Errors  Last Runtime    Last Run
------------------------------------------  -----  ---------  --------  ----------  --------------  -------------------
/opt/airflow/dags/daily_scrape_and_load.py                           1           0  0.90s           2026-08-14T17:25:32
================================================================================
[2026-08-14T17:26:13.604+0000] {manager.py:878} INFO - 
================================================================================
DAG File Processing Stats

File Path                                   PID    Runtime      # DAGs    # Errors  Last Runtime    Last Run
------------------------------------------  -----  ---------  --------  ----------  --------------  -------------------
/opt/airflow/dags/daily_scrape_and_load.py                           1           0  0.88s           2026-08-14T17:26:03
================================================================================
[2026-08-14T17:26:43.978+0000] {manager.py:878} INFO - 
================================================================================
DAG File Processing Stats

File Path                                   PID    Runtime      # DAGs    # Errors  Last Runtime    Last Run
------------------------------------------  -----  ---------  --------  ----------  --------------  -------------------
/opt/airflow/dags/daily_scrape_and_load.py                           1           0  2.12s           2026-08-14T17:26:35
================================================================================
[2026-08-14T17:27:14.425+0000] {manager.py:878} INFO - 
================================================================================
DAG File Processing Stats

File Path                                   PID    Runtime      # DAGs    # Errors  Last Runtime    Last Run
------------------------------------------  -----  ---------  --------  ----------  --------------  -------------------
/opt/airflow/dags/daily_scrape_and_load.py                           1           0  1.06s           2026-08-14T17:27:07
================================================================================
[2026-08-14T17:27:44.686+0000] {manager.py:878} INFO - 
================================================================================
DAG File Processing Stats

File Path                                   PID    Runtime      # DAGs    # Errors  Last Runtime    Last Run
------------------------------------------  -----  ---------  --------  ----------  --------------  -------------------
/opt/airflow/dags/daily_scrape_and_load.py                           1           0  0.95s           2026-08-14T17:27:38
================================================================================
[2026-08-14T17:28:05.833+0000] {manager.py:737} INFO - Searching for files in /opt/airflow/dags
[2026-08-14T17:28:05.863+0000] {manager.py:740} INFO - There are 1 files in /opt/airflow/dags
[2026-08-14T17:28:14.869+0000] {manager.py:878} INFO - 
================================================================================
DAG File Processing Stats

File Path                                   PID    Runtime      # DAGs    # Errors  Last Runtime    Last Run
------------------------------------------  -----  ---------  --------  ----------  --------------  -------------------
/opt/airflow/dags/daily_scrape_and_load.py                           1           0  0.93s           2026-08-14T17:28:09
================================================================================
[2026-08-14T17:28:45.039+0000] {manager.py:878} INFO - 
================================================================================
DAG File Processing Stats

File Path                                   PID    Runtime      # DAGs    # Errors  Last Runtime    Last Run
------------------------------------------  -----  ---------  --------  ----------  --------------  -------------------
/opt/airflow/dags/daily_scrape_and_load.py                           1           0  0.85s           2026-08-14T17:28:40
================================================================================
[2026-08-14T17:29:15.260+0000] {manager.py:878} INFO - 
================================================================================
DAG File Processing Stats

File Path                                   PID    Runtime      # DAGs    # Errors  Last Runtime    Last Run
------------------------------------------  -----  ---------  --------  ----------  --------------  -------------------
/opt/airflow/dags/daily_scrape_and_load.py                           1           0  0.95s           2026-08-14T17:29:12
================================================================================
[2026-08-14T17:29:45.533+0000] {manager.py:878} INFO - 
================================================================================
DAG File Processing Stats

File Path                                   PID    Runtime      # DAGs    # Errors  Last Runtime    Last Run
------------------------------------------  -----  ---------  --------  ----------  --------------  -------------------
/opt/airflow/dags/daily_scrape_and_load.py                           1           0  1.02s           2026-08-14T17:29:43
================================================================================
[2026-08-14T17:30:15.854+0000] {manager.py:878} INFO - 
================================================================================
DAG File Processing Stats

File Path                                   PID    Runtime      # DAGs    # Errors  Last Runtime    Last Run
------------------------------------------  -----  ---------  --------  ----------  --------------  -------------------
/opt/airflow/dags/daily_scrape_and_load.py                           1           0  1.03s           2026-08-14T17:30:14
================================================================================
[2026-08-14T17:30:46.089+0000] {manager.py:878} INFO - 
================================================================================
DAG File Processing Stats

File Path                                   PID    Runtime      # DAGs    # Errors  Last Runtime    Last Run
------------------------------------------  -----  ---------  --------  ----------  --------------  -------------------
/opt/airflow/dags/daily_scrape_and_load.py                           1           0  0.98s           2026-08-14T17:30:46
================================================================================
[2026-08-14T17:31:16.328+0000] {manager.py:878} INFO - 
================================================================================
DAG File Processing Stats

File Path                                     PID  Runtime      # DAGs    # Errors  Last Runtime    Last Run
------------------------------------------  -----  ---------  --------  ----------  --------------  -------------------
/opt/airflow/dags/daily_scrape_and_load.py    511  0.01s             1           0  0.98s           2026-08-14T17:30:46
================================================================================
[2026-08-14T17:31:46.545+0000] {manager.py:878} INFO - 
================================================================================
DAG File Processing Stats

File Path                                   PID    Runtime      # DAGs    # Errors  Last Runtime    Last Run
------------------------------------------  -----  ---------  --------  ----------  --------------  -------------------
/opt/airflow/dags/daily_scrape_and_load.py                           1           0  0.99s           2026-08-14T17:31:17
================================================================================
[2026-08-14T17:32:17.007+0000] {manager.py:878} INFO - 
================================================================================
DAG File Processing Stats

File Path                                   PID    Runtime      # DAGs    # Errors  Last Runtime    Last Run
------------------------------------------  -----  ---------  --------  ----------  --------------  -------------------
/opt/airflow/dags/daily_scrape_and_load.py                           1           0  2.29s           2026-08-14T17:31:49
================================================================================
[2026-08-14T17:32:47.268+0000] {manager.py:878} INFO - 
================================================================================
DAG File Processing Stats

File Path                                   PID    Runtime      # DAGs    # Errors  Last Runtime    Last Run
------------------------------------------  -----  ---------  --------  ----------  --------------  -------------------
/opt/airflow/dags/daily_scrape_and_load.py                           1           0  1.21s           2026-08-14T17:32:21
================================================================================
[2026-08-14T17:33:06.277+0000] {manager.py:737} INFO - Searching for files in /opt/airflow/dags
[2026-08-14T17:33:06.297+0000] {manager.py:740} INFO - There are 1 files in /opt/airflow/dags
[2026-08-14T17:33:17.416+0000] {manager.py:878} INFO - 
================================================================================
DAG File Processing Stats

File Path                                   PID    Runtime      # DAGs    # Errors  Last Runtime    Last Run
------------------------------------------  -----  ---------  --------  ----------  --------------  -------------------
/opt/airflow/dags/daily_scrape_and_load.py                           1           0  0.80s           2026-08-14T17:32:52
================================================================================
[2026-08-14T17:33:47.434+0000] {manager.py:878} INFO - 
================================================================================
DAG File Processing Stats

File Path                                   PID    Runtime      # DAGs    # Errors  Last Runtime    Last Run
------------------------------------------  -----  ---------  --------  ----------  --------------  -------------------
/opt/airflow/dags/daily_scrape_and_load.py                           1           0  0.74s           2026-08-14T17:33:23
================================================================================
[2026-08-14T17:34:18.354+0000] {manager.py:878} INFO - 
================================================================================
DAG File Processing Stats

File Path                                   PID    Runtime      # DAGs    # Errors  Last Runtime    Last Run
------------------------------------------  -----  ---------  --------  ----------  --------------  -------------------
/opt/airflow/dags/daily_scrape_and_load.py                           1           0  0.74s           2026-08-14T17:33:54
================================================================================
[2026-08-14T17:34:48.452+0000] {manager.py:878} INFO - 
================================================================================
DAG File Processing Stats

File Path                                   PID    Runtime      # DAGs    # Errors  Last Runtime    Last Run
------------------------------------------  -----  ---------  --------  ----------  --------------  -------------------
/opt/airflow/dags/daily_scrape_and_load.py                           1           0  0.80s           2026-08-14T17:34:25
================================================================================
[2026-08-14T17:35:18.906+0000] {manager.py:878} INFO - 
================================================================================
DAG File Processing Stats

File Path                                   PID    Runtime      # DAGs    # Errors  Last Runtime    Last Run
------------------------------------------  -----  ---------  --------  ----------  --------------  -------------------
/opt/airflow/dags/daily_scrape_and_load.py                           1           0  1.24s           2026-08-14T17:34:56
================================================================================
[2026-08-14T17:35:48.986+0000] {manager.py:878} INFO - 
================================================================================
DAG File Processing Stats

File Path                                   PID    Runtime      # DAGs    # Errors  Last Runtime    Last Run
------------------------------------------  -----  ---------  --------  ----------  --------------  -------------------
/opt/airflow/dags/daily_scrape_and_load.py                           1           0  0.85s           2026-08-14T17:35:27
================================================================================
[2026-08-14T17:36:19.540+0000] {manager.py:878} INFO - 
================================================================================
DAG File Processing Stats

File Path                                   PID    Runtime      # DAGs    # Errors  Last Runtime    Last Run
------------------------------------------  -----  ---------  --------  ----------  --------------  -------------------
/opt/airflow/dags/daily_scrape_and_load.py                           1           0  3.58s           2026-08-14T17:36:01
================================================================================
[2026-08-14T17:36:50.245+0000] {manager.py:878} INFO - 
================================================================================
DAG File Processing Stats

File Path                                   PID    Runtime      # DAGs    # Errors  Last Runtime    Last Run
------------------------------------------  -----  ---------  --------  ----------  --------------  -------------------
/opt/airflow/dags/daily_scrape_and_load.py                           1           0  2.08s           2026-08-14T17:36:34
================================================================================
[2026-08-14T17:37:20.443+0000] {manager.py:878} INFO - 
================================================================================
DAG File Processing Stats

File Path                                   PID    Runtime      # DAGs    # Errors  Last Runtime    Last Run
------------------------------------------  -----  ---------  --------  ----------  --------------  -------------------
/opt/airflow/dags/daily_scrape_and_load.py                           1           0  0.93s           2026-08-14T17:37:05
================================================================================
[2026-08-14T17:37:50.464+0000] {manager.py:878} INFO - 
================================================================================
DAG File Processing Stats

File Path                                   PID    Runtime      # DAGs    # Errors  Last Runtime    Last Run
------------------------------------------  -----  ---------  --------  ----------  --------------  -------------------
/opt/airflow/dags/daily_scrape_and_load.py                           1           0  6.80s           2026-08-14T17:37:42
================================================================================
[2026-08-14T17:38:06.590+0000] {manager.py:737} INFO - Searching for files in /opt/airflow/dags
[2026-08-14T17:38:06.690+0000] {manager.py:740} INFO - There are 1 files in /opt/airflow/dags
[2026-08-14T17:38:21.049+0000] {manager.py:878} INFO - 
================================================================================
DAG File Processing Stats

File Path                                   PID    Runtime      # DAGs    # Errors  Last Runtime    Last Run
------------------------------------------  -----  ---------  --------  ----------  --------------  -------------------
/opt/airflow/dags/daily_scrape_and_load.py                           1           0  1.56s           2026-08-14T17:38:14
================================================================================
[2026-08-14T17:38:51.232+0000] {manager.py:878} INFO - 
================================================================================
DAG File Processing Stats

File Path                                   PID    Runtime      # DAGs    # Errors  Last Runtime    Last Run
------------------------------------------  -----  ---------  --------  ----------  --------------  -------------------
/opt/airflow/dags/daily_scrape_and_load.py                           1           0  1.02s           2026-08-14T17:38:45
================================================================================
[2026-08-14T17:39:21.697+0000] {manager.py:878} INFO - 
================================================================================
DAG File Processing Stats

File Path                                   PID    Runtime      # DAGs    # Errors  Last Runtime    Last Run
------------------------------------------  -----  ---------  --------  ----------  --------------  -------------------
/opt/airflow/dags/daily_scrape_and_load.py                           1           0  1.02s           2026-08-14T17:39:16
================================================================================
[2026-08-14T17:39:52.509+0000] {manager.py:878} INFO - 
================================================================================
DAG File Processing Stats

File Path                                     PID  Runtime      # DAGs    # Errors  Last Runtime    Last Run
------------------------------------------  -----  ---------  --------  ----------  --------------  -------------------
/opt/airflow/dags/daily_scrape_and_load.py    607  5.49s             1           0  1.02s           2026-08-14T17:39:16
================================================================================
[2026-08-14T17:40:23.301+0000] {manager.py:878} INFO - 
================================================================================
DAG File Processing Stats

File Path                                   PID    Runtime      # DAGs    # Errors  Last Runtime    Last Run
------------------------------------------  -----  ---------  --------  ----------  --------------  -------------------
/opt/airflow/dags/daily_scrape_and_load.py                           1           0  7.94s           2026-08-14T17:39:54
================================================================================
[2026-08-14T17:40:53.658+0000] {manager.py:878} INFO - 
================================================================================
DAG File Processing Stats

File Path                                   PID    Runtime      # DAGs    # Errors  Last Runtime    Last Run
------------------------------------------  -----  ---------  --------  ----------  --------------  -------------------
/opt/airflow/dags/daily_scrape_and_load.py                           1           0  1.30s           2026-08-14T17:40:26
================================================================================
[2026-08-14T17:41:23.852+0000] {manager.py:878} INFO - 
================================================================================
DAG File Processing Stats

File Path                                   PID    Runtime      # DAGs    # Errors  Last Runtime    Last Run
------------------------------------------  -----  ---------  --------  ----------  --------------  -------------------
/opt/airflow/dags/daily_scrape_and_load.py                           1           0  0.86s           2026-08-14T17:40:57
================================================================================
[2026-08-14T17:41:53.904+0000] {manager.py:878} INFO - 
================================================================================
DAG File Processing Stats

File Path                                   PID    Runtime      # DAGs    # Errors  Last Runtime    Last Run
------------------------------------------  -----  ---------  --------  ----------  --------------  -------------------
/opt/airflow/dags/daily_scrape_and_load.py                           1           0  0.79s           2026-08-14T17:41:28
================================================================================
[2026-08-14T17:42:23.937+0000] {manager.py:878} INFO - 
================================================================================
DAG File Processing Stats

File Path                                   PID    Runtime      # DAGs    # Errors  Last Runtime    Last Run
------------------------------------------  -----  ---------  --------  ----------  --------------  -------------------
/opt/airflow/dags/daily_scrape_and_load.py                           1           0  0.80s           2026-08-14T17:41:59
================================================================================
[2026-08-14T17:42:54.024+0000] {manager.py:878} INFO - 
================================================================================
DAG File Processing Stats

File Path                                   PID    Runtime      # DAGs    # Errors  Last Runtime    Last Run
------------------------------------------  -----  ---------  --------  ----------  --------------  -------------------
/opt/airflow/dags/daily_scrape_and_load.py                           1           0  0.87s           2026-08-14T17:42:30
================================================================================
[2026-08-14T17:43:06.982+0000] {manager.py:737} INFO - Searching for files in /opt/airflow/dags
[2026-08-14T17:43:07.008+0000] {manager.py:740} INFO - There are 1 files in /opt/airflow/dags
[2026-08-14T17:43:24.176+0000] {manager.py:878} INFO - 
================================================================================
DAG File Processing Stats

File Path                                   PID    Runtime      # DAGs    # Errors  Last Runtime    Last Run
------------------------------------------  -----  ---------  --------  ----------  --------------  -------------------
/opt/airflow/dags/daily_scrape_and_load.py                           1           0  1.16s           2026-08-14T17:43:02
================================================================================
[2026-08-14T17:43:54.256+0000] {manager.py:878} INFO - 
================================================================================
DAG File Processing Stats

File Path                                   PID    Runtime      # DAGs    # Errors  Last Runtime    Last Run
------------------------------------------  -----  ---------  --------  ----------  --------------  -------------------
/opt/airflow/dags/daily_scrape_and_load.py                           1           0  0.77s           2026-08-14T17:43:33
================================================================================
[2026-08-14T17:44:24.529+0000] {manager.py:878} INFO - 
================================================================================
DAG File Processing Stats

File Path                                   PID    Runtime      # DAGs    # Errors  Last Runtime    Last Run
------------------------------------------  -----  ---------  --------  ----------  --------------  -------------------
/opt/airflow/dags/daily_scrape_and_load.py                           1           0  0.93s           2026-08-14T17:44:04
================================================================================
[2026-08-14T17:44:54.640+0000] {manager.py:878} INFO - 
================================================================================
DAG File Processing Stats

File Path                                   PID    Runtime      # DAGs    # Errors  Last Runtime    Last Run
------------------------------------------  -----  ---------  --------  ----------  --------------  -------------------
/opt/airflow/dags/daily_scrape_and_load.py                           1           0  0.81s           2026-08-14T17:44:35
================================================================================
[2026-08-14T17:45:25.136+0000] {manager.py:878} INFO - 
================================================================================
DAG File Processing Stats

File Path                                   PID    Runtime      # DAGs    # Errors  Last Runtime    Last Run
------------------------------------------  -----  ---------  --------  ----------  --------------  -------------------
/opt/airflow/dags/daily_scrape_and_load.py                           1           0  1.17s           2026-08-14T17:45:06
================================================================================
[2026-08-14T17:45:55.350+0000] {manager.py:878} INFO - 
================================================================================
DAG File Processing Stats

File Path                                   PID    Runtime      # DAGs    # Errors  Last Runtime    Last Run
------------------------------------------  -----  ---------  --------  ----------  --------------  -------------------
/opt/airflow/dags/daily_scrape_and_load.py                           1           0  0.95s           2026-08-14T17:45:38
================================================================================
[2026-08-14T17:46:25.471+0000] {manager.py:878} INFO - 
================================================================================
DAG File Processing Stats

File Path                                   PID    Runtime      # DAGs    # Errors  Last Runtime    Last Run
------------------------------------------  -----  ---------  --------  ----------  --------------  -------------------
/opt/airflow/dags/daily_scrape_and_load.py                           1           0  0.78s           2026-08-14T17:46:09
================================================================================
[2026-08-14T17:46:55.578+0000] {manager.py:878} INFO - 
================================================================================
DAG File Processing Stats

File Path                                   PID    Runtime      # DAGs    # Errors  Last Runtime    Last Run
------------------------------------------  -----  ---------  --------  ----------  --------------  -------------------
/opt/airflow/dags/daily_scrape_and_load.py                           1           0  0.81s           2026-08-14T17:46:40
================================================================================
[2026-08-14T17:47:25.701+0000] {manager.py:878} INFO - 
================================================================================
DAG File Processing Stats

File Path                                   PID    Runtime      # DAGs    # Errors  Last Runtime    Last Run
------------------------------------------  -----  ---------  --------  ----------  --------------  -------------------
/opt/airflow/dags/daily_scrape_and_load.py                           1           0  0.79s           2026-08-14T17:47:11
================================================================================
[2026-08-14T17:47:55.740+0000] {manager.py:878} INFO - 
================================================================================
DAG File Processing Stats

File Path                                   PID    Runtime      # DAGs    # Errors  Last Runtime    Last Run
------------------------------------------  -----  ---------  --------  ----------  --------------  -------------------
/opt/airflow/dags/daily_scrape_and_load.py                           1           0  0.75s           2026-08-14T17:47:42
================================================================================
[2026-08-14T17:48:07.654+0000] {manager.py:737} INFO - Searching for files in /opt/airflow/dags
[2026-08-14T17:48:07.676+0000] {manager.py:740} INFO - There are 1 files in /opt/airflow/dags
[2026-08-14T17:48:26.080+0000] {manager.py:878} INFO - 
================================================================================
DAG File Processing Stats

File Path                                   PID    Runtime      # DAGs    # Errors  Last Runtime    Last Run
------------------------------------------  -----  ---------  --------  ----------  --------------  -------------------
/opt/airflow/dags/daily_scrape_and_load.py                           1           0  0.76s           2026-08-14T17:48:13
================================================================================
[2026-08-14T17:48:56.394+0000] {manager.py:878} INFO - 
================================================================================
DAG File Processing Stats

File Path                                   PID    Runtime      # DAGs    # Errors  Last Runtime    Last Run
------------------------------------------  -----  ---------  --------  ----------  --------------  -------------------
/opt/airflow/dags/daily_scrape_and_load.py                           1           0  0.72s           2026-08-14T17:48:44
================================================================================
[2026-08-14T17:49:26.703+0000] {manager.py:878} INFO - 
================================================================================
DAG File Processing Stats

File Path                                   PID    Runtime      # DAGs    # Errors  Last Runtime    Last Run
------------------------------------------  -----  ---------  --------  ----------  --------------  -------------------
/opt/airflow/dags/daily_scrape_and_load.py                           1           0  0.75s           2026-08-14T17:49:15
================================================================================
[2026-08-14T17:49:56.740+0000] {manager.py:878} INFO - 
================================================================================
DAG File Processing Stats

File Path                                   PID    Runtime      # DAGs    # Errors  Last Runtime    Last Run
------------------------------------------  -----  ---------  --------  ----------  --------------  -------------------
/opt/airflow/dags/daily_scrape_and_load.py                           1           0  0.71s           2026-08-14T17:49:46
================================================================================
[2026-08-14T17:50:26.813+0000] {manager.py:878} INFO - 
================================================================================
DAG File Processing Stats

File Path                                   PID    Runtime      # DAGs    # Errors  Last Runtime    Last Run
------------------------------------------  -----  ---------  --------  ----------  --------------  -------------------
/opt/airflow/dags/daily_scrape_and_load.py                           1           0  0.72s           2026-08-14T17:50:17
================================================================================
[2026-08-14T17:50:56.882+0000] {manager.py:878} INFO - 
================================================================================
DAG File Processing Stats

File Path                                   PID    Runtime      # DAGs    # Errors  Last Runtime    Last Run
------------------------------------------  -----  ---------  --------  ----------  --------------  -------------------
/opt/airflow/dags/daily_scrape_and_load.py                           1           0  0.76s           2026-08-14T17:50:48
================================================================================
[2026-08-14T17:51:26.882+0000] {manager.py:878} INFO - 
================================================================================
DAG File Processing Stats

File Path                                   PID    Runtime      # DAGs    # Errors  Last Runtime    Last Run
------------------------------------------  -----  ---------  --------  ----------  --------------  -------------------
/opt/airflow/dags/daily_scrape_and_load.py                           1           0  0.72s           2026-08-14T17:51:19
================================================================================
[2026-08-14T17:51:56.996+0000] {manager.py:878} INFO - 
================================================================================
DAG File Processing Stats

File Path                                   PID    Runtime      # DAGs    # Errors  Last Runtime    Last Run
------------------------------------------  -----  ---------  --------  ----------  --------------  -------------------
/opt/airflow/dags/daily_scrape_and_load.py                           1           0  0.80s           2026-08-14T17:51:50
================================================================================
[2026-08-14T17:52:27.219+0000] {manager.py:878} INFO - 
================================================================================
DAG File Processing Stats

File Path                                   PID    Runtime      # DAGs    # Errors  Last Runtime    Last Run
------------------------------------------  -----  ---------  --------  ----------  --------------  -------------------
/opt/airflow/dags/daily_scrape_and_load.py                           1           0  0.87s           2026-08-14T17:52:22
================================================================================
[2026-08-14T17:52:57.244+0000] {manager.py:878} INFO - 
================================================================================
DAG File Processing Stats

File Path                                   PID    Runtime      # DAGs    # Errors  Last Runtime    Last Run
------------------------------------------  -----  ---------  --------  ----------  --------------  -------------------
/opt/airflow/dags/daily_scrape_and_load.py                           1           0  0.74s           2026-08-14T17:52:53
================================================================================
[2026-08-14T17:53:08.081+0000] {manager.py:737} INFO - Searching for files in /opt/airflow/dags
[2026-08-14T17:53:08.124+0000] {manager.py:740} INFO - There are 1 files in /opt/airflow/dags
[2026-08-14T17:53:27.291+0000] {manager.py:878} INFO - 
================================================================================
DAG File Processing Stats

File Path                                   PID    Runtime      # DAGs    # Errors  Last Runtime    Last Run
------------------------------------------  -----  ---------  --------  ----------  --------------  -------------------
/opt/airflow/dags/daily_scrape_and_load.py                           1           0  0.91s           2026-08-14T17:53:24
================================================================================
[2026-08-14T17:53:57.455+0000] {manager.py:878} INFO - 
================================================================================
DAG File Processing Stats

File Path                                   PID    Runtime      # DAGs    # Errors  Last Runtime    Last Run
------------------------------------------  -----  ---------  --------  ----------  --------------  -------------------
/opt/airflow/dags/daily_scrape_and_load.py                           1           0  0.91s           2026-08-14T17:53:55
================================================================================
[2026-08-14T17:54:27.508+0000] {manager.py:878} INFO - 
================================================================================
DAG File Processing Stats

File Path                                   PID    Runtime      # DAGs    # Errors  Last Runtime    Last Run
------------------------------------------  -----  ---------  --------  ----------  --------------  -------------------
/opt/airflow/dags/daily_scrape_and_load.py                           1           0  0.74s           2026-08-14T17:54:26
================================================================================
[2026-08-14T17:54:57.587+0000] {manager.py:878} INFO - 
================================================================================
DAG File Processing Stats

File Path                                   PID    Runtime      # DAGs    # Errors  Last Runtime    Last Run
------------------------------------------  -----  ---------  --------  ----------  --------------  -------------------
/opt/airflow/dags/daily_scrape_and_load.py                           1           0  0.84s           2026-08-14T17:54:57
================================================================================
[2026-08-14T17:55:27.686+0000] {manager.py:878} INFO - 
================================================================================
DAG File Processing Stats

File Path                                     PID  Runtime      # DAGs    # Errors  Last Runtime    Last Run
------------------------------------------  -----  ---------  --------  ----------  --------------  -------------------
/opt/airflow/dags/daily_scrape_and_load.py    787  0.02s             1           0  0.84s           2026-08-14T17:54:57
================================================================================
[2026-08-14T17:55:58.019+0000] {manager.py:878} INFO - 
================================================================================
DAG File Processing Stats

File Path                                   PID    Runtime      # DAGs    # Errors  Last Runtime    Last Run
------------------------------------------  -----  ---------  --------  ----------  --------------  -------------------
/opt/airflow/dags/daily_scrape_and_load.py                           1           0  1.71s           2026-08-14T17:55:29
================================================================================
[2026-08-14T17:56:28.349+0000] {manager.py:878} INFO - 
================================================================================
DAG File Processing Stats

File Path                                   PID    Runtime      # DAGs    # Errors  Last Runtime    Last Run
------------------------------------------  -----  ---------  --------  ----------  --------------  -------------------
/opt/airflow/dags/daily_scrape_and_load.py                           1           0  0.76s           2026-08-14T17:56:00
================================================================================
[2026-08-14T17:56:58.632+0000] {manager.py:878} INFO - 
================================================================================
DAG File Processing Stats

File Path                                   PID    Runtime      # DAGs    # Errors  Last Runtime    Last Run
------------------------------------------  -----  ---------  --------  ----------  --------------  -------------------
/opt/airflow/dags/daily_scrape_and_load.py                           1           0  0.79s           2026-08-14T17:56:31
================================================================================
[2026-08-14T17:57:28.966+0000] {manager.py:878} INFO - 
================================================================================
DAG File Processing Stats

File Path                                   PID    Runtime      # DAGs    # Errors  Last Runtime    Last Run
------------------------------------------  -----  ---------  --------  ----------  --------------  -------------------
/opt/airflow/dags/daily_scrape_and_load.py                           1           0  1.21s           2026-08-14T17:57:02
================================================================================
[2026-08-14T17:57:59.234+0000] {manager.py:878} INFO - 
================================================================================
DAG File Processing Stats

File Path                                   PID    Runtime      # DAGs    # Errors  Last Runtime    Last Run
------------------------------------------  -----  ---------  --------  ----------  --------------  -------------------
/opt/airflow/dags/daily_scrape_and_load.py                           1           0  2.03s           2026-08-14T17:57:35
================================================================================
[2026-08-14T17:58:08.380+0000] {manager.py:737} INFO - Searching for files in /opt/airflow/dags
[2026-08-14T17:58:08.399+0000] {manager.py:740} INFO - There are 1 files in /opt/airflow/dags
[2026-08-14T17:58:29.584+0000] {manager.py:878} INFO - 
================================================================================
DAG File Processing Stats

File Path                                   PID    Runtime      # DAGs    # Errors  Last Runtime    Last Run
------------------------------------------  -----  ---------  --------  ----------  --------------  -------------------
/opt/airflow/dags/daily_scrape_and_load.py                           1           0  1.17s           2026-08-14T17:58:06
================================================================================
[2026-08-14T17:58:59.742+0000] {manager.py:878} INFO - 
================================================================================
DAG File Processing Stats

File Path                                   PID    Runtime      # DAGs    # Errors  Last Runtime    Last Run
------------------------------------------  -----  ---------  --------  ----------  --------------  -------------------
/opt/airflow/dags/daily_scrape_and_load.py                           1           0  0.84s           2026-08-14T17:58:37
================================================================================
[2026-08-14T17:59:29.802+0000] {manager.py:878} INFO - 
================================================================================
DAG File Processing Stats

File Path                                   PID    Runtime      # DAGs    # Errors  Last Runtime    Last Run
------------------------------------------  -----  ---------  --------  ----------  --------------  -------------------
/opt/airflow/dags/daily_scrape_and_load.py                           1           0  0.80s           2026-08-14T17:59:08
================================================================================
[2026-08-14T17:59:59.859+0000] {manager.py:878} INFO - 
================================================================================
DAG File Processing Stats

File Path                                   PID    Runtime      # DAGs    # Errors  Last Runtime    Last Run
------------------------------------------  -----  ---------  --------  ----------  --------------  -------------------
/opt/airflow/dags/daily_scrape_and_load.py                           1           0  0.81s           2026-08-14T17:59:39
================================================================================
[2026-08-14T18:00:29.960+0000] {manager.py:878} INFO - 
================================================================================
DAG File Processing Stats

File Path                                   PID    Runtime      # DAGs    # Errors  Last Runtime    Last Run
------------------------------------------  -----  ---------  --------  ----------  --------------  -------------------
/opt/airflow/dags/daily_scrape_and_load.py                           1           0  0.84s           2026-08-14T18:00:10
================================================================================
[2026-08-14T18:00:59.979+0000] {manager.py:878} INFO - 
================================================================================
DAG File Processing Stats

File Path                                   PID    Runtime      # DAGs    # Errors  Last Runtime    Last Run
------------------------------------------  -----  ---------  --------  ----------  --------------  -------------------
/opt/airflow/dags/daily_scrape_and_load.py                           1           0  0.79s           2026-08-14T18:00:41
================================================================================
[2026-08-14T18:01:30.050+0000] {manager.py:878} INFO - 
================================================================================
DAG File Processing Stats

File Path                                   PID    Runtime      # DAGs    # Errors  Last Runtime    Last Run
------------------------------------------  -----  ---------  --------  ----------  --------------  -------------------
/opt/airflow/dags/daily_scrape_and_load.py                           1           0  0.85s           2026-08-14T18:01:12
================================================================================
[2026-08-14T18:02:00.135+0000] {manager.py:878} INFO - 
================================================================================
DAG File Processing Stats

File Path                                   PID    Runtime      # DAGs    # Errors  Last Runtime    Last Run
------------------------------------------  -----  ---------  --------  ----------  --------------  -------------------
/opt/airflow/dags/daily_scrape_and_load.py                           1           0  0.82s           2026-08-14T18:01:43
================================================================================
[2026-08-14T18:02:30.230+0000] {manager.py:878} INFO - 
================================================================================
DAG File Processing Stats

File Path                                   PID    Runtime      # DAGs    # Errors  Last Runtime    Last Run
------------------------------------------  -----  ---------  --------  ----------  --------------  -------------------
/opt/airflow/dags/daily_scrape_and_load.py                           1           0  0.85s           2026-08-14T18:02:15
================================================================================
[2026-08-14T18:03:00.538+0000] {manager.py:878} INFO - 
================================================================================
DAG File Processing Stats

File Path                                   PID    Runtime      # DAGs    # Errors  Last Runtime    Last Run
------------------------------------------  -----  ---------  --------  ----------  --------------  -------------------
/opt/airflow/dags/daily_scrape_and_load.py                           1           0  1.29s           2026-08-14T18:02:46
================================================================================
[2026-08-14T18:03:08.626+0000] {manager.py:737} INFO - Searching for files in /opt/airflow/dags
[2026-08-14T18:03:08.652+0000] {manager.py:740} INFO - There are 1 files in /opt/airflow/dags
[2026-08-14T18:03:30.734+0000] {manager.py:878} INFO - 
================================================================================
DAG File Processing Stats

File Path                                   PID    Runtime      # DAGs    # Errors  Last Runtime    Last Run
------------------------------------------  -----  ---------  --------  ----------  --------------  -------------------
/opt/airflow/dags/daily_scrape_and_load.py                           1           0  0.86s           2026-08-14T18:03:17
================================================================================
[2026-08-14T18:04:00.999+0000] {manager.py:878} INFO - 
================================================================================
DAG File Processing Stats

File Path                                   PID    Runtime      # DAGs    # Errors  Last Runtime    Last Run
------------------------------------------  -----  ---------  --------  ----------  --------------  -------------------
/opt/airflow/dags/daily_scrape_and_load.py                           1           0  4.77s           2026-08-14T18:03:52
================================================================================
[2026-08-14T18:04:31.173+0000] {manager.py:878} INFO - 
================================================================================
DAG File Processing Stats

File Path                                   PID    Runtime      # DAGs    # Errors  Last Runtime    Last Run
------------------------------------------  -----  ---------  --------  ----------  --------------  -------------------
/opt/airflow/dags/daily_scrape_and_load.py                           1           0  3.39s           2026-08-14T18:04:26
================================================================================
[2026-08-14T18:05:01.802+0000] {manager.py:878} INFO - 
================================================================================
DAG File Processing Stats

File Path                                   PID    Runtime      # DAGs    # Errors  Last Runtime    Last Run
------------------------------------------  -----  ---------  --------  ----------  --------------  -------------------
/opt/airflow/dags/daily_scrape_and_load.py                           1           0  2.44s           2026-08-14T18:04:59
================================================================================
[2026-08-14T18:05:32.518+0000] {manager.py:878} INFO - 
================================================================================
DAG File Processing Stats

File Path                                   PID    Runtime      # DAGs    # Errors  Last Runtime    Last Run
------------------------------------------  -----  ---------  --------  ----------  --------------  -------------------
/opt/airflow/dags/daily_scrape_and_load.py                           1           0  1.05s           2026-08-14T18:05:30
================================================================================
[2026-08-14T18:06:02.853+0000] {manager.py:878} INFO - 
================================================================================
DAG File Processing Stats

File Path                                   PID    Runtime      # DAGs    # Errors  Last Runtime    Last Run
------------------------------------------  -----  ---------  --------  ----------  --------------  -------------------
/opt/airflow/dags/daily_scrape_and_load.py                           1           0  1.52s           2026-08-14T18:06:02
================================================================================
[2026-08-14T18:06:33.076+0000] {manager.py:878} INFO - 
================================================================================
DAG File Processing Stats

File Path                                     PID  Runtime      # DAGs    # Errors  Last Runtime    Last Run
------------------------------------------  -----  ---------  --------  ----------  --------------  -------------------
/opt/airflow/dags/daily_scrape_and_load.py    913  0.52s             1           0  1.52s           2026-08-14T18:06:02
================================================================================
[2026-08-14T18:07:03.342+0000] {manager.py:878} INFO - 
================================================================================
DAG File Processing Stats

File Path                                   PID    Runtime      # DAGs    # Errors  Last Runtime    Last Run
------------------------------------------  -----  ---------  --------  ----------  --------------  -------------------
/opt/airflow/dags/daily_scrape_and_load.py                           1           0  0.82s           2026-08-14T18:06:33
================================================================================
[2026-08-14T18:07:33.616+0000] {manager.py:878} INFO - 
================================================================================
DAG File Processing Stats

File Path                                   PID    Runtime      # DAGs    # Errors  Last Runtime    Last Run
------------------------------------------  -----  ---------  --------  ----------  --------------  -------------------
/opt/airflow/dags/daily_scrape_and_load.py                           1           0  0.79s           2026-08-14T18:07:04
================================================================================
[2026-08-14T18:08:03.690+0000] {manager.py:878} INFO - 
================================================================================
DAG File Processing Stats

File Path                                   PID    Runtime      # DAGs    # Errors  Last Runtime    Last Run
------------------------------------------  -----  ---------  --------  ----------  --------------  -------------------
/opt/airflow/dags/daily_scrape_and_load.py                           1           0  0.78s           2026-08-14T18:07:35
================================================================================
[2026-08-14T18:08:09.034+0000] {manager.py:737} INFO - Searching for files in /opt/airflow/dags
[2026-08-14T18:08:09.073+0000] {manager.py:740} INFO - There are 1 files in /opt/airflow/dags
[2026-08-14T18:08:33.752+0000] {manager.py:878} INFO - 
================================================================================
DAG File Processing Stats

File Path                                   PID    Runtime      # DAGs    # Errors  Last Runtime    Last Run
------------------------------------------  -----  ---------  --------  ----------  --------------  -------------------
/opt/airflow/dags/daily_scrape_and_load.py                           1           0  0.76s           2026-08-14T18:08:06
================================================================================
[2026-08-14T18:09:03.903+0000] {manager.py:878} INFO - 
================================================================================
DAG File Processing Stats

File Path                                   PID    Runtime      # DAGs    # Errors  Last Runtime    Last Run
------------------------------------------  -----  ---------  --------  ----------  --------------  -------------------
/opt/airflow/dags/daily_scrape_and_load.py                           1           0  0.89s           2026-08-14T18:08:37
================================================================================
[2026-08-14T18:09:34.147+0000] {manager.py:878} INFO - 
================================================================================
DAG File Processing Stats

File Path                                   PID    Runtime      # DAGs    # Errors  Last Runtime    Last Run
------------------------------------------  -----  ---------  --------  ----------  --------------  -------------------
/opt/airflow/dags/daily_scrape_and_load.py                           1           0  0.97s           2026-08-14T18:09:08
================================================================================
[2026-08-14T18:10:04.369+0000] {manager.py:878} INFO - 
================================================================================
DAG File Processing Stats

File Path                                   PID    Runtime      # DAGs    # Errors  Last Runtime    Last Run
------------------------------------------  -----  ---------  --------  ----------  --------------  -------------------
/opt/airflow/dags/daily_scrape_and_load.py                           1           0  0.88s           2026-08-14T18:09:40
================================================================================
[2026-08-14T18:10:34.654+0000] {manager.py:878} INFO - 
================================================================================
DAG File Processing Stats

File Path                                   PID    Runtime      # DAGs    # Errors  Last Runtime    Last Run
------------------------------------------  -----  ---------  --------  ----------  --------------  -------------------
/opt/airflow/dags/daily_scrape_and_load.py                           1           0  0.79s           2026-08-14T18:10:10
================================================================================
[2026-08-14T18:11:04.920+0000] {manager.py:878} INFO - 
================================================================================
DAG File Processing Stats

File Path                                   PID    Runtime      # DAGs    # Errors  Last Runtime    Last Run
------------------------------------------  -----  ---------  --------  ----------  --------------  -------------------
/opt/airflow/dags/daily_scrape_and_load.py                           1           0  0.81s           2026-08-14T18:10:42
================================================================================
[2026-08-14T18:11:35.176+0000] {manager.py:878} INFO - 
================================================================================
DAG File Processing Stats

File Path                                   PID    Runtime      # DAGs    # Errors  Last Runtime    Last Run
------------------------------------------  -----  ---------  --------  ----------  --------------  -------------------
/opt/airflow/dags/daily_scrape_and_load.py                           1           0  0.79s           2026-08-14T18:11:13
================================================================================
[2026-08-14T18:12:05.267+0000] {manager.py:878} INFO - 
================================================================================
DAG File Processing Stats

File Path                                   PID    Runtime      # DAGs    # Errors  Last Runtime    Last Run
------------------------------------------  -----  ---------  --------  ----------  --------------  -------------------
/opt/airflow/dags/daily_scrape_and_load.py                           1           0  0.82s           2026-08-14T18:11:44
================================================================================
[2026-08-14T18:12:35.594+0000] {manager.py:878} INFO - 
================================================================================
DAG File Processing Stats

File Path                                   PID    Runtime      # DAGs    # Errors  Last Runtime    Last Run
------------------------------------------  -----  ---------  --------  ----------  --------------  -------------------
/opt/airflow/dags/daily_scrape_and_load.py                           1           0  1.07s           2026-08-14T18:12:15
================================================================================
[2026-08-14T18:13:05.652+0000] {manager.py:878} INFO - 
================================================================================
DAG File Processing Stats

File Path                                   PID    Runtime      # DAGs    # Errors  Last Runtime    Last Run
------------------------------------------  -----  ---------  --------  ----------  --------------  -------------------
/opt/airflow/dags/daily_scrape_and_load.py                           1           0  0.74s           2026-08-14T18:12:46
================================================================================
[2026-08-14T18:13:09.697+0000] {manager.py:737} INFO - Searching for files in /opt/airflow/dags
[2026-08-14T18:13:09.715+0000] {manager.py:740} INFO - There are 1 files in /opt/airflow/dags
[2026-08-14T18:13:35.780+0000] {manager.py:878} INFO - 
================================================================================
DAG File Processing Stats

File Path                                   PID    Runtime      # DAGs    # Errors  Last Runtime    Last Run
------------------------------------------  -----  ---------  --------  ----------  --------------  -------------------
/opt/airflow/dags/daily_scrape_and_load.py                           1           0  0.74s           2026-08-14T18:13:17
================================================================================
[2026-08-14T18:14:05.932+0000] {manager.py:878} INFO - 
================================================================================
DAG File Processing Stats

File Path                                   PID    Runtime      # DAGs    # Errors  Last Runtime    Last Run
------------------------------------------  -----  ---------  --------  ----------  --------------  -------------------
/opt/airflow/dags/daily_scrape_and_load.py                           1           0  0.81s           2026-08-14T18:13:48
================================================================================
[2026-08-14T18:14:36.221+0000] {manager.py:878} INFO - 
================================================================================
DAG File Processing Stats

File Path                                   PID    Runtime      # DAGs    # Errors  Last Runtime    Last Run
------------------------------------------  -----  ---------  --------  ----------  --------------  -------------------
/opt/airflow/dags/daily_scrape_and_load.py                           1           0  0.74s           2026-08-14T18:14:19
================================================================================
[2026-08-14T18:15:06.558+0000] {manager.py:878} INFO - 
================================================================================
DAG File Processing Stats

File Path                                   PID    Runtime      # DAGs    # Errors  Last Runtime    Last Run
------------------------------------------  -----  ---------  --------  ----------  --------------  -------------------
/opt/airflow/dags/daily_scrape_and_load.py                           1           0  0.74s           2026-08-14T18:14:50
================================================================================
[2026-08-14T18:15:36.967+0000] {manager.py:878} INFO - 
================================================================================
DAG File Processing Stats

File Path                                   PID    Runtime      # DAGs    # Errors  Last Runtime    Last Run
------------------------------------------  -----  ---------  --------  ----------  --------------  -------------------
/opt/airflow/dags/daily_scrape_and_load.py                           1           0  0.69s           2026-08-14T18:15:21
================================================================================
[2026-08-14T18:16:07.116+0000] {manager.py:878} INFO - 
================================================================================
DAG File Processing Stats

File Path                                   PID    Runtime      # DAGs    # Errors  Last Runtime    Last Run
------------------------------------------  -----  ---------  --------  ----------  --------------  -------------------
/opt/airflow/dags/daily_scrape_and_load.py                           1           0  0.77s           2026-08-14T18:15:52
================================================================================
[2026-08-14T18:16:37.293+0000] {manager.py:878} INFO - 
================================================================================
DAG File Processing Stats

File Path                                   PID    Runtime      # DAGs    # Errors  Last Runtime    Last Run
------------------------------------------  -----  ---------  --------  ----------  --------------  -------------------
/opt/airflow/dags/daily_scrape_and_load.py                           1           0  0.99s           2026-08-14T18:16:23
================================================================================
[2026-08-14T18:17:07.800+0000] {manager.py:878} INFO - 
================================================================================
DAG File Processing Stats

File Path                                   PID    Runtime      # DAGs    # Errors  Last Runtime    Last Run
------------------------------------------  -----  ---------  --------  ----------  --------------  -------------------
/opt/airflow/dags/daily_scrape_and_load.py                           1           0  1.13s           2026-08-14T18:16:54
================================================================================
[2026-08-14T18:17:38.078+0000] {manager.py:878} INFO - 
================================================================================
DAG File Processing Stats

File Path                                   PID    Runtime      # DAGs    # Errors  Last Runtime    Last Run
------------------------------------------  -----  ---------  --------  ----------  --------------  -------------------
/opt/airflow/dags/daily_scrape_and_load.py                           1           0  1.24s           2026-08-14T18:17:26
================================================================================
[2026-08-14T18:18:08.264+0000] {manager.py:878} INFO - 
================================================================================
DAG File Processing Stats

File Path                                   PID    Runtime      # DAGs    # Errors  Last Runtime    Last Run
------------------------------------------  -----  ---------  --------  ----------  --------------  -------------------
/opt/airflow/dags/daily_scrape_and_load.py                           1           0  1.01s           2026-08-14T18:17:57
================================================================================
[2026-08-14T18:18:10.274+0000] {manager.py:737} INFO - Searching for files in /opt/airflow/dags
[2026-08-14T18:18:10.295+0000] {manager.py:740} INFO - There are 1 files in /opt/airflow/dags
[2026-08-14T18:18:38.495+0000] {manager.py:878} INFO - 
================================================================================
DAG File Processing Stats

File Path                                   PID    Runtime      # DAGs    # Errors  Last Runtime    Last Run
------------------------------------------  -----  ---------  --------  ----------  --------------  -------------------
/opt/airflow/dags/daily_scrape_and_load.py                           1           0  1.08s           2026-08-14T18:18:28
================================================================================
[2026-08-14T18:19:08.639+0000] {manager.py:878} INFO - 
================================================================================
DAG File Processing Stats

File Path                                   PID    Runtime      # DAGs    # Errors  Last Runtime    Last Run
------------------------------------------  -----  ---------  --------  ----------  --------------  -------------------
/opt/airflow/dags/daily_scrape_and_load.py                           1           0  0.96s           2026-08-14T18:18:59
================================================================================
[2026-08-14T18:19:38.842+0000] {manager.py:878} INFO - 
================================================================================
DAG File Processing Stats

File Path                                   PID    Runtime      # DAGs    # Errors  Last Runtime    Last Run
------------------------------------------  -----  ---------  --------  ----------  --------------  -------------------
/opt/airflow/dags/daily_scrape_and_load.py                           1           0  1.10s           2026-08-14T18:19:30
================================================================================
[2026-08-14T18:30:19.358+0000] {manager.py:737} INFO - Searching for files in /opt/airflow/dags
[2026-08-14T18:30:19.431+0000] {manager.py:740} INFO - There are 1 files in /opt/airflow/dags
[2026-08-14T19:53:55.933+0000] {manager.py:737} INFO - Searching for files in /opt/airflow/dags
[2026-08-14T19:53:56.030+0000] {manager.py:740} INFO - There are 1 files in /opt/airflow/dags
[2026-08-14T22:11:45.546+0000] {manager.py:737} INFO - Searching for files in /opt/airflow/dags
[2026-08-14T22:11:45.956+0000] {manager.py:740} INFO - There are 1 files in /opt/airflow/dags
[2026-08-14T22:11:46.162+0000] {manager.py:1203} ERROR - Processor for /opt/airflow/dags/daily_scrape_and_load.py with PID 1069 started at 2026-08-14T19:53:55.550619+00:00 has timed out, killing it.
[2026-08-14T22:12:00.660+0000] {manager.py:878} INFO - 
================================================================================
DAG File Processing Stats

File Path                                   PID    Runtime      # DAGs    # Errors  Last Runtime    Last Run
------------------------------------------  -----  ---------  --------  ----------  --------------  -------------------
/opt/airflow/dags/daily_scrape_and_load.py                           0           1  8270.60s        2026-08-14T22:11:46
================================================================================
[2026-08-14T22:12:30.678+0000] {manager.py:878} INFO - 
================================================================================
DAG File Processing Stats

File Path                                   PID    Runtime      # DAGs    # Errors  Last Runtime    Last Run
------------------------------------------  -----  ---------  --------  ----------  --------------  -------------------
/opt/airflow/dags/daily_scrape_and_load.py                           1           0  3.82s           2026-08-14T22:12:20
================================================================================
[2026-08-14T22:13:00.918+0000] {manager.py:878} INFO - 
================================================================================
DAG File Processing Stats

File Path                                   PID    Runtime      # DAGs    # Errors  Last Runtime    Last Run
------------------------------------------  -----  ---------  --------  ----------  --------------  -------------------
/opt/airflow/dags/daily_scrape_and_load.py                           1           0  2.05s           2026-08-14T22:12:52
================================================================================
[2026-08-14T22:25:57.121+0000] {manager.py:737} INFO - Searching for files in /opt/airflow/dags
[2026-08-14T22:25:57.169+0000] {manager.py:740} INFO - There are 1 files in /opt/airflow/dags
[2026-08-14T23:40:05.569+0000] {manager.py:737} INFO - Searching for files in /opt/airflow/dags
[2026-08-14T23:40:05.835+0000] {manager.py:740} INFO - There are 1 files in /opt/airflow/dags
[2026-08-15T00:41:19.144+0000] {manager.py:737} INFO - Searching for files in /opt/airflow/dags
[2026-08-15T00:41:20.339+0000] {manager.py:740} INFO - There are 1 files in /opt/airflow/dags
[2026-08-15T00:41:28.007+0000] {manager.py:878} INFO - 
================================================================================
DAG File Processing Stats

File Path                                   PID    Runtime      # DAGs    # Errors  Last Runtime    Last Run
------------------------------------------  -----  ---------  --------  ----------  --------------  -------------------
/opt/airflow/dags/daily_scrape_and_load.py                           1           0  3.36s           2026-08-15T00:41:23
================================================================================
[2026-08-15T00:41:58.179+0000] {manager.py:878} INFO - 
================================================================================
DAG File Processing Stats

File Path                                   PID    Runtime      # DAGs    # Errors  Last Runtime    Last Run
------------------------------------------  -----  ---------  --------  ----------  --------------  -------------------
/opt/airflow/dags/daily_scrape_and_load.py                           1           0  0.67s           2026-08-15T00:41:54
================================================================================
[2026-08-15T00:42:28.332+0000] {manager.py:878} INFO - 
================================================================================
DAG File Processing Stats

File Path                                   PID    Runtime      # DAGs    # Errors  Last Runtime    Last Run
------------------------------------------  -----  ---------  --------  ----------  --------------  -------------------
/opt/airflow/dags/daily_scrape_and_load.py                           1           0  0.67s           2026-08-15T00:42:25
================================================================================
[2026-08-15T00:42:58.568+0000] {manager.py:878} INFO - 
================================================================================
DAG File Processing Stats

File Path                                   PID    Runtime      # DAGs    # Errors  Last Runtime    Last Run
------------------------------------------  -----  ---------  --------  ----------  --------------  -------------------
/opt/airflow/dags/daily_scrape_and_load.py                           1           0  1.77s           2026-08-15T00:42:57
================================================================================
[2026-08-15T00:43:29.021+0000] {manager.py:878} INFO - 
================================================================================
DAG File Processing Stats

File Path                                     PID  Runtime      # DAGs    # Errors  Last Runtime    Last Run
------------------------------------------  -----  ---------  --------  ----------  --------------  -------------------
/opt/airflow/dags/daily_scrape_and_load.py   1124  1.03s             1           0  1.77s           2026-08-15T00:42:57
================================================================================
[2026-08-15T00:43:59.066+0000] {manager.py:878} INFO - 
================================================================================
DAG File Processing Stats

File Path                                   PID    Runtime      # DAGs    # Errors  Last Runtime    Last Run
------------------------------------------  -----  ---------  --------  ----------  --------------  -------------------
/opt/airflow/dags/daily_scrape_and_load.py                           1           0  1.67s           2026-08-15T00:43:29
================================================================================
[2026-08-15T00:44:29.507+0000] {manager.py:878} INFO - 
================================================================================
DAG File Processing Stats

File Path                                   PID    Runtime      # DAGs    # Errors  Last Runtime    Last Run
------------------------------------------  -----  ---------  --------  ----------  --------------  -------------------
/opt/airflow/dags/daily_scrape_and_load.py                           1           0  2.08s           2026-08-15T00:44:02
================================================================================
[2026-08-15T00:44:59.809+0000] {manager.py:878} INFO - 
================================================================================
DAG File Processing Stats

File Path                                   PID    Runtime      # DAGs    # Errors  Last Runtime    Last Run
------------------------------------------  -----  ---------  --------  ----------  --------------  -------------------
/opt/airflow/dags/daily_scrape_and_load.py                           1           0  1.88s           2026-08-15T00:44:34
================================================================================
[2026-08-15T00:45:29.900+0000] {manager.py:878} INFO - 
================================================================================
DAG File Processing Stats

File Path                                   PID    Runtime      # DAGs    # Errors  Last Runtime    Last Run
------------------------------------------  -----  ---------  --------  ----------  --------------  -------------------
/opt/airflow/dags/daily_scrape_and_load.py                           1           0  1.67s           2026-08-15T00:45:06
================================================================================
[2026-08-15T00:46:00.296+0000] {manager.py:878} INFO - 
================================================================================
DAG File Processing Stats

File Path                                   PID    Runtime      # DAGs    # Errors  Last Runtime    Last Run
------------------------------------------  -----  ---------  --------  ----------  --------------  -------------------
/opt/airflow/dags/daily_scrape_and_load.py                           1           0  1.30s           2026-08-15T00:45:38
================================================================================
[2026-08-15T00:46:19.486+0000] {manager.py:737} INFO - Searching for files in /opt/airflow/dags
[2026-08-15T00:46:19.583+0000] {manager.py:740} INFO - There are 1 files in /opt/airflow/dags
[2026-08-15T00:46:30.776+0000] {manager.py:878} INFO - 
================================================================================
DAG File Processing Stats

File Path                                   PID    Runtime      # DAGs    # Errors  Last Runtime    Last Run
------------------------------------------  -----  ---------  --------  ----------  --------------  -------------------
/opt/airflow/dags/daily_scrape_and_load.py                           1           0  0.94s           2026-08-15T00:46:09
================================================================================
[2026-08-15T00:47:01.314+0000] {manager.py:878} INFO - 
================================================================================
DAG File Processing Stats

File Path                                   PID    Runtime      # DAGs    # Errors  Last Runtime    Last Run
------------------------------------------  -----  ---------  --------  ----------  --------------  -------------------
/opt/airflow/dags/daily_scrape_and_load.py                           1           0  1.28s           2026-08-15T00:46:41
================================================================================
[2026-08-15T00:47:31.450+0000] {manager.py:878} INFO - 
================================================================================
DAG File Processing Stats

File Path                                   PID    Runtime      # DAGs    # Errors  Last Runtime    Last Run
------------------------------------------  -----  ---------  --------  ----------  --------------  -------------------
/opt/airflow/dags/daily_scrape_and_load.py                           1           0  1.71s           2026-08-15T00:47:13
================================================================================
[2026-08-15T00:48:01.475+0000] {manager.py:878} INFO - 
================================================================================
DAG File Processing Stats

File Path                                   PID    Runtime      # DAGs    # Errors  Last Runtime    Last Run
------------------------------------------  -----  ---------  --------  ----------  --------------  -------------------
/opt/airflow/dags/daily_scrape_and_load.py                           1           0  1.66s           2026-08-15T00:47:45
================================================================================
[2026-08-15T00:48:31.882+0000] {manager.py:878} INFO - 
================================================================================
DAG File Processing Stats

File Path                                   PID    Runtime      # DAGs    # Errors  Last Runtime    Last Run
------------------------------------------  -----  ---------  --------  ----------  --------------  -------------------
/opt/airflow/dags/daily_scrape_and_load.py                           1           0  1.75s           2026-08-15T00:48:17
================================================================================
[2026-08-15T00:49:02.271+0000] {manager.py:878} INFO - 
================================================================================
DAG File Processing Stats

File Path                                   PID    Runtime      # DAGs    # Errors  Last Runtime    Last Run
------------------------------------------  -----  ---------  --------  ----------  --------------  -------------------
/opt/airflow/dags/daily_scrape_and_load.py                           1           0  1.71s           2026-08-15T00:48:49
================================================================================
[2026-08-15T00:49:32.380+0000] {manager.py:878} INFO - 
================================================================================
DAG File Processing Stats

File Path                                   PID    Runtime      # DAGs    # Errors  Last Runtime    Last Run
------------------------------------------  -----  ---------  --------  ----------  --------------  -------------------
/opt/airflow/dags/daily_scrape_and_load.py                           1           0  1.68s           2026-08-15T00:49:21
================================================================================
[2026-08-15T00:50:02.565+0000] {manager.py:878} INFO - 
================================================================================
DAG File Processing Stats

File Path                                   PID    Runtime      # DAGs    # Errors  Last Runtime    Last Run
------------------------------------------  -----  ---------  --------  ----------  --------------  -------------------
/opt/airflow/dags/daily_scrape_and_load.py                           1           0  1.79s           2026-08-15T00:49:53
================================================================================
[2026-08-15T01:03:24.484+0000] {manager.py:737} INFO - Searching for files in /opt/airflow/dags
[2026-08-15T01:03:24.527+0000] {manager.py:740} INFO - There are 1 files in /opt/airflow/dags
[2026-08-15T01:03:24.588+0000] {manager.py:878} INFO - 
================================================================================
DAG File Processing Stats

File Path                                     PID  Runtime      # DAGs    # Errors  Last Runtime    Last Run
------------------------------------------  -----  ---------  --------  ----------  --------------  -------------------
/opt/airflow/dags/daily_scrape_and_load.py   1213  0.01s             1           0  1.49s           2026-08-15T00:50:25
================================================================================
[2026-08-15T02:08:03.998+0000] {manager.py:737} INFO - Searching for files in /opt/airflow/dags
[2026-08-15T02:08:04.562+0000] {manager.py:740} INFO - There are 1 files in /opt/airflow/dags
[2026-08-15T15:04:01.517+0000] {manager.py:737} INFO - Searching for files in /opt/airflow/dags
[2026-08-15T15:04:02.213+0000] {manager.py:740} INFO - There are 1 files in /opt/airflow/dags
[2026-08-15T15:04:22.989+0000] {manager.py:878} INFO - 
================================================================================
DAG File Processing Stats

File Path                                   PID    Runtime      # DAGs    # Errors  Last Runtime    Last Run
------------------------------------------  -----  ---------  --------  ----------  --------------  -------------------
/opt/airflow/dags/daily_scrape_and_load.py                           1           0  4.21s           2026-08-15T15:04:06
================================================================================
[2026-08-15T15:04:53.551+0000] {manager.py:878} INFO - 
================================================================================
DAG File Processing Stats

File Path                                   PID    Runtime      # DAGs    # Errors  Last Runtime    Last Run
------------------------------------------  -----  ---------  --------  ----------  --------------  -------------------
/opt/airflow/dags/daily_scrape_and_load.py                           1           0  3.17s           2026-08-15T15:04:40
================================================================================
[2026-08-15T15:05:24.041+0000] {manager.py:878} INFO - 
================================================================================
DAG File Processing Stats

File Path                                   PID    Runtime      # DAGs    # Errors  Last Runtime    Last Run
------------------------------------------  -----  ---------  --------  ----------  --------------  -------------------
/opt/airflow/dags/daily_scrape_and_load.py                           1           0  3.27s           2026-08-15T15:05:14
================================================================================
[2026-08-15T15:05:54.683+0000] {manager.py:878} INFO - 
================================================================================
DAG File Processing Stats

File Path                                   PID    Runtime      # DAGs    # Errors  Last Runtime    Last Run
------------------------------------------  -----  ---------  --------  ----------  --------------  -------------------
/opt/airflow/dags/daily_scrape_and_load.py                           1           0  7.47s           2026-08-15T15:05:51
================================================================================
[2026-08-15T15:06:24.810+0000] {manager.py:878} INFO - 
================================================================================
DAG File Processing Stats

File Path                                     PID  Runtime      # DAGs    # Errors  Last Runtime    Last Run
------------------------------------------  -----  ---------  --------  ----------  --------------  -------------------
/opt/airflow/dags/daily_scrape_and_load.py   1250  2.20s             1           0  7.47s           2026-08-15T15:05:51
================================================================================
[2026-08-15T15:06:55.220+0000] {manager.py:878} INFO - 
================================================================================
DAG File Processing Stats

File Path                                   PID    Runtime      # DAGs    # Errors  Last Runtime    Last Run
------------------------------------------  -----  ---------  --------  ----------  --------------  -------------------
/opt/airflow/dags/daily_scrape_and_load.py                           1           0  9.07s           2026-08-15T15:06:31
================================================================================
[2026-08-15T15:07:26.103+0000] {manager.py:878} INFO - 
================================================================================
DAG File Processing Stats

File Path                                   PID    Runtime      # DAGs    # Errors  Last Runtime    Last Run
------------------------------------------  -----  ---------  --------  ----------  --------------  -------------------
/opt/airflow/dags/daily_scrape_and_load.py                           1           0  2.10s           2026-08-15T15:07:03
================================================================================
[2026-08-15T15:07:56.419+0000] {manager.py:878} INFO - 
================================================================================
DAG File Processing Stats

File Path                                   PID    Runtime      # DAGs    # Errors  Last Runtime    Last Run
------------------------------------------  -----  ---------  --------  ----------  --------------  -------------------
/opt/airflow/dags/daily_scrape_and_load.py                           1           0  1.16s           2026-08-15T15:07:35
================================================================================
[2026-08-15T15:08:26.624+0000] {manager.py:878} INFO - 
================================================================================
DAG File Processing Stats

File Path                                   PID    Runtime      # DAGs    # Errors  Last Runtime    Last Run
------------------------------------------  -----  ---------  --------  ----------  --------------  -------------------
/opt/airflow/dags/daily_scrape_and_load.py                           1           0  0.91s           2026-08-15T15:08:06
================================================================================
[2026-08-15T15:08:56.881+0000] {manager.py:878} INFO - 
================================================================================
DAG File Processing Stats

File Path                                   PID    Runtime      # DAGs    # Errors  Last Runtime    Last Run
------------------------------------------  -----  ---------  --------  ----------  --------------  -------------------
/opt/airflow/dags/daily_scrape_and_load.py                           1           0  0.97s           2026-08-15T15:08:37
================================================================================
[2026-08-15T15:09:01.918+0000] {manager.py:737} INFO - Searching for files in /opt/airflow/dags
[2026-08-15T15:09:01.954+0000] {manager.py:740} INFO - There are 1 files in /opt/airflow/dags
[2026-08-15T15:09:26.958+0000] {manager.py:878} INFO - 
================================================================================
DAG File Processing Stats

File Path                                   PID    Runtime      # DAGs    # Errors  Last Runtime    Last Run
------------------------------------------  -----  ---------  --------  ----------  --------------  -------------------
/opt/airflow/dags/daily_scrape_and_load.py                           1           0  0.79s           2026-08-15T15:09:08
================================================================================
[2026-08-15T15:09:57.048+0000] {manager.py:878} INFO - 
================================================================================
DAG File Processing Stats

File Path                                   PID    Runtime      # DAGs    # Errors  Last Runtime    Last Run
------------------------------------------  -----  ---------  --------  ----------  --------------  -------------------
/opt/airflow/dags/daily_scrape_and_load.py                           1           0  0.87s           2026-08-15T15:09:39
================================================================================
[2026-08-15T15:10:27.113+0000] {manager.py:878} INFO - 
================================================================================
DAG File Processing Stats

File Path                                   PID    Runtime      # DAGs    # Errors  Last Runtime    Last Run
------------------------------------------  -----  ---------  --------  ----------  --------------  -------------------
/opt/airflow/dags/daily_scrape_and_load.py                           1           0  0.81s           2026-08-15T15:10:10
================================================================================
[2026-08-15T15:10:57.220+0000] {manager.py:878} INFO - 
================================================================================
DAG File Processing Stats

File Path                                   PID    Runtime      # DAGs    # Errors  Last Runtime    Last Run
------------------------------------------  -----  ---------  --------  ----------  --------------  -------------------
/opt/airflow/dags/daily_scrape_and_load.py                           1           0  0.85s           2026-08-15T15:10:42
================================================================================
[2026-08-15T15:11:27.145+0000] {manager.py:878} INFO - 
================================================================================
DAG File Processing Stats

File Path                                   PID    Runtime      # DAGs    # Errors  Last Runtime    Last Run
------------------------------------------  -----  ---------  --------  ----------  --------------  -------------------
/opt/airflow/dags/daily_scrape_and_load.py                           1           0  0.87s           2026-08-15T15:11:13
================================================================================
[2026-08-15T15:11:57.230+0000] {manager.py:878} INFO - 
================================================================================
DAG File Processing Stats

File Path                                   PID    Runtime      # DAGs    # Errors  Last Runtime    Last Run
------------------------------------------  -----  ---------  --------  ----------  --------------  -------------------
/opt/airflow/dags/daily_scrape_and_load.py                           1           0  0.91s           2026-08-15T15:11:44
================================================================================
[2026-08-15T15:12:27.445+0000] {manager.py:878} INFO - 
================================================================================
DAG File Processing Stats

File Path                                   PID    Runtime      # DAGs    # Errors  Last Runtime    Last Run
------------------------------------------  -----  ---------  --------  ----------  --------------  -------------------
/opt/airflow/dags/daily_scrape_and_load.py                           1           0  0.94s           2026-08-15T15:12:15
================================================================================
[2026-08-15T15:12:57.801+0000] {manager.py:878} INFO - 
================================================================================
DAG File Processing Stats

File Path                                   PID    Runtime      # DAGs    # Errors  Last Runtime    Last Run
------------------------------------------  -----  ---------  --------  ----------  --------------  -------------------
/opt/airflow/dags/daily_scrape_and_load.py                           1           0  1.10s           2026-08-15T15:12:46
================================================================================
[2026-08-15T15:13:27.880+0000] {manager.py:878} INFO - 
================================================================================
DAG File Processing Stats

File Path                                   PID    Runtime      # DAGs    # Errors  Last Runtime    Last Run
------------------------------------------  -----  ---------  --------  ----------  --------------  -------------------
/opt/airflow/dags/daily_scrape_and_load.py                           1           0  0.84s           2026-08-15T15:13:17
================================================================================
[2026-08-15T15:13:57.892+0000] {manager.py:878} INFO - 
================================================================================
DAG File Processing Stats

File Path                                   PID    Runtime      # DAGs    # Errors  Last Runtime    Last Run
------------------------------------------  -----  ---------  --------  ----------  --------------  -------------------
/opt/airflow/dags/daily_scrape_and_load.py                           1           0  0.81s           2026-08-15T15:13:48
================================================================================
[2026-08-15T15:14:01.920+0000] {manager.py:737} INFO - Searching for files in /opt/airflow/dags
[2026-08-15T15:14:01.942+0000] {manager.py:740} INFO - There are 1 files in /opt/airflow/dags
[2026-08-15T15:14:28.211+0000] {manager.py:878} INFO - 
================================================================================
DAG File Processing Stats

File Path                                   PID    Runtime      # DAGs    # Errors  Last Runtime    Last Run
------------------------------------------  -----  ---------  --------  ----------  --------------  -------------------
/opt/airflow/dags/daily_scrape_and_load.py                           1           0  1.09s           2026-08-15T15:14:20
================================================================================
[2026-08-15T15:14:58.421+0000] {manager.py:878} INFO - 
================================================================================
DAG File Processing Stats

File Path                                   PID    Runtime      # DAGs    # Errors  Last Runtime    Last Run
------------------------------------------  -----  ---------  --------  ----------  --------------  -------------------
/opt/airflow/dags/daily_scrape_and_load.py                           1           0  0.97s           2026-08-15T15:14:51
================================================================================
[2026-08-15T15:15:28.454+0000] {manager.py:878} INFO - 
================================================================================
DAG File Processing Stats

File Path                                   PID    Runtime      # DAGs    # Errors  Last Runtime    Last Run
------------------------------------------  -----  ---------  --------  ----------  --------------  -------------------
/opt/airflow/dags/daily_scrape_and_load.py                           1           0  0.76s           2026-08-15T15:15:22
================================================================================
[2026-08-15T15:15:58.502+0000] {manager.py:878} INFO - 
================================================================================
DAG File Processing Stats

File Path                                   PID    Runtime      # DAGs    # Errors  Last Runtime    Last Run
------------------------------------------  -----  ---------  --------  ----------  --------------  -------------------
/opt/airflow/dags/daily_scrape_and_load.py                           1           0  0.80s           2026-08-15T15:15:53
================================================================================
[2026-08-15T15:16:28.617+0000] {manager.py:878} INFO - 
================================================================================
DAG File Processing Stats

File Path                                   PID    Runtime      # DAGs    # Errors  Last Runtime    Last Run
------------------------------------------  -----  ---------  --------  ----------  --------------  -------------------
/opt/airflow/dags/daily_scrape_and_load.py                           1           0  0.87s           2026-08-15T15:16:24
================================================================================
[2026-08-15T15:16:59.440+0000] {manager.py:878} INFO - 
================================================================================
DAG File Processing Stats

File Path                                   PID    Runtime      # DAGs    # Errors  Last Runtime    Last Run
------------------------------------------  -----  ---------  --------  ----------  --------------  -------------------
/opt/airflow/dags/daily_scrape_and_load.py                           1           0  1.66s           2026-08-15T15:16:56
================================================================================
[2026-08-15T15:17:29.748+0000] {manager.py:878} INFO - 
================================================================================
DAG File Processing Stats

File Path                                   PID    Runtime      # DAGs    # Errors  Last Runtime    Last Run
------------------------------------------  -----  ---------  --------  ----------  --------------  -------------------
/opt/airflow/dags/daily_scrape_and_load.py                           1           0  1.39s           2026-08-15T15:17:28
================================================================================
[2026-08-15T15:18:00.316+0000] {manager.py:878} INFO - 
================================================================================
DAG File Processing Stats

File Path                                     PID  Runtime      # DAGs    # Errors  Last Runtime    Last Run
------------------------------------------  -----  ---------  --------  ----------  --------------  -------------------
/opt/airflow/dags/daily_scrape_and_load.py   1382  2.09s             1           0  1.39s           2026-08-15T15:17:28
================================================================================
[2026-08-15T15:18:30.459+0000] {manager.py:878} INFO - 
================================================================================
DAG File Processing Stats

File Path                                   PID    Runtime      # DAGs    # Errors  Last Runtime    Last Run
------------------------------------------  -----  ---------  --------  ----------  --------------  -------------------
/opt/airflow/dags/daily_scrape_and_load.py                           1           0  2.93s           2026-08-15T15:18:01
================================================================================
[2026-08-15T15:19:00.863+0000] {manager.py:878} INFO - 
================================================================================
DAG File Processing Stats

File Path                                   PID    Runtime      # DAGs    # Errors  Last Runtime    Last Run
------------------------------------------  -----  ---------  --------  ----------  --------------  -------------------
/opt/airflow/dags/daily_scrape_and_load.py                           1           0  2.31s           2026-08-15T15:18:33
================================================================================
[2026-08-15T15:19:02.048+0000] {manager.py:737} INFO - Searching for files in /opt/airflow/dags
[2026-08-15T15:19:02.096+0000] {manager.py:740} INFO - There are 1 files in /opt/airflow/dags
[2026-08-15T15:19:31.139+0000] {manager.py:878} INFO - 
================================================================================
DAG File Processing Stats

File Path                                   PID    Runtime      # DAGs    # Errors  Last Runtime    Last Run
------------------------------------------  -----  ---------  --------  ----------  --------------  -------------------
/opt/airflow/dags/daily_scrape_and_load.py                           1           0  1.18s           2026-08-15T15:19:05
================================================================================
[2026-08-15T15:20:01.448+0000] {manager.py:878} INFO - 
================================================================================
DAG File Processing Stats

File Path                                   PID    Runtime      # DAGs    # Errors  Last Runtime    Last Run
------------------------------------------  -----  ---------  --------  ----------  --------------  -------------------
/opt/airflow/dags/daily_scrape_and_load.py                           1           0  3.13s           2026-08-15T15:19:38
================================================================================
[2026-08-15T15:20:31.710+0000] {manager.py:878} INFO - 
================================================================================
DAG File Processing Stats

File Path                                   PID    Runtime      # DAGs    # Errors  Last Runtime    Last Run
------------------------------------------  -----  ---------  --------  ----------  --------------  -------------------
/opt/airflow/dags/daily_scrape_and_load.py                           1           0  1.33s           2026-08-15T15:20:09
================================================================================
[2026-08-15T15:21:02.236+0000] {manager.py:878} INFO - 
================================================================================
DAG File Processing Stats

File Path                                   PID    Runtime      # DAGs    # Errors  Last Runtime    Last Run
------------------------------------------  -----  ---------  --------  ----------  --------------  -------------------
/opt/airflow/dags/daily_scrape_and_load.py                           1           0  1.20s           2026-08-15T15:20:41
================================================================================
[2026-08-15T15:21:32.376+0000] {manager.py:878} INFO - 
================================================================================
DAG File Processing Stats

File Path                                   PID    Runtime      # DAGs    # Errors  Last Runtime    Last Run
------------------------------------------  -----  ---------  --------  ----------  --------------  -------------------
/opt/airflow/dags/daily_scrape_and_load.py                           1           0  1.90s           2026-08-15T15:21:13
================================================================================
[2026-08-15T15:22:02.883+0000] {manager.py:878} INFO - 
================================================================================
DAG File Processing Stats

File Path                                   PID    Runtime      # DAGs    # Errors  Last Runtime    Last Run
------------------------------------------  -----  ---------  --------  ----------  --------------  -------------------
/opt/airflow/dags/daily_scrape_and_load.py                           1           0  1.34s           2026-08-15T15:21:44
================================================================================
[2026-08-15T15:22:33.105+0000] {manager.py:878} INFO - 
================================================================================
DAG File Processing Stats

File Path                                   PID    Runtime      # DAGs    # Errors  Last Runtime    Last Run
------------------------------------------  -----  ---------  --------  ----------  --------------  -------------------
/opt/airflow/dags/daily_scrape_and_load.py                           1           0  0.95s           2026-08-15T15:22:15
================================================================================
[2026-08-15T15:23:03.314+0000] {manager.py:878} INFO - 
================================================================================
DAG File Processing Stats

File Path                                   PID    Runtime      # DAGs    # Errors  Last Runtime    Last Run
------------------------------------------  -----  ---------  --------  ----------  --------------  -------------------
/opt/airflow/dags/daily_scrape_and_load.py                           1           0  0.98s           2026-08-15T15:22:47
================================================================================
[2026-08-15T15:23:33.435+0000] {manager.py:878} INFO - 
================================================================================
DAG File Processing Stats

File Path                                   PID    Runtime      # DAGs    # Errors  Last Runtime    Last Run
------------------------------------------  -----  ---------  --------  ----------  --------------  -------------------
/opt/airflow/dags/daily_scrape_and_load.py                           1           0  0.88s           2026-08-15T15:23:18
================================================================================
[2026-08-15T15:24:02.546+0000] {manager.py:737} INFO - Searching for files in /opt/airflow/dags
[2026-08-15T15:24:02.589+0000] {manager.py:740} INFO - There are 1 files in /opt/airflow/dags
[2026-08-15T15:24:03.622+0000] {manager.py:878} INFO - 
================================================================================
DAG File Processing Stats

File Path                                   PID    Runtime      # DAGs    # Errors  Last Runtime    Last Run
------------------------------------------  -----  ---------  --------  ----------  --------------  -------------------
/opt/airflow/dags/daily_scrape_and_load.py                           1           0  0.91s           2026-08-15T15:23:49
================================================================================
[2026-08-15T15:24:34.435+0000] {manager.py:878} INFO - 
================================================================================
DAG File Processing Stats

File Path                                   PID    Runtime      # DAGs    # Errors  Last Runtime    Last Run
------------------------------------------  -----  ---------  --------  ----------  --------------  -------------------
/opt/airflow/dags/daily_scrape_and_load.py                           1           0  2.50s           2026-08-15T15:24:22
================================================================================
[2026-08-15T15:25:04.855+0000] {manager.py:878} INFO - 
================================================================================
DAG File Processing Stats

File Path                                   PID    Runtime      # DAGs    # Errors  Last Runtime    Last Run
------------------------------------------  -----  ---------  --------  ----------  --------------  -------------------
/opt/airflow/dags/daily_scrape_and_load.py                           1           0  2.04s           2026-08-15T15:24:54
================================================================================
[2026-08-15T15:25:35.146+0000] {manager.py:878} INFO - 
================================================================================
DAG File Processing Stats

File Path                                   PID    Runtime      # DAGs    # Errors  Last Runtime    Last Run
------------------------------------------  -----  ---------  --------  ----------  --------------  -------------------
/opt/airflow/dags/daily_scrape_and_load.py                           1           0  1.62s           2026-08-15T15:25:27
================================================================================
[2026-08-15T15:26:05.855+0000] {manager.py:878} INFO - 
================================================================================
DAG File Processing Stats

File Path                                   PID    Runtime      # DAGs    # Errors  Last Runtime    Last Run
------------------------------------------  -----  ---------  --------  ----------  --------------  -------------------
/opt/airflow/dags/daily_scrape_and_load.py                           1           0  1.64s           2026-08-15T15:25:58
================================================================================
[2026-08-15T15:26:36.113+0000] {manager.py:878} INFO - 
================================================================================
DAG File Processing Stats

File Path                                   PID    Runtime      # DAGs    # Errors  Last Runtime    Last Run
------------------------------------------  -----  ---------  --------  ----------  --------------  -------------------
/opt/airflow/dags/daily_scrape_and_load.py                           1           0  1.10s           2026-08-15T15:26:30
================================================================================
[2026-08-15T15:27:06.208+0000] {manager.py:878} INFO - 
================================================================================
DAG File Processing Stats

File Path                                   PID    Runtime      # DAGs    # Errors  Last Runtime    Last Run
------------------------------------------  -----  ---------  --------  ----------  --------------  -------------------
/opt/airflow/dags/daily_scrape_and_load.py                           1           0  1.76s           2026-08-15T15:27:02
================================================================================
[2026-08-15T15:27:36.740+0000] {manager.py:878} INFO - 
================================================================================
DAG File Processing Stats

File Path                                   PID    Runtime      # DAGs    # Errors  Last Runtime    Last Run
------------------------------------------  -----  ---------  --------  ----------  --------------  -------------------
/opt/airflow/dags/daily_scrape_and_load.py                           1           0  2.33s           2026-08-15T15:27:34
================================================================================
[2026-08-15T15:28:07.193+0000] {manager.py:878} INFO - 
================================================================================
DAG File Processing Stats

File Path                                     PID  Runtime      # DAGs    # Errors  Last Runtime    Last Run
------------------------------------------  -----  ---------  --------  ----------  --------------  -------------------
/opt/airflow/dags/daily_scrape_and_load.py   1496  2.13s             1           0  2.33s           2026-08-15T15:27:34
================================================================================
[2026-08-15T15:28:38.024+0000] {manager.py:878} INFO - 
================================================================================
DAG File Processing Stats

File Path                                   PID    Runtime      # DAGs    # Errors  Last Runtime    Last Run
------------------------------------------  -----  ---------  --------  ----------  --------------  -------------------
/opt/airflow/dags/daily_scrape_and_load.py                           1           0  3.27s           2026-08-15T15:28:08
================================================================================
[2026-08-15T15:29:03.257+0000] {manager.py:737} INFO - Searching for files in /opt/airflow/dags
[2026-08-15T15:29:03.294+0000] {manager.py:740} INFO - There are 1 files in /opt/airflow/dags
[2026-08-15T15:29:08.365+0000] {manager.py:878} INFO - 
================================================================================
DAG File Processing Stats

File Path                                   PID    Runtime      # DAGs    # Errors  Last Runtime    Last Run
------------------------------------------  -----  ---------  --------  ----------  --------------  -------------------
/opt/airflow/dags/daily_scrape_and_load.py                           1           0  1.29s           2026-08-15T15:28:40
================================================================================
[2026-08-15T15:29:38.817+0000] {manager.py:878} INFO - 
================================================================================
DAG File Processing Stats

File Path                                   PID    Runtime      # DAGs    # Errors  Last Runtime    Last Run
------------------------------------------  -----  ---------  --------  ----------  --------------  -------------------
/opt/airflow/dags/daily_scrape_and_load.py                           1           0  1.22s           2026-08-15T15:29:11
================================================================================
[2026-08-15T15:30:09.150+0000] {manager.py:878} INFO - 
================================================================================
DAG File Processing Stats

File Path                                   PID    Runtime      # DAGs    # Errors  Last Runtime    Last Run
------------------------------------------  -----  ---------  --------  ----------  --------------  -------------------
/opt/airflow/dags/daily_scrape_and_load.py                           1           0  1.08s           2026-08-15T15:29:42
================================================================================
[2026-08-15T15:30:39.462+0000] {manager.py:878} INFO - 
================================================================================
DAG File Processing Stats

File Path                                   PID    Runtime      # DAGs    # Errors  Last Runtime    Last Run
------------------------------------------  -----  ---------  --------  ----------  --------------  -------------------
/opt/airflow/dags/daily_scrape_and_load.py                           1           0  1.90s           2026-08-15T15:30:15
================================================================================
[2026-08-15T15:31:09.610+0000] {manager.py:878} INFO - 
================================================================================
DAG File Processing Stats

File Path                                   PID    Runtime      # DAGs    # Errors  Last Runtime    Last Run
------------------------------------------  -----  ---------  --------  ----------  --------------  -------------------
/opt/airflow/dags/daily_scrape_and_load.py                           1           0  1.74s           2026-08-15T15:30:47
================================================================================
[2026-08-15T15:31:39.795+0000] {manager.py:878} INFO - 
================================================================================
DAG File Processing Stats

File Path                                   PID    Runtime      # DAGs    # Errors  Last Runtime    Last Run
------------------------------------------  -----  ---------  --------  ----------  --------------  -------------------
/opt/airflow/dags/daily_scrape_and_load.py                           1           0  1.79s           2026-08-15T15:31:19
================================================================================
[2026-08-15T15:32:09.901+0000] {manager.py:878} INFO - 
================================================================================
DAG File Processing Stats

File Path                                   PID    Runtime      # DAGs    # Errors  Last Runtime    Last Run
------------------------------------------  -----  ---------  --------  ----------  --------------  -------------------
/opt/airflow/dags/daily_scrape_and_load.py                           1           0  0.79s           2026-08-15T15:31:50
================================================================================
[2026-08-15T15:32:40.268+0000] {manager.py:878} INFO - 
================================================================================
DAG File Processing Stats

File Path                                   PID    Runtime      # DAGs    # Errors  Last Runtime    Last Run
------------------------------------------  -----  ---------  --------  ----------  --------------  -------------------
/opt/airflow/dags/daily_scrape_and_load.py                           1           0  3.65s           2026-08-15T15:32:24
================================================================================
[2026-08-15T15:33:10.663+0000] {manager.py:878} INFO - 
================================================================================
DAG File Processing Stats

File Path                                   PID    Runtime      # DAGs    # Errors  Last Runtime    Last Run
------------------------------------------  -----  ---------  --------  ----------  --------------  -------------------
/opt/airflow/dags/daily_scrape_and_load.py                           1           0  3.43s           2026-08-15T15:32:58
================================================================================
[2026-08-15T15:33:40.924+0000] {manager.py:878} INFO - 
================================================================================
DAG File Processing Stats

File Path                                   PID    Runtime      # DAGs    # Errors  Last Runtime    Last Run
------------------------------------------  -----  ---------  --------  ----------  --------------  -------------------
/opt/airflow/dags/daily_scrape_and_load.py                           1           0  1.10s           2026-08-15T15:33:29
================================================================================
[2026-08-15T15:34:03.424+0000] {manager.py:737} INFO - Searching for files in /opt/airflow/dags
[2026-08-15T15:34:03.447+0000] {manager.py:740} INFO - There are 1 files in /opt/airflow/dags
[2026-08-15T15:34:11.204+0000] {manager.py:878} INFO - 
================================================================================
DAG File Processing Stats

File Path                                   PID    Runtime      # DAGs    # Errors  Last Runtime    Last Run
------------------------------------------  -----  ---------  --------  ----------  --------------  -------------------
/opt/airflow/dags/daily_scrape_and_load.py                           1           0  1.32s           2026-08-15T15:34:01
================================================================================
[2026-08-15T15:34:41.751+0000] {manager.py:878} INFO - 
================================================================================
DAG File Processing Stats

File Path                                   PID    Runtime      # DAGs    # Errors  Last Runtime    Last Run
------------------------------------------  -----  ---------  --------  ----------  --------------  -------------------
/opt/airflow/dags/daily_scrape_and_load.py                           1           0  1.15s           2026-08-15T15:34:32
================================================================================
[2026-08-15T15:35:12.093+0000] {manager.py:878} INFO - 
================================================================================
DAG File Processing Stats

File Path                                   PID    Runtime      # DAGs    # Errors  Last Runtime    Last Run
------------------------------------------  -----  ---------  --------  ----------  --------------  -------------------
/opt/airflow/dags/daily_scrape_and_load.py                           1           0  3.98s           2026-08-15T15:35:07
================================================================================
[2026-08-15T15:35:42.330+0000] {manager.py:878} INFO - 
================================================================================
DAG File Processing Stats

File Path                                   PID    Runtime      # DAGs    # Errors  Last Runtime    Last Run
------------------------------------------  -----  ---------  --------  ----------  --------------  -------------------
/opt/airflow/dags/daily_scrape_and_load.py                           1           0  1.10s           2026-08-15T15:35:38
================================================================================
[2026-08-15T15:36:12.592+0000] {manager.py:878} INFO - 
================================================================================
DAG File Processing Stats

File Path                                   PID    Runtime      # DAGs    # Errors  Last Runtime    Last Run
------------------------------------------  -----  ---------  --------  ----------  --------------  -------------------
/opt/airflow/dags/daily_scrape_and_load.py                           1           0  1.16s           2026-08-15T15:36:09
================================================================================
[2026-08-15T15:36:42.878+0000] {manager.py:878} INFO - 
================================================================================
DAG File Processing Stats

File Path                                   PID    Runtime      # DAGs    # Errors  Last Runtime    Last Run
------------------------------------------  -----  ---------  --------  ----------  --------------  -------------------
/opt/airflow/dags/daily_scrape_and_load.py                           1           0  1.07s           2026-08-15T15:36:40
================================================================================
[2026-08-15T15:37:13.208+0000] {manager.py:878} INFO - 
================================================================================
DAG File Processing Stats

File Path                                   PID    Runtime      # DAGs    # Errors  Last Runtime    Last Run
------------------------------------------  -----  ---------  --------  ----------  --------------  -------------------
/opt/airflow/dags/daily_scrape_and_load.py                           1           0  1.54s           2026-08-15T15:37:12
================================================================================
[2026-08-15T15:37:43.427+0000] {manager.py:878} INFO - 
================================================================================
DAG File Processing Stats

File Path                                     PID  Runtime      # DAGs    # Errors  Last Runtime    Last Run
------------------------------------------  -----  ---------  --------  ----------  --------------  -------------------
/opt/airflow/dags/daily_scrape_and_load.py   1604  0.44s             1           0  1.54s           2026-08-15T15:37:12
================================================================================
[2026-08-15T15:38:14.289+0000] {manager.py:878} INFO - 
================================================================================
DAG File Processing Stats

File Path                                     PID  Runtime      # DAGs    # Errors  Last Runtime    Last Run
------------------------------------------  -----  ---------  --------  ----------  --------------  -------------------
/opt/airflow/dags/daily_scrape_and_load.py   1610  0.01s             1           0  1.03s           2026-08-15T15:37:44
================================================================================
[2026-08-15T15:38:44.463+0000] {manager.py:878} INFO - 
================================================================================
DAG File Processing Stats

File Path                                   PID    Runtime      # DAGs    # Errors  Last Runtime    Last Run
------------------------------------------  -----  ---------  --------  ----------  --------------  -------------------
/opt/airflow/dags/daily_scrape_and_load.py                           1           0  0.86s           2026-08-15T15:38:15
================================================================================
[2026-08-15T15:39:03.466+0000] {manager.py:737} INFO - Searching for files in /opt/airflow/dags
[2026-08-15T15:39:03.488+0000] {manager.py:740} INFO - There are 1 files in /opt/airflow/dags
[2026-08-15T15:39:14.614+0000] {manager.py:878} INFO - 
================================================================================
DAG File Processing Stats

File Path                                   PID    Runtime      # DAGs    # Errors  Last Runtime    Last Run
------------------------------------------  -----  ---------  --------  ----------  --------------  -------------------
/opt/airflow/dags/daily_scrape_and_load.py                           1           0  0.84s           2026-08-15T15:38:46
================================================================================
[2026-08-15T15:39:44.744+0000] {manager.py:878} INFO - 
================================================================================
DAG File Processing Stats

File Path                                   PID    Runtime      # DAGs    # Errors  Last Runtime    Last Run
------------------------------------------  -----  ---------  --------  ----------  --------------  -------------------
/opt/airflow/dags/daily_scrape_and_load.py                           1           0  0.88s           2026-08-15T15:39:17
================================================================================
[2026-08-15T15:40:15.037+0000] {manager.py:878} INFO - 
================================================================================
DAG File Processing Stats

File Path                                   PID    Runtime      # DAGs    # Errors  Last Runtime    Last Run
------------------------------------------  -----  ---------  --------  ----------  --------------  -------------------
/opt/airflow/dags/daily_scrape_and_load.py                           1           0  0.94s           2026-08-15T15:39:48
================================================================================
[2026-08-15T15:40:45.366+0000] {manager.py:878} INFO - 
================================================================================
DAG File Processing Stats

File Path                                   PID    Runtime      # DAGs    # Errors  Last Runtime    Last Run
------------------------------------------  -----  ---------  --------  ----------  --------------  -------------------
/opt/airflow/dags/daily_scrape_and_load.py                           1           0  1.08s           2026-08-15T15:40:20
================================================================================
[2026-08-15T15:41:15.445+0000] {manager.py:878} INFO - 
================================================================================
DAG File Processing Stats

File Path                                   PID    Runtime      # DAGs    # Errors  Last Runtime    Last Run
------------------------------------------  -----  ---------  --------  ----------  --------------  -------------------
/opt/airflow/dags/daily_scrape_and_load.py                           1           0  0.79s           2026-08-15T15:40:51
================================================================================
[2026-08-15T15:41:45.549+0000] {manager.py:878} INFO - 
================================================================================
DAG File Processing Stats

File Path                                   PID    Runtime      # DAGs    # Errors  Last Runtime    Last Run
------------------------------------------  -----  ---------  --------  ----------  --------------  -------------------
/opt/airflow/dags/daily_scrape_and_load.py                           1           0  0.83s           2026-08-15T15:41:22
================================================================================
[2026-08-15T15:42:15.697+0000] {manager.py:878} INFO - 
================================================================================
DAG File Processing Stats

File Path                                   PID    Runtime      # DAGs    # Errors  Last Runtime    Last Run
------------------------------------------  -----  ---------  --------  ----------  --------------  -------------------
/opt/airflow/dags/daily_scrape_and_load.py                           1           0  0.84s           2026-08-15T15:41:53
================================================================================
[2026-08-15T15:42:46.006+0000] {manager.py:878} INFO - 
================================================================================
DAG File Processing Stats

File Path                                   PID    Runtime      # DAGs    # Errors  Last Runtime    Last Run
------------------------------------------  -----  ---------  --------  ----------  --------------  -------------------
/opt/airflow/dags/daily_scrape_and_load.py                           1           0  1.11s           2026-08-15T15:42:24
================================================================================
[2026-08-15T15:43:16.133+0000] {manager.py:878} INFO - 
================================================================================
DAG File Processing Stats

File Path                                   PID    Runtime      # DAGs    # Errors  Last Runtime    Last Run
------------------------------------------  -----  ---------  --------  ----------  --------------  -------------------
/opt/airflow/dags/daily_scrape_and_load.py                           1           0  0.80s           2026-08-15T15:42:55
================================================================================
[2026-08-15T15:43:46.352+0000] {manager.py:878} INFO - 
================================================================================
DAG File Processing Stats

File Path                                   PID    Runtime      # DAGs    # Errors  Last Runtime    Last Run
------------------------------------------  -----  ---------  --------  ----------  --------------  -------------------
/opt/airflow/dags/daily_scrape_and_load.py                           1           0  0.96s           2026-08-15T15:43:27
================================================================================
[2026-08-15T15:44:03.815+0000] {manager.py:737} INFO - Searching for files in /opt/airflow/dags
[2026-08-15T15:44:03.883+0000] {manager.py:740} INFO - There are 1 files in /opt/airflow/dags
[2026-08-15T15:44:16.355+0000] {manager.py:878} INFO - 
================================================================================
DAG File Processing Stats

File Path                                   PID    Runtime      # DAGs    # Errors  Last Runtime    Last Run
------------------------------------------  -----  ---------  --------  ----------  --------------  -------------------
/opt/airflow/dags/daily_scrape_and_load.py                           1           0  1.71s           2026-08-15T15:43:59
================================================================================
[2026-08-15T15:44:46.714+0000] {manager.py:878} INFO - 
================================================================================
DAG File Processing Stats

File Path                                   PID    Runtime      # DAGs    # Errors  Last Runtime    Last Run
------------------------------------------  -----  ---------  --------  ----------  --------------  -------------------
/opt/airflow/dags/daily_scrape_and_load.py                           1           0  1.60s           2026-08-15T15:44:30
================================================================================
[2026-08-15T15:45:17.431+0000] {manager.py:878} INFO - 
================================================================================
DAG File Processing Stats

File Path                                   PID    Runtime      # DAGs    # Errors  Last Runtime    Last Run
------------------------------------------  -----  ---------  --------  ----------  --------------  -------------------
/opt/airflow/dags/daily_scrape_and_load.py                           1           0  2.07s           2026-08-15T15:45:03
================================================================================
[2026-08-15T15:45:47.679+0000] {manager.py:878} INFO - 
================================================================================
DAG File Processing Stats

File Path                                   PID    Runtime      # DAGs    # Errors  Last Runtime    Last Run
------------------------------------------  -----  ---------  --------  ----------  --------------  -------------------
/opt/airflow/dags/daily_scrape_and_load.py                           1           0  0.91s           2026-08-15T15:45:34
================================================================================
[2026-08-15T15:46:17.872+0000] {manager.py:878} INFO - 
================================================================================
DAG File Processing Stats

File Path                                   PID    Runtime      # DAGs    # Errors  Last Runtime    Last Run
------------------------------------------  -----  ---------  --------  ----------  --------------  -------------------
/opt/airflow/dags/daily_scrape_and_load.py                           1           0  0.85s           2026-08-15T15:46:05
================================================================================
[2026-08-15T15:46:47.990+0000] {manager.py:878} INFO - 
================================================================================
DAG File Processing Stats

File Path                                   PID    Runtime      # DAGs    # Errors  Last Runtime    Last Run
------------------------------------------  -----  ---------  --------  ----------  --------------  -------------------
/opt/airflow/dags/daily_scrape_and_load.py                           1           0  0.84s           2026-08-15T15:46:36
================================================================================
[2026-08-15T15:47:18.185+0000] {manager.py:878} INFO - 
================================================================================
DAG File Processing Stats

File Path                                   PID    Runtime      # DAGs    # Errors  Last Runtime    Last Run
------------------------------------------  -----  ---------  --------  ----------  --------------  -------------------
/opt/airflow/dags/daily_scrape_and_load.py                           1           0  0.87s           2026-08-15T15:47:08
================================================================================
[2026-08-15T15:47:48.433+0000] {manager.py:878} INFO - 
================================================================================
DAG File Processing Stats

File Path                                   PID    Runtime      # DAGs    # Errors  Last Runtime    Last Run
------------------------------------------  -----  ---------  --------  ----------  --------------  -------------------
/opt/airflow/dags/daily_scrape_and_load.py                           1           0  0.92s           2026-08-15T15:47:39
================================================================================
[2026-08-15T15:48:18.510+0000] {manager.py:878} INFO - 
================================================================================
DAG File Processing Stats

File Path                                   PID    Runtime      # DAGs    # Errors  Last Runtime    Last Run
------------------------------------------  -----  ---------  --------  ----------  --------------  -------------------
/opt/airflow/dags/daily_scrape_and_load.py                           1           0  0.87s           2026-08-15T15:48:10
================================================================================
[2026-08-15T15:48:48.796+0000] {manager.py:878} INFO - 
================================================================================
DAG File Processing Stats

File Path                                   PID    Runtime      # DAGs    # Errors  Last Runtime    Last Run
------------------------------------------  -----  ---------  --------  ----------  --------------  -------------------
/opt/airflow/dags/daily_scrape_and_load.py                           1           0  1.06s           2026-08-15T15:48:41
================================================================================
[2026-08-15T15:49:03.971+0000] {manager.py:737} INFO - Searching for files in /opt/airflow/dags
[2026-08-15T15:49:04.021+0000] {manager.py:740} INFO - There are 1 files in /opt/airflow/dags
[2026-08-15T15:49:19.308+0000] {manager.py:878} INFO - 
================================================================================
DAG File Processing Stats

File Path                                   PID    Runtime      # DAGs    # Errors  Last Runtime    Last Run
------------------------------------------  -----  ---------  --------  ----------  --------------  -------------------
/opt/airflow/dags/daily_scrape_and_load.py                           1           0  1.42s           2026-08-15T15:49:13
================================================================================
[2026-08-15T15:49:49.532+0000] {manager.py:878} INFO - 
================================================================================
DAG File Processing Stats

File Path                                   PID    Runtime      # DAGs    # Errors  Last Runtime    Last Run
------------------------------------------  -----  ---------  --------  ----------  --------------  -------------------
/opt/airflow/dags/daily_scrape_and_load.py                           1           0  0.84s           2026-08-15T15:49:44
================================================================================
[2026-08-15T15:50:19.546+0000] {manager.py:878} INFO - 
================================================================================
DAG File Processing Stats

File Path                                   PID    Runtime      # DAGs    # Errors  Last Runtime    Last Run
------------------------------------------  -----  ---------  --------  ----------  --------------  -------------------
/opt/airflow/dags/daily_scrape_and_load.py                           1           0  0.76s           2026-08-15T15:50:15
================================================================================
[2026-08-15T15:50:49.674+0000] {manager.py:878} INFO - 
================================================================================
DAG File Processing Stats

File Path                                   PID    Runtime      # DAGs    # Errors  Last Runtime    Last Run
------------------------------------------  -----  ---------  --------  ----------  --------------  -------------------
/opt/airflow/dags/daily_scrape_and_load.py                           1           0  0.74s           2026-08-15T15:50:46
================================================================================
[2026-08-15T15:51:19.972+0000] {manager.py:878} INFO - 
================================================================================
DAG File Processing Stats

File Path                                   PID    Runtime      # DAGs    # Errors  Last Runtime    Last Run
------------------------------------------  -----  ---------  --------  ----------  --------------  -------------------
/opt/airflow/dags/daily_scrape_and_load.py                           1           0  0.74s           2026-08-15T15:51:17
================================================================================
[2026-08-15T15:51:50.286+0000] {manager.py:878} INFO - 
================================================================================
DAG File Processing Stats

File Path                                   PID    Runtime      # DAGs    # Errors  Last Runtime    Last Run
------------------------------------------  -----  ---------  --------  ----------  --------------  -------------------
/opt/airflow/dags/daily_scrape_and_load.py                           1           0  0.76s           2026-08-15T15:51:48
================================================================================
[2026-08-15T15:52:20.568+0000] {manager.py:878} INFO - 
================================================================================
DAG File Processing Stats

File Path                                   PID    Runtime      # DAGs    # Errors  Last Runtime    Last Run
------------------------------------------  -----  ---------  --------  ----------  --------------  -------------------
/opt/airflow/dags/daily_scrape_and_load.py                           1           0  0.74s           2026-08-15T15:52:19
================================================================================
[2026-08-15T15:52:50.709+0000] {manager.py:878} INFO - 
================================================================================
DAG File Processing Stats

File Path                                   PID    Runtime      # DAGs    # Errors  Last Runtime    Last Run
------------------------------------------  -----  ---------  --------  ----------  --------------  -------------------
/opt/airflow/dags/daily_scrape_and_load.py                           1           0  0.75s           2026-08-15T15:52:50
================================================================================
[2026-08-15T15:53:21.043+0000] {manager.py:878} INFO - 
================================================================================
DAG File Processing Stats

File Path                                     PID  Runtime      # DAGs    # Errors  Last Runtime    Last Run
------------------------------------------  -----  ---------  --------  ----------  --------------  -------------------
/opt/airflow/dags/daily_scrape_and_load.py   1784  0.01s             1           0  0.75s           2026-08-15T15:52:50
================================================================================
[2026-08-15T15:53:51.082+0000] {manager.py:878} INFO - 
================================================================================
DAG File Processing Stats

File Path                                   PID    Runtime      # DAGs    # Errors  Last Runtime    Last Run
------------------------------------------  -----  ---------  --------  ----------  --------------  -------------------
/opt/airflow/dags/daily_scrape_and_load.py                           1           0  0.75s           2026-08-15T15:53:21
================================================================================
[2026-08-15T15:54:04.019+0000] {manager.py:737} INFO - Searching for files in /opt/airflow/dags
[2026-08-15T15:54:04.062+0000] {manager.py:740} INFO - There are 1 files in /opt/airflow/dags
[2026-08-15T15:54:21.209+0000] {manager.py:878} INFO - 
================================================================================
DAG File Processing Stats

File Path                                   PID    Runtime      # DAGs    # Errors  Last Runtime    Last Run
------------------------------------------  -----  ---------  --------  ----------  --------------  -------------------
/opt/airflow/dags/daily_scrape_and_load.py                           1           0  0.78s           2026-08-15T15:53:52
================================================================================
[2026-08-15T15:54:51.286+0000] {manager.py:878} INFO - 
================================================================================
DAG File Processing Stats

File Path                                   PID    Runtime      # DAGs    # Errors  Last Runtime    Last Run
------------------------------------------  -----  ---------  --------  ----------  --------------  -------------------
/opt/airflow/dags/daily_scrape_and_load.py                           1           0  1.15s           2026-08-15T15:54:24
================================================================================
[2026-08-15T15:55:21.471+0000] {manager.py:878} INFO - 
================================================================================
DAG File Processing Stats

File Path                                   PID    Runtime      # DAGs    # Errors  Last Runtime    Last Run
------------------------------------------  -----  ---------  --------  ----------  --------------  -------------------
/opt/airflow/dags/daily_scrape_and_load.py                           1           0  1.66s           2026-08-15T15:54:55
================================================================================
[2026-08-15T15:55:51.638+0000] {manager.py:878} INFO - 
================================================================================
DAG File Processing Stats

File Path                                   PID    Runtime      # DAGs    # Errors  Last Runtime    Last Run
------------------------------------------  -----  ---------  --------  ----------  --------------  -------------------
/opt/airflow/dags/daily_scrape_and_load.py                           1           0  0.92s           2026-08-15T15:55:26
================================================================================
[2026-08-15T15:56:21.716+0000] {manager.py:878} INFO - 
================================================================================
DAG File Processing Stats

File Path                                   PID    Runtime      # DAGs    # Errors  Last Runtime    Last Run
------------------------------------------  -----  ---------  --------  ----------  --------------  -------------------
/opt/airflow/dags/daily_scrape_and_load.py                           1           0  1.42s           2026-08-15T15:55:58
================================================================================
[2026-08-15T15:56:51.781+0000] {manager.py:878} INFO - 
================================================================================
DAG File Processing Stats

File Path                                   PID    Runtime      # DAGs    # Errors  Last Runtime    Last Run
------------------------------------------  -----  ---------  --------  ----------  --------------  -------------------
/opt/airflow/dags/daily_scrape_and_load.py                           1           0  0.89s           2026-08-15T15:56:29
================================================================================
[2026-08-15T15:57:22.687+0000] {manager.py:878} INFO - 
================================================================================
DAG File Processing Stats

File Path                                   PID    Runtime      # DAGs    # Errors  Last Runtime    Last Run
------------------------------------------  -----  ---------  --------  ----------  --------------  -------------------
/opt/airflow/dags/daily_scrape_and_load.py                           1           0  1.79s           2026-08-15T15:57:01
================================================================================
[2026-08-15T15:57:52.699+0000] {manager.py:878} INFO - 
================================================================================
DAG File Processing Stats

File Path                                   PID    Runtime      # DAGs    # Errors  Last Runtime    Last Run
------------------------------------------  -----  ---------  --------  ----------  --------------  -------------------
/opt/airflow/dags/daily_scrape_and_load.py                           1           0  2.74s           2026-08-15T15:57:34
================================================================================
[2026-08-15T15:58:23.058+0000] {manager.py:878} INFO - 
================================================================================
DAG File Processing Stats

File Path                                   PID    Runtime      # DAGs    # Errors  Last Runtime    Last Run
------------------------------------------  -----  ---------  --------  ----------  --------------  -------------------
/opt/airflow/dags/daily_scrape_and_load.py                           1           0  1.97s           2026-08-15T15:58:06
================================================================================
[2026-08-15T15:58:53.528+0000] {manager.py:878} INFO - 
================================================================================
DAG File Processing Stats

File Path                                   PID    Runtime      # DAGs    # Errors  Last Runtime    Last Run
------------------------------------------  -----  ---------  --------  ----------  --------------  -------------------
/opt/airflow/dags/daily_scrape_and_load.py                           1           0  2.28s           2026-08-15T15:58:39
================================================================================
[2026-08-15T15:59:04.690+0000] {manager.py:737} INFO - Searching for files in /opt/airflow/dags
[2026-08-15T15:59:04.809+0000] {manager.py:740} INFO - There are 1 files in /opt/airflow/dags
[2026-08-15T15:59:24.169+0000] {manager.py:878} INFO - 
================================================================================
DAG File Processing Stats

File Path                                   PID    Runtime      # DAGs    # Errors  Last Runtime    Last Run
------------------------------------------  -----  ---------  --------  ----------  --------------  -------------------
/opt/airflow/dags/daily_scrape_and_load.py                           1           0  2.24s           2026-08-15T15:59:12
================================================================================
[2026-08-15T15:59:54.617+0000] {manager.py:878} INFO - 
================================================================================
DAG File Processing Stats

File Path                                   PID    Runtime      # DAGs    # Errors  Last Runtime    Last Run
------------------------------------------  -----  ---------  --------  ----------  --------------  -------------------
/opt/airflow/dags/daily_scrape_and_load.py                           1           0  2.15s           2026-08-15T15:59:44
================================================================================
[2026-08-15T16:00:24.703+0000] {manager.py:878} INFO - 
================================================================================
DAG File Processing Stats

File Path                                   PID    Runtime      # DAGs    # Errors  Last Runtime    Last Run
------------------------------------------  -----  ---------  --------  ----------  --------------  -------------------
/opt/airflow/dags/daily_scrape_and_load.py                           1           0  2.55s           2026-08-15T16:00:17
================================================================================
[2026-08-15T16:00:54.731+0000] {manager.py:878} INFO - 
================================================================================
DAG File Processing Stats

File Path                                   PID    Runtime      # DAGs    # Errors  Last Runtime    Last Run
------------------------------------------  -----  ---------  --------  ----------  --------------  -------------------
/opt/airflow/dags/daily_scrape_and_load.py                           1           0  2.10s           2026-08-15T16:00:49
================================================================================
[2026-08-15T16:01:25.201+0000] {manager.py:878} INFO - 
================================================================================
DAG File Processing Stats

File Path                                   PID    Runtime      # DAGs    # Errors  Last Runtime    Last Run
------------------------------------------  -----  ---------  --------  ----------  --------------  -------------------
/opt/airflow/dags/daily_scrape_and_load.py                           1           0  1.68s           2026-08-15T16:01:21
================================================================================
[2026-08-15T16:01:55.247+0000] {manager.py:878} INFO - 
================================================================================
DAG File Processing Stats

File Path                                   PID    Runtime      # DAGs    # Errors  Last Runtime    Last Run
------------------------------------------  -----  ---------  --------  ----------  --------------  -------------------
/opt/airflow/dags/daily_scrape_and_load.py                           1           0  2.15s           2026-08-15T16:01:54
================================================================================
[2026-08-15T16:02:25.666+0000] {manager.py:878} INFO - 
================================================================================
DAG File Processing Stats

File Path                                     PID  Runtime      # DAGs    # Errors  Last Runtime    Last Run
------------------------------------------  -----  ---------  --------  ----------  --------------  -------------------
/opt/airflow/dags/daily_scrape_and_load.py   1886  1.03s             1           0  2.15s           2026-08-15T16:01:54
================================================================================
[2026-08-15T16:02:55.871+0000] {manager.py:878} INFO - 
================================================================================
DAG File Processing Stats

File Path                                   PID    Runtime      # DAGs    # Errors  Last Runtime    Last Run
------------------------------------------  -----  ---------  --------  ----------  --------------  -------------------
/opt/airflow/dags/daily_scrape_and_load.py                           1           0  1.86s           2026-08-15T16:02:26
================================================================================
[2026-08-15T16:03:26.072+0000] {manager.py:878} INFO - 
================================================================================
DAG File Processing Stats

File Path                                   PID    Runtime      # DAGs    # Errors  Last Runtime    Last Run
------------------------------------------  -----  ---------  --------  ----------  --------------  -------------------
/opt/airflow/dags/daily_scrape_and_load.py                           1           0  1.84s           2026-08-15T16:02:58
================================================================================
[2026-08-15T16:03:56.379+0000] {manager.py:878} INFO - 
================================================================================
DAG File Processing Stats

File Path                                   PID    Runtime      # DAGs    # Errors  Last Runtime    Last Run
------------------------------------------  -----  ---------  --------  ----------  --------------  -------------------
/opt/airflow/dags/daily_scrape_and_load.py                           1           0  2.05s           2026-08-15T16:03:31
================================================================================
[2026-08-15T16:04:05.217+0000] {manager.py:737} INFO - Searching for files in /opt/airflow/dags
[2026-08-15T16:04:05.251+0000] {manager.py:740} INFO - There are 1 files in /opt/airflow/dags
[2026-08-15T16:04:26.397+0000] {manager.py:878} INFO - 
================================================================================
DAG File Processing Stats

File Path                                   PID    Runtime      # DAGs    # Errors  Last Runtime    Last Run
------------------------------------------  -----  ---------  --------  ----------  --------------  -------------------
/opt/airflow/dags/daily_scrape_and_load.py                           1           0  1.73s           2026-08-15T16:04:03
================================================================================
[2026-08-15T16:04:56.474+0000] {manager.py:878} INFO - 
================================================================================
DAG File Processing Stats

File Path                                   PID    Runtime      # DAGs    # Errors  Last Runtime    Last Run
------------------------------------------  -----  ---------  --------  ----------  --------------  -------------------
/opt/airflow/dags/daily_scrape_and_load.py                           1           0  0.84s           2026-08-15T16:04:34
================================================================================
[2026-08-15T16:05:26.641+0000] {manager.py:878} INFO - 
================================================================================
DAG File Processing Stats

File Path                                   PID    Runtime      # DAGs    # Errors  Last Runtime    Last Run
------------------------------------------  -----  ---------  --------  ----------  --------------  -------------------
/opt/airflow/dags/daily_scrape_and_load.py                           1           0  0.89s           2026-08-15T16:05:05
================================================================================
[2026-08-15T16:05:56.938+0000] {manager.py:878} INFO - 
================================================================================
DAG File Processing Stats

File Path                                   PID    Runtime      # DAGs    # Errors  Last Runtime    Last Run
------------------------------------------  -----  ---------  --------  ----------  --------------  -------------------
/opt/airflow/dags/daily_scrape_and_load.py                           1           0  1.13s           2026-08-15T16:05:36
================================================================================
[2026-08-15T16:06:27.074+0000] {manager.py:878} INFO - 
================================================================================
DAG File Processing Stats

File Path                                   PID    Runtime      # DAGs    # Errors  Last Runtime    Last Run
------------------------------------------  -----  ---------  --------  ----------  --------------  -------------------
/opt/airflow/dags/daily_scrape_and_load.py                           1           0  0.82s           2026-08-15T16:06:07
================================================================================
[2026-08-15T16:06:57.343+0000] {manager.py:878} INFO - 
================================================================================
DAG File Processing Stats

File Path                                   PID    Runtime      # DAGs    # Errors  Last Runtime    Last Run
------------------------------------------  -----  ---------  --------  ----------  --------------  -------------------
/opt/airflow/dags/daily_scrape_and_load.py                           1           0  1.15s           2026-08-15T16:06:39
================================================================================
[2026-08-15T16:07:27.403+0000] {manager.py:878} INFO - 
================================================================================
DAG File Processing Stats

File Path                                   PID    Runtime      # DAGs    # Errors  Last Runtime    Last Run
------------------------------------------  -----  ---------  --------  ----------  --------------  -------------------
/opt/airflow/dags/daily_scrape_and_load.py                           1           0  0.77s           2026-08-15T16:07:10
================================================================================
[2026-08-15T16:07:57.470+0000] {manager.py:878} INFO - 
================================================================================
DAG File Processing Stats

File Path                                   PID    Runtime      # DAGs    # Errors  Last Runtime    Last Run
------------------------------------------  -----  ---------  --------  ----------  --------------  -------------------
/opt/airflow/dags/daily_scrape_and_load.py                           1           0  0.80s           2026-08-15T16:07:41
================================================================================
[2026-08-15T16:08:27.494+0000] {manager.py:878} INFO - 
================================================================================
DAG File Processing Stats

File Path                                   PID    Runtime      # DAGs    # Errors  Last Runtime    Last Run
------------------------------------------  -----  ---------  --------  ----------  --------------  -------------------
/opt/airflow/dags/daily_scrape_and_load.py                           1           0  0.78s           2026-08-15T16:08:12
================================================================================
[2026-08-15T16:08:57.662+0000] {manager.py:878} INFO - 
================================================================================
DAG File Processing Stats

File Path                                   PID    Runtime      # DAGs    # Errors  Last Runtime    Last Run
------------------------------------------  -----  ---------  --------  ----------  --------------  -------------------
/opt/airflow/dags/daily_scrape_and_load.py                           1           0  0.92s           2026-08-15T16:08:43
================================================================================
[2026-08-15T16:09:05.495+0000] {manager.py:737} INFO - Searching for files in /opt/airflow/dags
[2026-08-15T16:09:05.527+0000] {manager.py:740} INFO - There are 1 files in /opt/airflow/dags
[2026-08-15T16:09:27.766+0000] {manager.py:878} INFO - 
================================================================================
DAG File Processing Stats

File Path                                   PID    Runtime      # DAGs    # Errors  Last Runtime    Last Run
------------------------------------------  -----  ---------  --------  ----------  --------------  -------------------
/opt/airflow/dags/daily_scrape_and_load.py                           1           0  1.04s           2026-08-15T16:09:14
================================================================================
[2026-08-15T16:09:58.049+0000] {manager.py:878} INFO - 
================================================================================
DAG File Processing Stats

File Path                                   PID    Runtime      # DAGs    # Errors  Last Runtime    Last Run
------------------------------------------  -----  ---------  --------  ----------  --------------  -------------------
/opt/airflow/dags/daily_scrape_and_load.py                           1           0  0.96s           2026-08-15T16:09:45
================================================================================
[2026-08-15T16:10:28.132+0000] {manager.py:878} INFO - 
================================================================================
DAG File Processing Stats

File Path                                   PID    Runtime      # DAGs    # Errors  Last Runtime    Last Run
------------------------------------------  -----  ---------  --------  ----------  --------------  -------------------
/opt/airflow/dags/daily_scrape_and_load.py                           1           0  0.88s           2026-08-15T16:10:17
================================================================================
[2026-08-15T16:10:58.278+0000] {manager.py:878} INFO - 
================================================================================
DAG File Processing Stats

File Path                                   PID    Runtime      # DAGs    # Errors  Last Runtime    Last Run
------------------------------------------  -----  ---------  --------  ----------  --------------  -------------------
/opt/airflow/dags/daily_scrape_and_load.py                           1           0  0.96s           2026-08-15T16:10:48
================================================================================
[2026-08-15T16:11:28.674+0000] {manager.py:878} INFO - 
================================================================================
DAG File Processing Stats

File Path                                   PID    Runtime      # DAGs    # Errors  Last Runtime    Last Run
------------------------------------------  -----  ---------  --------  ----------  --------------  -------------------
/opt/airflow/dags/daily_scrape_and_load.py                           1           0  3.06s           2026-08-15T16:11:21
================================================================================
[2026-08-15T16:11:58.986+0000] {manager.py:878} INFO - 
================================================================================
DAG File Processing Stats

File Path                                   PID    Runtime      # DAGs    # Errors  Last Runtime    Last Run
------------------------------------------  -----  ---------  --------  ----------  --------------  -------------------
/opt/airflow/dags/daily_scrape_and_load.py                           1           0  1.45s           2026-08-15T16:11:53
================================================================================
[2026-08-15T16:12:29.633+0000] {manager.py:878} INFO - 
================================================================================
DAG File Processing Stats

File Path                                   PID    Runtime      # DAGs    # Errors  Last Runtime    Last Run
------------------------------------------  -----  ---------  --------  ----------  --------------  -------------------
/opt/airflow/dags/daily_scrape_and_load.py                           1           0  1.26s           2026-08-15T16:12:24
================================================================================
[2026-08-15T16:13:00.072+0000] {manager.py:878} INFO - 
================================================================================
DAG File Processing Stats

File Path                                   PID    Runtime      # DAGs    # Errors  Last Runtime    Last Run
------------------------------------------  -----  ---------  --------  ----------  --------------  -------------------
/opt/airflow/dags/daily_scrape_and_load.py                           1           0  1.46s           2026-08-15T16:12:56
================================================================================
[2026-08-15T16:13:30.301+0000] {manager.py:878} INFO - 
================================================================================
DAG File Processing Stats

File Path                                     PID  Runtime      # DAGs    # Errors  Last Runtime    Last Run
------------------------------------------  -----  ---------  --------  ----------  --------------  -------------------
/opt/airflow/dags/daily_scrape_and_load.py   2012  3.06s             1           0  1.46s           2026-08-15T16:12:56
================================================================================
[2026-08-15T16:14:00.812+0000] {manager.py:878} INFO - 
================================================================================
DAG File Processing Stats

File Path                                   PID    Runtime      # DAGs    # Errors  Last Runtime    Last Run
------------------------------------------  -----  ---------  --------  ----------  --------------  -------------------
/opt/airflow/dags/daily_scrape_and_load.py                           1           0  3.64s           2026-08-15T16:13:30
================================================================================
[2026-08-15T16:14:05.863+0000] {manager.py:737} INFO - Searching for files in /opt/airflow/dags
[2026-08-15T16:14:05.912+0000] {manager.py:740} INFO - There are 1 files in /opt/airflow/dags
[2026-08-15T16:14:31.231+0000] {manager.py:878} INFO - 
================================================================================
DAG File Processing Stats

File Path                                   PID    Runtime      # DAGs    # Errors  Last Runtime    Last Run
------------------------------------------  -----  ---------  --------  ----------  --------------  -------------------
/opt/airflow/dags/daily_scrape_and_load.py                           1           0  4.72s           2026-08-15T16:14:05
================================================================================
[2026-08-15T16:15:02.079+0000] {manager.py:878} INFO - 
================================================================================
DAG File Processing Stats

File Path                                   PID    Runtime      # DAGs    # Errors  Last Runtime    Last Run
------------------------------------------  -----  ---------  --------  ----------  --------------  -------------------
/opt/airflow/dags/daily_scrape_and_load.py                           1           0  1.56s           2026-08-15T16:14:37
================================================================================
[2026-08-15T16:15:32.559+0000] {manager.py:878} INFO - 
================================================================================
DAG File Processing Stats

File Path                                   PID    Runtime      # DAGs    # Errors  Last Runtime    Last Run
------------------------------------------  -----  ---------  --------  ----------  --------------  -------------------
/opt/airflow/dags/daily_scrape_and_load.py                           1           0  2.12s           2026-08-15T16:15:10
================================================================================
[2026-08-15T16:16:02.617+0000] {manager.py:878} INFO - 
================================================================================
DAG File Processing Stats

File Path                                   PID    Runtime      # DAGs    # Errors  Last Runtime    Last Run
------------------------------------------  -----  ---------  --------  ----------  --------------  -------------------
/opt/airflow/dags/daily_scrape_and_load.py                           1           0  1.60s           2026-08-15T16:15:42
================================================================================
[2026-08-15T16:16:33.486+0000] {manager.py:878} INFO - 
================================================================================
DAG File Processing Stats

File Path                                   PID    Runtime      # DAGs    # Errors  Last Runtime    Last Run
------------------------------------------  -----  ---------  --------  ----------  --------------  -------------------
/opt/airflow/dags/daily_scrape_and_load.py                           1           0  2.53s           2026-08-15T16:16:15
================================================================================
[2026-08-15T16:17:03.677+0000] {manager.py:878} INFO - 
================================================================================
DAG File Processing Stats

File Path                                   PID    Runtime      # DAGs    # Errors  Last Runtime    Last Run
------------------------------------------  -----  ---------  --------  ----------  --------------  -------------------
/opt/airflow/dags/daily_scrape_and_load.py                           1           0  1.63s           2026-08-15T16:16:47
================================================================================
[2026-08-15T16:17:34.400+0000] {manager.py:878} INFO - 
================================================================================
DAG File Processing Stats

File Path                                   PID    Runtime      # DAGs    # Errors  Last Runtime    Last Run
------------------------------------------  -----  ---------  --------  ----------  --------------  -------------------
/opt/airflow/dags/daily_scrape_and_load.py                           1           0  5.52s           2026-08-15T16:17:23
================================================================================
[2026-08-15T16:18:04.866+0000] {manager.py:878} INFO - 
================================================================================
DAG File Processing Stats

File Path                                   PID    Runtime      # DAGs    # Errors  Last Runtime    Last Run
------------------------------------------  -----  ---------  --------  ----------  --------------  -------------------
/opt/airflow/dags/daily_scrape_and_load.py                           1           0  1.59s           2026-08-15T16:17:55
================================================================================
[2026-08-15T16:18:34.992+0000] {manager.py:878} INFO - 
================================================================================
DAG File Processing Stats

File Path                                   PID    Runtime      # DAGs    # Errors  Last Runtime    Last Run
------------------------------------------  -----  ---------  --------  ----------  --------------  -------------------
/opt/airflow/dags/daily_scrape_and_load.py                           1           0  2.29s           2026-08-15T16:18:27
================================================================================
[2026-08-15T16:19:05.441+0000] {manager.py:878} INFO - 
================================================================================
DAG File Processing Stats

File Path                                   PID    Runtime      # DAGs    # Errors  Last Runtime    Last Run
------------------------------------------  -----  ---------  --------  ----------  --------------  -------------------
/opt/airflow/dags/daily_scrape_and_load.py                           1           0  2.70s           2026-08-15T16:19:00
================================================================================
[2026-08-15T16:19:06.460+0000] {manager.py:737} INFO - Searching for files in /opt/airflow/dags
[2026-08-15T16:19:06.574+0000] {manager.py:740} INFO - There are 1 files in /opt/airflow/dags
[2026-08-15T16:19:35.442+0000] {manager.py:878} INFO - 
================================================================================
DAG File Processing Stats

File Path                                   PID    Runtime      # DAGs    # Errors  Last Runtime    Last Run
------------------------------------------  -----  ---------  --------  ----------  --------------  -------------------
/opt/airflow/dags/daily_scrape_and_load.py                           1           0  2.36s           2026-08-15T16:19:33
================================================================================
[2026-08-15T16:20:05.737+0000] {manager.py:878} INFO - 
================================================================================
DAG File Processing Stats

File Path                                     PID  Runtime      # DAGs    # Errors  Last Runtime    Last Run
------------------------------------------  -----  ---------  --------  ----------  --------------  -------------------
/opt/airflow/dags/daily_scrape_and_load.py   2084  2.07s             1           0  2.36s           2026-08-15T16:19:33
================================================================================
[2026-08-15T16:20:35.790+0000] {manager.py:878} INFO - 
================================================================================
DAG File Processing Stats

File Path                                   PID    Runtime      # DAGs    # Errors  Last Runtime    Last Run
------------------------------------------  -----  ---------  --------  ----------  --------------  -------------------
/opt/airflow/dags/daily_scrape_and_load.py                           1           0  2.69s           2026-08-15T16:20:06
================================================================================
[2026-08-15T16:21:06.242+0000] {manager.py:878} INFO - 
================================================================================
DAG File Processing Stats

File Path                                   PID    Runtime      # DAGs    # Errors  Last Runtime    Last Run
------------------------------------------  -----  ---------  --------  ----------  --------------  -------------------
/opt/airflow/dags/daily_scrape_and_load.py                           1           0  2.16s           2026-08-15T16:20:39
================================================================================
[2026-08-15T16:21:36.757+0000] {manager.py:878} INFO - 
================================================================================
DAG File Processing Stats

File Path                                   PID    Runtime      # DAGs    # Errors  Last Runtime    Last Run
------------------------------------------  -----  ---------  --------  ----------  --------------  -------------------
/opt/airflow/dags/daily_scrape_and_load.py                           1           0  2.02s           2026-08-15T16:21:11
================================================================================
[2026-08-15T16:22:07.238+0000] {manager.py:878} INFO - 
================================================================================
DAG File Processing Stats

File Path                                   PID    Runtime      # DAGs    # Errors  Last Runtime    Last Run
------------------------------------------  -----  ---------  --------  ----------  --------------  -------------------
/opt/airflow/dags/daily_scrape_and_load.py                           1           0  2.17s           2026-08-15T16:21:44
================================================================================
[2026-08-15T16:22:37.397+0000] {manager.py:878} INFO - 
================================================================================
DAG File Processing Stats

File Path                                   PID    Runtime      # DAGs    # Errors  Last Runtime    Last Run
------------------------------------------  -----  ---------  --------  ----------  --------------  -------------------
/opt/airflow/dags/daily_scrape_and_load.py                           1           0  2.65s           2026-08-15T16:22:17
================================================================================
[2026-08-15T16:23:08.137+0000] {manager.py:878} INFO - 
================================================================================
DAG File Processing Stats

File Path                                   PID    Runtime      # DAGs    # Errors  Last Runtime    Last Run
------------------------------------------  -----  ---------  --------  ----------  --------------  -------------------
/opt/airflow/dags/daily_scrape_and_load.py                           1           0  2.79s           2026-08-15T16:22:50
================================================================================
[2026-08-15T16:23:38.807+0000] {manager.py:878} INFO - 
================================================================================
DAG File Processing Stats

File Path                                   PID    Runtime      # DAGs    # Errors  Last Runtime    Last Run
------------------------------------------  -----  ---------  --------  ----------  --------------  -------------------
/opt/airflow/dags/daily_scrape_and_load.py                           1           0  10.33s          2026-08-15T16:23:30
================================================================================
[2026-08-15T16:24:06.488+0000] {manager.py:737} INFO - Searching for files in /opt/airflow/dags
[2026-08-15T16:24:06.528+0000] {manager.py:740} INFO - There are 1 files in /opt/airflow/dags
[2026-08-15T16:24:09.612+0000] {manager.py:878} INFO - 
================================================================================
DAG File Processing Stats

File Path                                   PID    Runtime      # DAGs    # Errors  Last Runtime    Last Run
------------------------------------------  -----  ---------  --------  ----------  --------------  -------------------
/opt/airflow/dags/daily_scrape_and_load.py                           1           0  2.39s           2026-08-15T16:24:03
================================================================================
[2026-08-15T16:24:40.040+0000] {manager.py:878} INFO - 
================================================================================
DAG File Processing Stats

File Path                                   PID    Runtime      # DAGs    # Errors  Last Runtime    Last Run
------------------------------------------  -----  ---------  --------  ----------  --------------  -------------------
/opt/airflow/dags/daily_scrape_and_load.py                           1           0  1.99s           2026-08-15T16:24:35
================================================================================
[2026-08-15T16:25:10.581+0000] {manager.py:878} INFO - 
================================================================================
DAG File Processing Stats

File Path                                   PID    Runtime      # DAGs    # Errors  Last Runtime    Last Run
------------------------------------------  -----  ---------  --------  ----------  --------------  -------------------
/opt/airflow/dags/daily_scrape_and_load.py                           1           0  3.44s           2026-08-15T16:25:09
================================================================================
[2026-08-15T16:25:41.077+0000] {manager.py:878} INFO - 
================================================================================
DAG File Processing Stats

File Path                                     PID  Runtime      # DAGs    # Errors  Last Runtime    Last Run
------------------------------------------  -----  ---------  --------  ----------  --------------  -------------------
/opt/airflow/dags/daily_scrape_and_load.py   2144  1.04s             1           0  3.44s           2026-08-15T16:25:09
================================================================================
[2026-08-15T16:26:11.524+0000] {manager.py:878} INFO - 
================================================================================
DAG File Processing Stats

File Path                                   PID    Runtime      # DAGs    # Errors  Last Runtime    Last Run
------------------------------------------  -----  ---------  --------  ----------  --------------  -------------------
/opt/airflow/dags/daily_scrape_and_load.py                           1           0  2.31s           2026-08-15T16:25:42
================================================================================
[2026-08-15T16:26:42.053+0000] {manager.py:878} INFO - 
================================================================================
DAG File Processing Stats

File Path                                   PID    Runtime      # DAGs    # Errors  Last Runtime    Last Run
------------------------------------------  -----  ---------  --------  ----------  --------------  -------------------
/opt/airflow/dags/daily_scrape_and_load.py                           1           0  2.60s           2026-08-15T16:26:15
================================================================================
[2026-08-15T16:27:12.560+0000] {manager.py:878} INFO - 
================================================================================
DAG File Processing Stats

File Path                                   PID    Runtime      # DAGs    # Errors  Last Runtime    Last Run
------------------------------------------  -----  ---------  --------  ----------  --------------  -------------------
/opt/airflow/dags/daily_scrape_and_load.py                           1           0  3.71s           2026-08-15T16:26:49
================================================================================
[2026-08-15T16:27:42.766+0000] {manager.py:878} INFO - 
================================================================================
DAG File Processing Stats

File Path                                   PID    Runtime      # DAGs    # Errors  Last Runtime    Last Run
------------------------------------------  -----  ---------  --------  ----------  --------------  -------------------
/opt/airflow/dags/daily_scrape_and_load.py                           1           0  2.86s           2026-08-15T16:27:22
================================================================================
[2026-08-15T16:28:12.945+0000] {manager.py:878} INFO - 
================================================================================
DAG File Processing Stats

File Path                                   PID    Runtime      # DAGs    # Errors  Last Runtime    Last Run
------------------------------------------  -----  ---------  --------  ----------  --------------  -------------------
/opt/airflow/dags/daily_scrape_and_load.py                           1           0  1.79s           2026-08-15T16:27:54
================================================================================
[2026-08-15T16:28:43.315+0000] {manager.py:878} INFO - 
================================================================================
DAG File Processing Stats

File Path                                   PID    Runtime      # DAGs    # Errors  Last Runtime    Last Run
------------------------------------------  -----  ---------  --------  ----------  --------------  -------------------
/opt/airflow/dags/daily_scrape_and_load.py                           1           0  2.38s           2026-08-15T16:28:27
================================================================================
[2026-08-15T16:29:06.667+0000] {manager.py:737} INFO - Searching for files in /opt/airflow/dags
[2026-08-15T16:29:06.780+0000] {manager.py:740} INFO - There are 1 files in /opt/airflow/dags
[2026-08-15T16:29:13.917+0000] {manager.py:878} INFO - 
================================================================================
DAG File Processing Stats

File Path                                   PID    Runtime      # DAGs    # Errors  Last Runtime    Last Run
------------------------------------------  -----  ---------  --------  ----------  --------------  -------------------
/opt/airflow/dags/daily_scrape_and_load.py                           1           0  2.15s           2026-08-15T16:28:59
================================================================================
[2026-08-15T16:29:44.230+0000] {manager.py:878} INFO - 
================================================================================
DAG File Processing Stats

File Path                                   PID    Runtime      # DAGs    # Errors  Last Runtime    Last Run
------------------------------------------  -----  ---------  --------  ----------  --------------  -------------------
/opt/airflow/dags/daily_scrape_and_load.py                           1           0  2.90s           2026-08-15T16:29:33
================================================================================
[2026-08-15T16:30:14.519+0000] {manager.py:878} INFO - 
================================================================================
DAG File Processing Stats

File Path                                   PID    Runtime      # DAGs    # Errors  Last Runtime    Last Run
------------------------------------------  -----  ---------  --------  ----------  --------------  -------------------
/opt/airflow/dags/daily_scrape_and_load.py                           1           0  1.78s           2026-08-15T16:30:05
================================================================================
[2026-08-15T16:30:45.030+0000] {manager.py:878} INFO - 
================================================================================
DAG File Processing Stats

File Path                                   PID    Runtime      # DAGs    # Errors  Last Runtime    Last Run
------------------------------------------  -----  ---------  --------  ----------  --------------  -------------------
/opt/airflow/dags/daily_scrape_and_load.py                           1           0  2.02s           2026-08-15T16:30:37
================================================================================
[2026-08-15T16:31:15.107+0000] {manager.py:878} INFO - 
================================================================================
DAG File Processing Stats

File Path                                   PID    Runtime      # DAGs    # Errors  Last Runtime    Last Run
------------------------------------------  -----  ---------  --------  ----------  --------------  -------------------
/opt/airflow/dags/daily_scrape_and_load.py                           1           0  1.59s           2026-08-15T16:31:10
================================================================================
[2026-08-15T16:31:45.233+0000] {manager.py:878} INFO - 
================================================================================
DAG File Processing Stats

File Path                                   PID    Runtime      # DAGs    # Errors  Last Runtime    Last Run
------------------------------------------  -----  ---------  --------  ----------  --------------  -------------------
/opt/airflow/dags/daily_scrape_and_load.py                           1           0  2.69s           2026-08-15T16:31:43
================================================================================
[2026-08-15T16:32:15.382+0000] {manager.py:878} INFO - 
================================================================================
DAG File Processing Stats

File Path                                     PID  Runtime      # DAGs    # Errors  Last Runtime    Last Run
------------------------------------------  -----  ---------  --------  ----------  --------------  -------------------
/opt/airflow/dags/daily_scrape_and_load.py   2216  2.05s             1           0  2.69s           2026-08-15T16:31:43
================================================================================
[2026-08-15T16:32:46.091+0000] {manager.py:878} INFO - 
================================================================================
DAG File Processing Stats

File Path                                     PID  Runtime      # DAGs    # Errors  Last Runtime    Last Run
------------------------------------------  -----  ---------  --------  ----------  --------------  -------------------
/opt/airflow/dags/daily_scrape_and_load.py   2222  0.03s             1           0  2.41s           2026-08-15T16:32:15
================================================================================
[2026-08-15T16:33:16.653+0000] {manager.py:878} INFO - 
================================================================================
DAG File Processing Stats

File Path                                   PID    Runtime      # DAGs    # Errors  Last Runtime    Last Run
------------------------------------------  -----  ---------  --------  ----------  --------------  -------------------
/opt/airflow/dags/daily_scrape_and_load.py                           1           0  2.24s           2026-08-15T16:32:48
================================================================================
[2026-08-15T16:33:47.041+0000] {manager.py:878} INFO - 
================================================================================
DAG File Processing Stats

File Path                                   PID    Runtime      # DAGs    # Errors  Last Runtime    Last Run
------------------------------------------  -----  ---------  --------  ----------  --------------  -------------------
/opt/airflow/dags/daily_scrape_and_load.py                           1           0  2.73s           2026-08-15T16:33:21
================================================================================
[2026-08-15T16:34:06.990+0000] {manager.py:737} INFO - Searching for files in /opt/airflow/dags
[2026-08-15T16:34:07.014+0000] {manager.py:740} INFO - There are 1 files in /opt/airflow/dags
[2026-08-15T16:34:17.113+0000] {manager.py:878} INFO - 
================================================================================
DAG File Processing Stats

File Path                                   PID    Runtime      # DAGs    # Errors  Last Runtime    Last Run
------------------------------------------  -----  ---------  --------  ----------  --------------  -------------------
/opt/airflow/dags/daily_scrape_and_load.py                           1           0  1.12s           2026-08-15T16:33:52
================================================================================
[2026-08-15T16:34:47.520+0000] {manager.py:878} INFO - 
================================================================================
DAG File Processing Stats

File Path                                   PID    Runtime      # DAGs    # Errors  Last Runtime    Last Run
------------------------------------------  -----  ---------  --------  ----------  --------------  -------------------
/opt/airflow/dags/daily_scrape_and_load.py                           1           0  1.08s           2026-08-15T16:34:24
================================================================================
